/Users/pranav/Projects/Professional/College/DS340W/SETCN/train.py:58: FutureWarning: Setting an item of incompatible dtype is deprecated and will raise in a future error of pandas. Value '[-0.48818663 -0.48818663 -0.48818663 ... -0.48818663  2.0483968
  2.0483968 ]' has dtype incompatible with int64, please explicitly cast to a compatible dtype first.
  transformed.loc[:, feature_columns] = (values - self.mean) / self.std
/Users/pranav/Projects/Professional/College/DS340W/SETCN/train.py:58: FutureWarning: Setting an item of incompatible dtype is deprecated and will raise in a future error of pandas. Value '[0.70069927 0.70069927 0.70069927 ... 0.70069927 0.70069927 0.70069927]' has dtype incompatible with int64, please explicitly cast to a compatible dtype first.
  transformed.loc[:, feature_columns] = (values - self.mean) / self.std
/Users/pranav/Projects/Professional/College/DS340W/SETCN/train.py:58: FutureWarning: Setting an item of incompatible dtype is deprecated and will raise in a future error of pandas. Value '[-0.56099504 -0.56099504 -0.56099504 ... -0.56099504 -0.56099504
 -0.56099504]' has dtype incompatible with int64, please explicitly cast to a compatible dtype first.
  transformed.loc[:, feature_columns] = (values - self.mean) / self.std
/Users/pranav/Projects/Professional/College/DS340W/SETCN/train.py:58: FutureWarning: Setting an item of incompatible dtype is deprecated and will raise in a future error of pandas. Value '[ 3.0840073  3.0840073  3.0840073 ... -0.3242534 -0.3242534 -0.3242534]' has dtype incompatible with int64, please explicitly cast to a compatible dtype first.
  transformed.loc[:, feature_columns] = (values - self.mean) / self.std
/Users/pranav/Projects/Professional/College/DS340W/SETCN/train.py:58: FutureWarning: Setting an item of incompatible dtype is deprecated and will raise in a future error of pandas. Value '[-0.48818663 -0.48818663 -0.48818663 ... -0.48818663 -0.48818663
 -0.48818663]' has dtype incompatible with int64, please explicitly cast to a compatible dtype first.
  transformed.loc[:, feature_columns] = (values - self.mean) / self.std
/Users/pranav/Projects/Professional/College/DS340W/SETCN/train.py:58: FutureWarning: Setting an item of incompatible dtype is deprecated and will raise in a future error of pandas. Value '[-1.4271456  -1.4271456  -1.4271456  ...  0.70069927  0.70069927
  0.70069927]' has dtype incompatible with int64, please explicitly cast to a compatible dtype first.
  transformed.loc[:, feature_columns] = (values - self.mean) / self.std
/Users/pranav/Projects/Professional/College/DS340W/SETCN/train.py:58: FutureWarning: Setting an item of incompatible dtype is deprecated and will raise in a future error of pandas. Value '[-0.56099504 -0.56099504 -0.56099504 ... -0.56099504 -0.56099504
 -0.56099504]' has dtype incompatible with int64, please explicitly cast to a compatible dtype first.
  transformed.loc[:, feature_columns] = (values - self.mean) / self.std
/Users/pranav/Projects/Professional/College/DS340W/SETCN/train.py:58: FutureWarning: Setting an item of incompatible dtype is deprecated and will raise in a future error of pandas. Value '[-0.3242534  3.0840073 -0.3242534 ... -0.3242534 -0.3242534 -0.3242534]' has dtype incompatible with int64, please explicitly cast to a compatible dtype first.
  transformed.loc[:, feature_columns] = (values - self.mean) / self.std
/Users/pranav/Projects/Professional/College/DS340W/SETCN/train.py:58: FutureWarning: Setting an item of incompatible dtype is deprecated and will raise in a future error of pandas. Value '[-0.48818663 -0.48818663 -0.48818663 ... -0.48818663 -0.48818663
  2.0483968 ]' has dtype incompatible with int64, please explicitly cast to a compatible dtype first.
  transformed.loc[:, feature_columns] = (values - self.mean) / self.std
/Users/pranav/Projects/Professional/College/DS340W/SETCN/train.py:58: FutureWarning: Setting an item of incompatible dtype is deprecated and will raise in a future error of pandas. Value '[-1.4271456  -1.4271456  -1.4271456  ...  0.70069927  0.70069927
  0.70069927]' has dtype incompatible with int64, please explicitly cast to a compatible dtype first.
  transformed.loc[:, feature_columns] = (values - self.mean) / self.std
/Users/pranav/Projects/Professional/College/DS340W/SETCN/train.py:58: FutureWarning: Setting an item of incompatible dtype is deprecated and will raise in a future error of pandas. Value '[-0.56099504 -0.56099504 -0.56099504 ... -0.56099504 -0.56099504
 -0.56099504]' has dtype incompatible with int64, please explicitly cast to a compatible dtype first.
  transformed.loc[:, feature_columns] = (values - self.mean) / self.std
/Users/pranav/Projects/Professional/College/DS340W/SETCN/train.py:58: FutureWarning: Setting an item of incompatible dtype is deprecated and will raise in a future error of pandas. Value '[ 3.0840073  3.0840073 -0.3242534 ... -0.3242534 -0.3242534 -0.3242534]' has dtype incompatible with int64, please explicitly cast to a compatible dtype first.
  transformed.loc[:, feature_columns] = (values - self.mean) / self.std
/Users/pranav/Projects/Professional/College/DS340W/SETCN/train.py:58: FutureWarning: Setting an item of incompatible dtype is deprecated and will raise in a future error of pandas. Value '[-0.48818663 -0.48818663 -0.48818663 ... -0.48818663 -0.48818663
 -0.48818663]' has dtype incompatible with int64, please explicitly cast to a compatible dtype first.
  transformed.loc[:, feature_columns] = (values - self.mean) / self.std
/Users/pranav/Projects/Professional/College/DS340W/SETCN/train.py:58: FutureWarning: Setting an item of incompatible dtype is deprecated and will raise in a future error of pandas. Value '[-1.4271456  -1.4271456  -1.4271456  ...  0.70069927  0.70069927
  0.70069927]' has dtype incompatible with int64, please explicitly cast to a compatible dtype first.
  transformed.loc[:, feature_columns] = (values - self.mean) / self.std
/Users/pranav/Projects/Professional/College/DS340W/SETCN/train.py:58: FutureWarning: Setting an item of incompatible dtype is deprecated and will raise in a future error of pandas. Value '[-0.56099504 -0.56099504 -0.56099504 ... -0.56099504 -0.56099504
 -0.56099504]' has dtype incompatible with int64, please explicitly cast to a compatible dtype first.
  transformed.loc[:, feature_columns] = (values - self.mean) / self.std
/Users/pranav/Projects/Professional/College/DS340W/SETCN/train.py:58: FutureWarning: Setting an item of incompatible dtype is deprecated and will raise in a future error of pandas. Value '[-0.3242534 -0.3242534 -0.3242534 ... -0.3242534 -0.3242534 -0.3242534]' has dtype incompatible with int64, please explicitly cast to a compatible dtype first.
  transformed.loc[:, feature_columns] = (values - self.mean) / self.std
/Users/pranav/Projects/Professional/College/DS340W/SETCN/train.py:58: FutureWarning: Setting an item of incompatible dtype is deprecated and will raise in a future error of pandas. Value '[-0.48818663 -0.48818663 -0.48818663 ... -0.48818663 -0.48818663
 -0.48818663]' has dtype incompatible with int64, please explicitly cast to a compatible dtype first.
  transformed.loc[:, feature_columns] = (values - self.mean) / self.std
/Users/pranav/Projects/Professional/College/DS340W/SETCN/train.py:58: FutureWarning: Setting an item of incompatible dtype is deprecated and will raise in a future error of pandas. Value '[-1.4271456  -1.4271456  -1.4271456  ...  0.70069927  0.70069927
  0.70069927]' has dtype incompatible with int64, please explicitly cast to a compatible dtype first.
  transformed.loc[:, feature_columns] = (values - self.mean) / self.std
/Users/pranav/Projects/Professional/College/DS340W/SETCN/train.py:58: FutureWarning: Setting an item of incompatible dtype is deprecated and will raise in a future error of pandas. Value '[-0.56099504 -0.56099504 -0.56099504 ... -0.56099504 -0.56099504
 -0.56099504]' has dtype incompatible with int64, please explicitly cast to a compatible dtype first.
  transformed.loc[:, feature_columns] = (values - self.mean) / self.std
/Users/pranav/Projects/Professional/College/DS340W/SETCN/train.py:58: FutureWarning: Setting an item of incompatible dtype is deprecated and will raise in a future error of pandas. Value '[-0.3242534 -0.3242534 -0.3242534 ... -0.3242534 -0.3242534 -0.3242534]' has dtype incompatible with int64, please explicitly cast to a compatible dtype first.
  transformed.loc[:, feature_columns] = (values - self.mean) / self.std
/Users/pranav/Projects/Professional/College/DS340W/SETCN/train.py:58: FutureWarning: Setting an item of incompatible dtype is deprecated and will raise in a future error of pandas. Value '[-0.48818663 -0.48818663  2.0483968  ... -0.48818663 -0.48818663
 -0.48818663]' has dtype incompatible with int64, please explicitly cast to a compatible dtype first.
  transformed.loc[:, feature_columns] = (values - self.mean) / self.std
/Users/pranav/Projects/Professional/College/DS340W/SETCN/train.py:58: FutureWarning: Setting an item of incompatible dtype is deprecated and will raise in a future error of pandas. Value '[-1.4271456  -1.4271456  -1.4271456  ...  0.70069927  0.70069927
  0.70069927]' has dtype incompatible with int64, please explicitly cast to a compatible dtype first.
  transformed.loc[:, feature_columns] = (values - self.mean) / self.std
/Users/pranav/Projects/Professional/College/DS340W/SETCN/train.py:58: FutureWarning: Setting an item of incompatible dtype is deprecated and will raise in a future error of pandas. Value '[-0.56099504 -0.56099504 -0.56099504 ... -0.56099504 -0.56099504
 -0.56099504]' has dtype incompatible with int64, please explicitly cast to a compatible dtype first.
  transformed.loc[:, feature_columns] = (values - self.mean) / self.std
/Users/pranav/Projects/Professional/College/DS340W/SETCN/train.py:58: FutureWarning: Setting an item of incompatible dtype is deprecated and will raise in a future error of pandas. Value '[ 3.0840073  3.0840073  3.0840073 ... -0.3242534 -0.3242534 -0.3242534]' has dtype incompatible with int64, please explicitly cast to a compatible dtype first.
  transformed.loc[:, feature_columns] = (values - self.mean) / self.std
/Users/pranav/Projects/Professional/College/DS340W/SETCN/train.py:58: FutureWarning: Setting an item of incompatible dtype is deprecated and will raise in a future error of pandas. Value '[-0.48818663 -0.48818663 -0.48818663 ... -0.48818663 -0.48818663
  2.0483968 ]' has dtype incompatible with int64, please explicitly cast to a compatible dtype first.
  transformed.loc[:, feature_columns] = (values - self.mean) / self.std
/Users/pranav/Projects/Professional/College/DS340W/SETCN/train.py:58: FutureWarning: Setting an item of incompatible dtype is deprecated and will raise in a future error of pandas. Value '[-1.4271456  -1.4271456  -1.4271456  ...  0.70069927  0.70069927
  0.70069927]' has dtype incompatible with int64, please explicitly cast to a compatible dtype first.
  transformed.loc[:, feature_columns] = (values - self.mean) / self.std
/Users/pranav/Projects/Professional/College/DS340W/SETCN/train.py:58: FutureWarning: Setting an item of incompatible dtype is deprecated and will raise in a future error of pandas. Value '[-0.56099504 -0.56099504 -0.56099504 ... -0.56099504 -0.56099504
 -0.56099504]' has dtype incompatible with int64, please explicitly cast to a compatible dtype first.
  transformed.loc[:, feature_columns] = (values - self.mean) / self.std
/Users/pranav/Projects/Professional/College/DS340W/SETCN/train.py:58: FutureWarning: Setting an item of incompatible dtype is deprecated and will raise in a future error of pandas. Value '[-0.3242534 -0.3242534 -0.3242534 ... -0.3242534 -0.3242534 -0.3242534]' has dtype incompatible with int64, please explicitly cast to a compatible dtype first.
  transformed.loc[:, feature_columns] = (values - self.mean) / self.std
/Users/pranav/Projects/Professional/College/DS340W/SETCN/train.py:58: FutureWarning: Setting an item of incompatible dtype is deprecated and will raise in a future error of pandas. Value '[-0.48818663 -0.48818663 -0.48818663 ... -0.48818663 -0.48818663
 -0.48818663]' has dtype incompatible with int64, please explicitly cast to a compatible dtype first.
  transformed.loc[:, feature_columns] = (values - self.mean) / self.std
/Users/pranav/Projects/Professional/College/DS340W/SETCN/train.py:58: FutureWarning: Setting an item of incompatible dtype is deprecated and will raise in a future error of pandas. Value '[ 0.70069927  0.70069927  0.70069927 ... -1.4271456  -1.4271456
 -1.4271456 ]' has dtype incompatible with int64, please explicitly cast to a compatible dtype first.
  transformed.loc[:, feature_columns] = (values - self.mean) / self.std
/Users/pranav/Projects/Professional/College/DS340W/SETCN/train.py:58: FutureWarning: Setting an item of incompatible dtype is deprecated and will raise in a future error of pandas. Value '[-0.56099504 -0.56099504 -0.56099504 ... -0.56099504 -0.56099504
 -0.56099504]' has dtype incompatible with int64, please explicitly cast to a compatible dtype first.
  transformed.loc[:, feature_columns] = (values - self.mean) / self.std
/Users/pranav/Projects/Professional/College/DS340W/SETCN/train.py:58: FutureWarning: Setting an item of incompatible dtype is deprecated and will raise in a future error of pandas. Value '[-0.3242534 -0.3242534 -0.3242534 ... -0.3242534 -0.3242534 -0.3242534]' has dtype incompatible with int64, please explicitly cast to a compatible dtype first.
  transformed.loc[:, feature_columns] = (values - self.mean) / self.std
/Users/pranav/Projects/Professional/College/DS340W/SETCN/train.py:58: FutureWarning: Setting an item of incompatible dtype is deprecated and will raise in a future error of pandas. Value '[2.0483968 2.0483968 2.0483968 ... 2.0483968 2.0483968 2.0483968]' has dtype incompatible with int64, please explicitly cast to a compatible dtype first.
  transformed.loc[:, feature_columns] = (values - self.mean) / self.std
/Users/pranav/Projects/Professional/College/DS340W/SETCN/train.py:58: FutureWarning: Setting an item of incompatible dtype is deprecated and will raise in a future error of pandas. Value '[0.70069927 0.70069927 0.70069927 ... 0.70069927 0.70069927 0.70069927]' has dtype incompatible with int64, please explicitly cast to a compatible dtype first.
  transformed.loc[:, feature_columns] = (values - self.mean) / self.std
/Users/pranav/Projects/Professional/College/DS340W/SETCN/train.py:58: FutureWarning: Setting an item of incompatible dtype is deprecated and will raise in a future error of pandas. Value '[-0.56099504 -0.56099504 -0.56099504 ... -0.56099504 -0.56099504
 -0.56099504]' has dtype incompatible with int64, please explicitly cast to a compatible dtype first.
  transformed.loc[:, feature_columns] = (values - self.mean) / self.std
/Users/pranav/Projects/Professional/College/DS340W/SETCN/train.py:58: FutureWarning: Setting an item of incompatible dtype is deprecated and will raise in a future error of pandas. Value '[3.0840073 3.0840073 3.0840073 ... 3.0840073 3.0840073 3.0840073]' has dtype incompatible with int64, please explicitly cast to a compatible dtype first.
  transformed.loc[:, feature_columns] = (values - self.mean) / self.std
/Users/pranav/Projects/Professional/College/DS340W/SETCN/train.py:58: FutureWarning: Setting an item of incompatible dtype is deprecated and will raise in a future error of pandas. Value '[ 2.0483968   2.0483968   2.0483968  ... -0.48818663 -0.48818663
 -0.48818663]' has dtype incompatible with int64, please explicitly cast to a compatible dtype first.
  transformed.loc[:, feature_columns] = (values - self.mean) / self.std
/Users/pranav/Projects/Professional/College/DS340W/SETCN/train.py:58: FutureWarning: Setting an item of incompatible dtype is deprecated and will raise in a future error of pandas. Value '[0.70069927 0.70069927 0.70069927 ... 0.70069927 0.70069927 0.70069927]' has dtype incompatible with int64, please explicitly cast to a compatible dtype first.
  transformed.loc[:, feature_columns] = (values - self.mean) / self.std
/Users/pranav/Projects/Professional/College/DS340W/SETCN/train.py:58: FutureWarning: Setting an item of incompatible dtype is deprecated and will raise in a future error of pandas. Value '[-0.56099504 -0.56099504 -0.56099504 ... -0.56099504 -0.56099504
 -0.56099504]' has dtype incompatible with int64, please explicitly cast to a compatible dtype first.
  transformed.loc[:, feature_columns] = (values - self.mean) / self.std
/Users/pranav/Projects/Professional/College/DS340W/SETCN/train.py:58: FutureWarning: Setting an item of incompatible dtype is deprecated and will raise in a future error of pandas. Value '[ 3.0840073  3.0840073  3.0840073 ... -0.3242534 -0.3242534 -0.3242534]' has dtype incompatible with int64, please explicitly cast to a compatible dtype first.
  transformed.loc[:, feature_columns] = (values - self.mean) / self.std
/Users/pranav/Projects/Professional/College/DS340W/SETCN/train.py:58: FutureWarning: Setting an item of incompatible dtype is deprecated and will raise in a future error of pandas. Value '[-0.48818663 -0.48818663 -0.48818663 ... -0.48818663 -0.48818663
 -0.48818663]' has dtype incompatible with int64, please explicitly cast to a compatible dtype first.
  transformed.loc[:, feature_columns] = (values - self.mean) / self.std
/Users/pranav/Projects/Professional/College/DS340W/SETCN/train.py:58: FutureWarning: Setting an item of incompatible dtype is deprecated and will raise in a future error of pandas. Value '[0.70069927 0.70069927 0.70069927 ... 0.70069927 0.70069927 0.70069927]' has dtype incompatible with int64, please explicitly cast to a compatible dtype first.
  transformed.loc[:, feature_columns] = (values - self.mean) / self.std
/Users/pranav/Projects/Professional/College/DS340W/SETCN/train.py:58: FutureWarning: Setting an item of incompatible dtype is deprecated and will raise in a future error of pandas. Value '[-0.56099504 -0.56099504 -0.56099504 ... -0.56099504 -0.56099504
 -0.56099504]' has dtype incompatible with int64, please explicitly cast to a compatible dtype first.
  transformed.loc[:, feature_columns] = (values - self.mean) / self.std
/Users/pranav/Projects/Professional/College/DS340W/SETCN/train.py:58: FutureWarning: Setting an item of incompatible dtype is deprecated and will raise in a future error of pandas. Value '[ 3.0840073 -0.3242534 -0.3242534 ... -0.3242534 -0.3242534 -0.3242534]' has dtype incompatible with int64, please explicitly cast to a compatible dtype first.
  transformed.loc[:, feature_columns] = (values - self.mean) / self.std
/Users/pranav/Projects/Professional/College/DS340W/SETCN/train.py:58: FutureWarning: Setting an item of incompatible dtype is deprecated and will raise in a future error of pandas. Value '[-0.48818663 -0.48818663 -0.48818663 ... -0.48818663 -0.48818663
 -0.48818663]' has dtype incompatible with int64, please explicitly cast to a compatible dtype first.
  transformed.loc[:, feature_columns] = (values - self.mean) / self.std
/Users/pranav/Projects/Professional/College/DS340W/SETCN/train.py:58: FutureWarning: Setting an item of incompatible dtype is deprecated and will raise in a future error of pandas. Value '[-1.4271456  -1.4271456  -1.4271456  ...  0.70069927  0.70069927
  0.70069927]' has dtype incompatible with int64, please explicitly cast to a compatible dtype first.
  transformed.loc[:, feature_columns] = (values - self.mean) / self.std
/Users/pranav/Projects/Professional/College/DS340W/SETCN/train.py:58: FutureWarning: Setting an item of incompatible dtype is deprecated and will raise in a future error of pandas. Value '[-0.56099504 -0.56099504 -0.56099504 ... -0.56099504 -0.56099504
 -0.56099504]' has dtype incompatible with int64, please explicitly cast to a compatible dtype first.
  transformed.loc[:, feature_columns] = (values - self.mean) / self.std
/Users/pranav/Projects/Professional/College/DS340W/SETCN/train.py:58: FutureWarning: Setting an item of incompatible dtype is deprecated and will raise in a future error of pandas. Value '[-0.3242534 -0.3242534 -0.3242534 ... -0.3242534 -0.3242534 -0.3242534]' has dtype incompatible with int64, please explicitly cast to a compatible dtype first.
  transformed.loc[:, feature_columns] = (values - self.mean) / self.std
/Users/pranav/Projects/Professional/College/DS340W/SETCN/train.py:58: FutureWarning: Setting an item of incompatible dtype is deprecated and will raise in a future error of pandas. Value '[-0.48818663 -0.48818663 -0.48818663 ... -0.48818663 -0.48818663
 -0.48818663]' has dtype incompatible with int64, please explicitly cast to a compatible dtype first.
  transformed.loc[:, feature_columns] = (values - self.mean) / self.std
/Users/pranav/Projects/Professional/College/DS340W/SETCN/train.py:58: FutureWarning: Setting an item of incompatible dtype is deprecated and will raise in a future error of pandas. Value '[0.70069927 0.70069927 0.70069927 ... 0.70069927 0.70069927 0.70069927]' has dtype incompatible with int64, please explicitly cast to a compatible dtype first.
  transformed.loc[:, feature_columns] = (values - self.mean) / self.std
/Users/pranav/Projects/Professional/College/DS340W/SETCN/train.py:58: FutureWarning: Setting an item of incompatible dtype is deprecated and will raise in a future error of pandas. Value '[-0.56099504 -0.56099504 -0.56099504 ... -0.56099504 -0.56099504
 -0.56099504]' has dtype incompatible with int64, please explicitly cast to a compatible dtype first.
  transformed.loc[:, feature_columns] = (values - self.mean) / self.std
/Users/pranav/Projects/Professional/College/DS340W/SETCN/train.py:58: FutureWarning: Setting an item of incompatible dtype is deprecated and will raise in a future error of pandas. Value '[-0.3242534 -0.3242534 -0.3242534 ... -0.3242534 -0.3242534 -0.3242534]' has dtype incompatible with int64, please explicitly cast to a compatible dtype first.
  transformed.loc[:, feature_columns] = (values - self.mean) / self.std
/Users/pranav/Projects/Professional/College/DS340W/SETCN/train.py:58: FutureWarning: Setting an item of incompatible dtype is deprecated and will raise in a future error of pandas. Value '[ 2.0483968   2.0483968   2.0483968  ... -0.48818663 -0.48818663
 -0.48818663]' has dtype incompatible with int64, please explicitly cast to a compatible dtype first.
  transformed.loc[:, feature_columns] = (values - self.mean) / self.std
/Users/pranav/Projects/Professional/College/DS340W/SETCN/train.py:58: FutureWarning: Setting an item of incompatible dtype is deprecated and will raise in a future error of pandas. Value '[0.70069927 0.70069927 0.70069927 ... 0.70069927 0.70069927 0.70069927]' has dtype incompatible with int64, please explicitly cast to a compatible dtype first.
  transformed.loc[:, feature_columns] = (values - self.mean) / self.std
/Users/pranav/Projects/Professional/College/DS340W/SETCN/train.py:58: FutureWarning: Setting an item of incompatible dtype is deprecated and will raise in a future error of pandas. Value '[-0.56099504 -0.56099504 -0.56099504 ... -0.56099504 -0.56099504
 -0.56099504]' has dtype incompatible with int64, please explicitly cast to a compatible dtype first.
  transformed.loc[:, feature_columns] = (values - self.mean) / self.std
/Users/pranav/Projects/Professional/College/DS340W/SETCN/train.py:58: FutureWarning: Setting an item of incompatible dtype is deprecated and will raise in a future error of pandas. Value '[ 3.0840073  3.0840073  3.0840073 ... -0.3242534 -0.3242534 -0.3242534]' has dtype incompatible with int64, please explicitly cast to a compatible dtype first.
  transformed.loc[:, feature_columns] = (values - self.mean) / self.std
/Users/pranav/Projects/Professional/College/DS340W/SETCN/train.py:58: FutureWarning: Setting an item of incompatible dtype is deprecated and will raise in a future error of pandas. Value '[-0.48818663 -0.48818663 -0.48818663 ... -0.48818663 -0.48818663
 -0.48818663]' has dtype incompatible with int64, please explicitly cast to a compatible dtype first.
  transformed.loc[:, feature_columns] = (values - self.mean) / self.std
/Users/pranav/Projects/Professional/College/DS340W/SETCN/train.py:58: FutureWarning: Setting an item of incompatible dtype is deprecated and will raise in a future error of pandas. Value '[ 0.70069927  0.70069927  0.70069927 ... -1.4271456  -1.4271456
 -1.4271456 ]' has dtype incompatible with int64, please explicitly cast to a compatible dtype first.
  transformed.loc[:, feature_columns] = (values - self.mean) / self.std
/Users/pranav/Projects/Professional/College/DS340W/SETCN/train.py:58: FutureWarning: Setting an item of incompatible dtype is deprecated and will raise in a future error of pandas. Value '[-0.56099504 -0.56099504 -0.56099504 ... -0.56099504 -0.56099504
 -0.56099504]' has dtype incompatible with int64, please explicitly cast to a compatible dtype first.
  transformed.loc[:, feature_columns] = (values - self.mean) / self.std
/Users/pranav/Projects/Professional/College/DS340W/SETCN/train.py:58: FutureWarning: Setting an item of incompatible dtype is deprecated and will raise in a future error of pandas. Value '[ 3.0840073  3.0840073  3.0840073 ... -0.3242534 -0.3242534 -0.3242534]' has dtype incompatible with int64, please explicitly cast to a compatible dtype first.
  transformed.loc[:, feature_columns] = (values - self.mean) / self.std
/Users/pranav/Projects/Professional/College/DS340W/SETCN/train.py:58: FutureWarning: Setting an item of incompatible dtype is deprecated and will raise in a future error of pandas. Value '[-0.48818663 -0.48818663 -0.48818663 ...  2.0483968   2.0483968
  2.0483968 ]' has dtype incompatible with int64, please explicitly cast to a compatible dtype first.
  transformed.loc[:, feature_columns] = (values - self.mean) / self.std
/Users/pranav/Projects/Professional/College/DS340W/SETCN/train.py:58: FutureWarning: Setting an item of incompatible dtype is deprecated and will raise in a future error of pandas. Value '[0.70069927 0.70069927 0.70069927 ... 0.70069927 0.70069927 0.70069927]' has dtype incompatible with int64, please explicitly cast to a compatible dtype first.
  transformed.loc[:, feature_columns] = (values - self.mean) / self.std
/Users/pranav/Projects/Professional/College/DS340W/SETCN/train.py:58: FutureWarning: Setting an item of incompatible dtype is deprecated and will raise in a future error of pandas. Value '[-0.56099504 -0.56099504 -0.56099504 ... -0.56099504 -0.56099504
 -0.56099504]' has dtype incompatible with int64, please explicitly cast to a compatible dtype first.
  transformed.loc[:, feature_columns] = (values - self.mean) / self.std
/Users/pranav/Projects/Professional/College/DS340W/SETCN/train.py:58: FutureWarning: Setting an item of incompatible dtype is deprecated and will raise in a future error of pandas. Value '[ 3.0840073  3.0840073  3.0840073 ... -0.3242534 -0.3242534 -0.3242534]' has dtype incompatible with int64, please explicitly cast to a compatible dtype first.
  transformed.loc[:, feature_columns] = (values - self.mean) / self.std
/Users/pranav/Projects/Professional/College/DS340W/SETCN/train.py:58: FutureWarning: Setting an item of incompatible dtype is deprecated and will raise in a future error of pandas. Value '[ 2.0483968   2.0483968   2.0483968  ...  2.0483968  -0.48818663
 -0.48818663]' has dtype incompatible with int64, please explicitly cast to a compatible dtype first.
  transformed.loc[:, feature_columns] = (values - self.mean) / self.std
/Users/pranav/Projects/Professional/College/DS340W/SETCN/train.py:58: FutureWarning: Setting an item of incompatible dtype is deprecated and will raise in a future error of pandas. Value '[0.70069927 0.70069927 0.70069927 ... 0.70069927 0.70069927 0.70069927]' has dtype incompatible with int64, please explicitly cast to a compatible dtype first.
  transformed.loc[:, feature_columns] = (values - self.mean) / self.std
/Users/pranav/Projects/Professional/College/DS340W/SETCN/train.py:58: FutureWarning: Setting an item of incompatible dtype is deprecated and will raise in a future error of pandas. Value '[-0.56099504 -0.56099504 -0.56099504 ... -0.56099504 -0.56099504
 -0.56099504]' has dtype incompatible with int64, please explicitly cast to a compatible dtype first.
  transformed.loc[:, feature_columns] = (values - self.mean) / self.std
/Users/pranav/Projects/Professional/College/DS340W/SETCN/train.py:58: FutureWarning: Setting an item of incompatible dtype is deprecated and will raise in a future error of pandas. Value '[ 3.0840073  3.0840073  3.0840073 ... -0.3242534 -0.3242534 -0.3242534]' has dtype incompatible with int64, please explicitly cast to a compatible dtype first.
  transformed.loc[:, feature_columns] = (values - self.mean) / self.std
/Users/pranav/Projects/Professional/College/DS340W/SETCN/train.py:58: FutureWarning: Setting an item of incompatible dtype is deprecated and will raise in a future error of pandas. Value '[ 2.0483968   2.0483968   2.0483968  ... -0.48818663  2.0483968
  2.0483968 ]' has dtype incompatible with int64, please explicitly cast to a compatible dtype first.
  transformed.loc[:, feature_columns] = (values - self.mean) / self.std
/Users/pranav/Projects/Professional/College/DS340W/SETCN/train.py:58: FutureWarning: Setting an item of incompatible dtype is deprecated and will raise in a future error of pandas. Value '[-1.4271456  -1.4271456  -1.4271456  ...  0.70069927  0.70069927
  0.70069927]' has dtype incompatible with int64, please explicitly cast to a compatible dtype first.
  transformed.loc[:, feature_columns] = (values - self.mean) / self.std
/Users/pranav/Projects/Professional/College/DS340W/SETCN/train.py:58: FutureWarning: Setting an item of incompatible dtype is deprecated and will raise in a future error of pandas. Value '[-0.56099504 -0.56099504 -0.56099504 ... -0.56099504 -0.56099504
 -0.56099504]' has dtype incompatible with int64, please explicitly cast to a compatible dtype first.
  transformed.loc[:, feature_columns] = (values - self.mean) / self.std
/Users/pranav/Projects/Professional/College/DS340W/SETCN/train.py:58: FutureWarning: Setting an item of incompatible dtype is deprecated and will raise in a future error of pandas. Value '[ 3.0840073  3.0840073  3.0840073 ... -0.3242534 -0.3242534 -0.3242534]' has dtype incompatible with int64, please explicitly cast to a compatible dtype first.
  transformed.loc[:, feature_columns] = (values - self.mean) / self.std
/Users/pranav/Projects/Professional/College/DS340W/SETCN/train.py:58: FutureWarning: Setting an item of incompatible dtype is deprecated and will raise in a future error of pandas. Value '[ 2.0483968   2.0483968   2.0483968  ... -0.48818663 -0.48818663
 -0.48818663]' has dtype incompatible with int64, please explicitly cast to a compatible dtype first.
  transformed.loc[:, feature_columns] = (values - self.mean) / self.std
/Users/pranav/Projects/Professional/College/DS340W/SETCN/train.py:58: FutureWarning: Setting an item of incompatible dtype is deprecated and will raise in a future error of pandas. Value '[-1.4271456  -1.4271456  -1.4271456  ...  0.70069927  0.70069927
  0.70069927]' has dtype incompatible with int64, please explicitly cast to a compatible dtype first.
  transformed.loc[:, feature_columns] = (values - self.mean) / self.std
/Users/pranav/Projects/Professional/College/DS340W/SETCN/train.py:58: FutureWarning: Setting an item of incompatible dtype is deprecated and will raise in a future error of pandas. Value '[-0.56099504 -0.56099504 -0.56099504 ... -0.56099504 -0.56099504
 -0.56099504]' has dtype incompatible with int64, please explicitly cast to a compatible dtype first.
  transformed.loc[:, feature_columns] = (values - self.mean) / self.std
/Users/pranav/Projects/Professional/College/DS340W/SETCN/train.py:58: FutureWarning: Setting an item of incompatible dtype is deprecated and will raise in a future error of pandas. Value '[ 3.0840073  3.0840073  3.0840073 ... -0.3242534 -0.3242534 -0.3242534]' has dtype incompatible with int64, please explicitly cast to a compatible dtype first.
  transformed.loc[:, feature_columns] = (values - self.mean) / self.std
/Users/pranav/Projects/Professional/College/DS340W/SETCN/train.py:58: FutureWarning: Setting an item of incompatible dtype is deprecated and will raise in a future error of pandas. Value '[-0.48818663 -0.48818663 -0.48818663 ... -0.48818663  2.0483968
  2.0483968 ]' has dtype incompatible with int64, please explicitly cast to a compatible dtype first.
  transformed.loc[:, feature_columns] = (values - self.mean) / self.std
/Users/pranav/Projects/Professional/College/DS340W/SETCN/train.py:58: FutureWarning: Setting an item of incompatible dtype is deprecated and will raise in a future error of pandas. Value '[0.70069927 0.70069927 0.70069927 ... 0.70069927 0.70069927 0.70069927]' has dtype incompatible with int64, please explicitly cast to a compatible dtype first.
  transformed.loc[:, feature_columns] = (values - self.mean) / self.std
/Users/pranav/Projects/Professional/College/DS340W/SETCN/train.py:58: FutureWarning: Setting an item of incompatible dtype is deprecated and will raise in a future error of pandas. Value '[-0.56099504 -0.56099504 -0.56099504 ... -0.56099504 -0.56099504
 -0.56099504]' has dtype incompatible with int64, please explicitly cast to a compatible dtype first.
  transformed.loc[:, feature_columns] = (values - self.mean) / self.std
/Users/pranav/Projects/Professional/College/DS340W/SETCN/train.py:58: FutureWarning: Setting an item of incompatible dtype is deprecated and will raise in a future error of pandas. Value '[ 3.0840073  3.0840073  3.0840073 ... -0.3242534 -0.3242534 -0.3242534]' has dtype incompatible with int64, please explicitly cast to a compatible dtype first.
  transformed.loc[:, feature_columns] = (values - self.mean) / self.std
/Users/pranav/Projects/Professional/College/DS340W/SETCN/train.py:58: FutureWarning: Setting an item of incompatible dtype is deprecated and will raise in a future error of pandas. Value '[-0.48818663 -0.48818663 -0.48818663 ... -0.48818663 -0.48818663
 -0.48818663]' has dtype incompatible with int64, please explicitly cast to a compatible dtype first.
  transformed.loc[:, feature_columns] = (values - self.mean) / self.std
/Users/pranav/Projects/Professional/College/DS340W/SETCN/train.py:58: FutureWarning: Setting an item of incompatible dtype is deprecated and will raise in a future error of pandas. Value '[0.70069927 0.70069927 0.70069927 ... 0.70069927 0.70069927 0.70069927]' has dtype incompatible with int64, please explicitly cast to a compatible dtype first.
  transformed.loc[:, feature_columns] = (values - self.mean) / self.std
/Users/pranav/Projects/Professional/College/DS340W/SETCN/train.py:58: FutureWarning: Setting an item of incompatible dtype is deprecated and will raise in a future error of pandas. Value '[-0.56099504 -0.56099504 -0.56099504 ... -0.56099504 -0.56099504
 -0.56099504]' has dtype incompatible with int64, please explicitly cast to a compatible dtype first.
  transformed.loc[:, feature_columns] = (values - self.mean) / self.std
/Users/pranav/Projects/Professional/College/DS340W/SETCN/train.py:58: FutureWarning: Setting an item of incompatible dtype is deprecated and will raise in a future error of pandas. Value '[-0.3242534 -0.3242534 -0.3242534 ... -0.3242534 -0.3242534 -0.3242534]' has dtype incompatible with int64, please explicitly cast to a compatible dtype first.
  transformed.loc[:, feature_columns] = (values - self.mean) / self.std
/Users/pranav/Projects/Professional/College/DS340W/SETCN/train.py:58: FutureWarning: Setting an item of incompatible dtype is deprecated and will raise in a future error of pandas. Value '[ 2.0483968   2.0483968   2.0483968  ... -0.48818663 -0.48818663
 -0.48818663]' has dtype incompatible with int64, please explicitly cast to a compatible dtype first.
  transformed.loc[:, feature_columns] = (values - self.mean) / self.std
/Users/pranav/Projects/Professional/College/DS340W/SETCN/train.py:58: FutureWarning: Setting an item of incompatible dtype is deprecated and will raise in a future error of pandas. Value '[0.70069927 0.70069927 0.70069927 ... 0.70069927 0.70069927 0.70069927]' has dtype incompatible with int64, please explicitly cast to a compatible dtype first.
  transformed.loc[:, feature_columns] = (values - self.mean) / self.std
/Users/pranav/Projects/Professional/College/DS340W/SETCN/train.py:58: FutureWarning: Setting an item of incompatible dtype is deprecated and will raise in a future error of pandas. Value '[-0.56099504 -0.56099504 -0.56099504 ... -0.56099504 -0.56099504
 -0.56099504]' has dtype incompatible with int64, please explicitly cast to a compatible dtype first.
  transformed.loc[:, feature_columns] = (values - self.mean) / self.std
/Users/pranav/Projects/Professional/College/DS340W/SETCN/train.py:58: FutureWarning: Setting an item of incompatible dtype is deprecated and will raise in a future error of pandas. Value '[ 3.0840073  3.0840073  3.0840073 ... -0.3242534 -0.3242534 -0.3242534]' has dtype incompatible with int64, please explicitly cast to a compatible dtype first.
  transformed.loc[:, feature_columns] = (values - self.mean) / self.std
/Users/pranav/Projects/Professional/College/DS340W/SETCN/train.py:58: FutureWarning: Setting an item of incompatible dtype is deprecated and will raise in a future error of pandas. Value '[ 2.0483968   2.0483968   2.0483968  ...  2.0483968   2.0483968
 -0.48818663]' has dtype incompatible with int64, please explicitly cast to a compatible dtype first.
  transformed.loc[:, feature_columns] = (values - self.mean) / self.std
/Users/pranav/Projects/Professional/College/DS340W/SETCN/train.py:58: FutureWarning: Setting an item of incompatible dtype is deprecated and will raise in a future error of pandas. Value '[-1.4271456  -1.4271456  -1.4271456  ...  0.70069927  0.70069927
  0.70069927]' has dtype incompatible with int64, please explicitly cast to a compatible dtype first.
  transformed.loc[:, feature_columns] = (values - self.mean) / self.std
/Users/pranav/Projects/Professional/College/DS340W/SETCN/train.py:58: FutureWarning: Setting an item of incompatible dtype is deprecated and will raise in a future error of pandas. Value '[-0.56099504 -0.56099504 -0.56099504 ... -0.56099504 -0.56099504
 -0.56099504]' has dtype incompatible with int64, please explicitly cast to a compatible dtype first.
  transformed.loc[:, feature_columns] = (values - self.mean) / self.std
/Users/pranav/Projects/Professional/College/DS340W/SETCN/train.py:58: FutureWarning: Setting an item of incompatible dtype is deprecated and will raise in a future error of pandas. Value '[ 3.0840073  3.0840073  3.0840073 ... -0.3242534 -0.3242534 -0.3242534]' has dtype incompatible with int64, please explicitly cast to a compatible dtype first.
  transformed.loc[:, feature_columns] = (values - self.mean) / self.std
/Users/pranav/Projects/Professional/College/DS340W/SETCN/train.py:58: FutureWarning: Setting an item of incompatible dtype is deprecated and will raise in a future error of pandas. Value '[-0.48818663 -0.48818663 -0.48818663 ... -0.48818663  2.0483968
  2.0483968 ]' has dtype incompatible with int64, please explicitly cast to a compatible dtype first.
  transformed.loc[:, feature_columns] = (values - self.mean) / self.std
/Users/pranav/Projects/Professional/College/DS340W/SETCN/train.py:58: FutureWarning: Setting an item of incompatible dtype is deprecated and will raise in a future error of pandas. Value '[-1.4271456  -1.4271456  -1.4271456  ...  0.70069927  0.70069927
  0.70069927]' has dtype incompatible with int64, please explicitly cast to a compatible dtype first.
  transformed.loc[:, feature_columns] = (values - self.mean) / self.std
/Users/pranav/Projects/Professional/College/DS340W/SETCN/train.py:58: FutureWarning: Setting an item of incompatible dtype is deprecated and will raise in a future error of pandas. Value '[-0.56099504 -0.56099504 -0.56099504 ... -0.56099504 -0.56099504
 -0.56099504]' has dtype incompatible with int64, please explicitly cast to a compatible dtype first.
  transformed.loc[:, feature_columns] = (values - self.mean) / self.std
/Users/pranav/Projects/Professional/College/DS340W/SETCN/train.py:58: FutureWarning: Setting an item of incompatible dtype is deprecated and will raise in a future error of pandas. Value '[-0.3242534  3.0840073  3.0840073 ... -0.3242534 -0.3242534 -0.3242534]' has dtype incompatible with int64, please explicitly cast to a compatible dtype first.
  transformed.loc[:, feature_columns] = (values - self.mean) / self.std
/Users/pranav/Projects/Professional/College/DS340W/SETCN/train.py:58: FutureWarning: Setting an item of incompatible dtype is deprecated and will raise in a future error of pandas. Value '[-0.48818663 -0.48818663 -0.48818663 ... -0.48818663 -0.48818663
 -0.48818663]' has dtype incompatible with int64, please explicitly cast to a compatible dtype first.
  transformed.loc[:, feature_columns] = (values - self.mean) / self.std
/Users/pranav/Projects/Professional/College/DS340W/SETCN/train.py:58: FutureWarning: Setting an item of incompatible dtype is deprecated and will raise in a future error of pandas. Value '[-1.4271456  -1.4271456  -1.4271456  ...  0.70069927  0.70069927
  0.70069927]' has dtype incompatible with int64, please explicitly cast to a compatible dtype first.
  transformed.loc[:, feature_columns] = (values - self.mean) / self.std
/Users/pranav/Projects/Professional/College/DS340W/SETCN/train.py:58: FutureWarning: Setting an item of incompatible dtype is deprecated and will raise in a future error of pandas. Value '[-0.56099504 -0.56099504 -0.56099504 ... -0.56099504 -0.56099504
 -0.56099504]' has dtype incompatible with int64, please explicitly cast to a compatible dtype first.
  transformed.loc[:, feature_columns] = (values - self.mean) / self.std
/Users/pranav/Projects/Professional/College/DS340W/SETCN/train.py:58: FutureWarning: Setting an item of incompatible dtype is deprecated and will raise in a future error of pandas. Value '[-0.3242534 -0.3242534 -0.3242534 ... -0.3242534 -0.3242534 -0.3242534]' has dtype incompatible with int64, please explicitly cast to a compatible dtype first.
  transformed.loc[:, feature_columns] = (values - self.mean) / self.std
/Users/pranav/Projects/Professional/College/DS340W/SETCN/train.py:58: FutureWarning: Setting an item of incompatible dtype is deprecated and will raise in a future error of pandas. Value '[-0.48818663 -0.48818663 -0.48818663 ... -0.48818663 -0.48818663
 -0.48818663]' has dtype incompatible with int64, please explicitly cast to a compatible dtype first.
  transformed.loc[:, feature_columns] = (values - self.mean) / self.std
/Users/pranav/Projects/Professional/College/DS340W/SETCN/train.py:58: FutureWarning: Setting an item of incompatible dtype is deprecated and will raise in a future error of pandas. Value '[0.70069927 0.70069927 0.70069927 ... 0.70069927 0.70069927 0.70069927]' has dtype incompatible with int64, please explicitly cast to a compatible dtype first.
  transformed.loc[:, feature_columns] = (values - self.mean) / self.std
/Users/pranav/Projects/Professional/College/DS340W/SETCN/train.py:58: FutureWarning: Setting an item of incompatible dtype is deprecated and will raise in a future error of pandas. Value '[-0.56099504 -0.56099504 -0.56099504 ... -0.56099504 -0.56099504
 -0.56099504]' has dtype incompatible with int64, please explicitly cast to a compatible dtype first.
  transformed.loc[:, feature_columns] = (values - self.mean) / self.std
/Users/pranav/Projects/Professional/College/DS340W/SETCN/train.py:58: FutureWarning: Setting an item of incompatible dtype is deprecated and will raise in a future error of pandas. Value '[-0.3242534 -0.3242534 -0.3242534 ... -0.3242534 -0.3242534 -0.3242534]' has dtype incompatible with int64, please explicitly cast to a compatible dtype first.
  transformed.loc[:, feature_columns] = (values - self.mean) / self.std
/Users/pranav/Projects/Professional/College/DS340W/SETCN/train.py:58: FutureWarning: Setting an item of incompatible dtype is deprecated and will raise in a future error of pandas. Value '[-0.48818663 -0.48818663 -0.48818663 ... -0.48818663 -0.48818663
 -0.48818663]' has dtype incompatible with int64, please explicitly cast to a compatible dtype first.
  transformed.loc[:, feature_columns] = (values - self.mean) / self.std
/Users/pranav/Projects/Professional/College/DS340W/SETCN/train.py:58: FutureWarning: Setting an item of incompatible dtype is deprecated and will raise in a future error of pandas. Value '[-1.4271456 -1.4271456 -1.4271456 ... -1.4271456 -1.4271456 -1.4271456]' has dtype incompatible with int64, please explicitly cast to a compatible dtype first.
  transformed.loc[:, feature_columns] = (values - self.mean) / self.std
/Users/pranav/Projects/Professional/College/DS340W/SETCN/train.py:58: FutureWarning: Setting an item of incompatible dtype is deprecated and will raise in a future error of pandas. Value '[-0.56099504 -0.56099504 -0.56099504 ... -0.56099504 -0.56099504
 -0.56099504]' has dtype incompatible with int64, please explicitly cast to a compatible dtype first.
  transformed.loc[:, feature_columns] = (values - self.mean) / self.std
/Users/pranav/Projects/Professional/College/DS340W/SETCN/train.py:58: FutureWarning: Setting an item of incompatible dtype is deprecated and will raise in a future error of pandas. Value '[ 3.0840073  3.0840073  3.0840073 ... -0.3242534 -0.3242534 -0.3242534]' has dtype incompatible with int64, please explicitly cast to a compatible dtype first.
  transformed.loc[:, feature_columns] = (values - self.mean) / self.std
/Users/pranav/Projects/Professional/College/DS340W/SETCN/train.py:58: FutureWarning: Setting an item of incompatible dtype is deprecated and will raise in a future error of pandas. Value '[ 2.0483968   2.0483968   2.0483968  ... -0.48818663 -0.48818663
 -0.48818663]' has dtype incompatible with int64, please explicitly cast to a compatible dtype first.
  transformed.loc[:, feature_columns] = (values - self.mean) / self.std
/Users/pranav/Projects/Professional/College/DS340W/SETCN/train.py:58: FutureWarning: Setting an item of incompatible dtype is deprecated and will raise in a future error of pandas. Value '[-1.4271456  -1.4271456  -1.4271456  ...  0.70069927  0.70069927
  0.70069927]' has dtype incompatible with int64, please explicitly cast to a compatible dtype first.
  transformed.loc[:, feature_columns] = (values - self.mean) / self.std
/Users/pranav/Projects/Professional/College/DS340W/SETCN/train.py:58: FutureWarning: Setting an item of incompatible dtype is deprecated and will raise in a future error of pandas. Value '[-0.56099504 -0.56099504 -0.56099504 ... -0.56099504 -0.56099504
 -0.56099504]' has dtype incompatible with int64, please explicitly cast to a compatible dtype first.
  transformed.loc[:, feature_columns] = (values - self.mean) / self.std
/Users/pranav/Projects/Professional/College/DS340W/SETCN/train.py:58: FutureWarning: Setting an item of incompatible dtype is deprecated and will raise in a future error of pandas. Value '[ 3.0840073  3.0840073  3.0840073 ... -0.3242534 -0.3242534 -0.3242534]' has dtype incompatible with int64, please explicitly cast to a compatible dtype first.
  transformed.loc[:, feature_columns] = (values - self.mean) / self.std
/Users/pranav/Projects/Professional/College/DS340W/SETCN/train.py:58: FutureWarning: Setting an item of incompatible dtype is deprecated and will raise in a future error of pandas. Value '[-0.48818663 -0.48818663 -0.48818663 ... -0.48818663 -0.48818663
 -0.48818663]' has dtype incompatible with int64, please explicitly cast to a compatible dtype first.
  transformed.loc[:, feature_columns] = (values - self.mean) / self.std
/Users/pranav/Projects/Professional/College/DS340W/SETCN/train.py:58: FutureWarning: Setting an item of incompatible dtype is deprecated and will raise in a future error of pandas. Value '[ 0.70069927  0.70069927  0.70069927 ... -1.4271456  -1.4271456
 -1.4271456 ]' has dtype incompatible with int64, please explicitly cast to a compatible dtype first.
  transformed.loc[:, feature_columns] = (values - self.mean) / self.std
/Users/pranav/Projects/Professional/College/DS340W/SETCN/train.py:58: FutureWarning: Setting an item of incompatible dtype is deprecated and will raise in a future error of pandas. Value '[-0.56099504 -0.56099504 -0.56099504 ... -0.56099504 -0.56099504
 -0.56099504]' has dtype incompatible with int64, please explicitly cast to a compatible dtype first.
  transformed.loc[:, feature_columns] = (values - self.mean) / self.std
/Users/pranav/Projects/Professional/College/DS340W/SETCN/train.py:58: FutureWarning: Setting an item of incompatible dtype is deprecated and will raise in a future error of pandas. Value '[-0.3242534 -0.3242534 -0.3242534 ... -0.3242534 -0.3242534 -0.3242534]' has dtype incompatible with int64, please explicitly cast to a compatible dtype first.
  transformed.loc[:, feature_columns] = (values - self.mean) / self.std
/Users/pranav/Projects/Professional/College/DS340W/SETCN/train.py:58: FutureWarning: Setting an item of incompatible dtype is deprecated and will raise in a future error of pandas. Value '[-0.48818663 -0.48818663 -0.48818663 ...  2.0483968  -0.48818663
 -0.48818663]' has dtype incompatible with int64, please explicitly cast to a compatible dtype first.
  transformed.loc[:, feature_columns] = (values - self.mean) / self.std
/Users/pranav/Projects/Professional/College/DS340W/SETCN/train.py:58: FutureWarning: Setting an item of incompatible dtype is deprecated and will raise in a future error of pandas. Value '[-1.4271456  -1.4271456  -1.4271456  ...  0.70069927  0.70069927
  0.70069927]' has dtype incompatible with int64, please explicitly cast to a compatible dtype first.
  transformed.loc[:, feature_columns] = (values - self.mean) / self.std
/Users/pranav/Projects/Professional/College/DS340W/SETCN/train.py:58: FutureWarning: Setting an item of incompatible dtype is deprecated and will raise in a future error of pandas. Value '[-0.56099504 -0.56099504 -0.56099504 ... -0.56099504 -0.56099504
 -0.56099504]' has dtype incompatible with int64, please explicitly cast to a compatible dtype first.
  transformed.loc[:, feature_columns] = (values - self.mean) / self.std
/Users/pranav/Projects/Professional/College/DS340W/SETCN/train.py:58: FutureWarning: Setting an item of incompatible dtype is deprecated and will raise in a future error of pandas. Value '[-0.3242534 -0.3242534 -0.3242534 ... -0.3242534 -0.3242534 -0.3242534]' has dtype incompatible with int64, please explicitly cast to a compatible dtype first.
  transformed.loc[:, feature_columns] = (values - self.mean) / self.std
/Users/pranav/Projects/Professional/College/DS340W/SETCN/train.py:58: FutureWarning: Setting an item of incompatible dtype is deprecated and will raise in a future error of pandas. Value '[-0.48818663  2.0483968   2.0483968  ... -0.48818663 -0.48818663
 -0.48818663]' has dtype incompatible with int64, please explicitly cast to a compatible dtype first.
  transformed.loc[:, feature_columns] = (values - self.mean) / self.std
/Users/pranav/Projects/Professional/College/DS340W/SETCN/train.py:58: FutureWarning: Setting an item of incompatible dtype is deprecated and will raise in a future error of pandas. Value '[-1.4271456  -1.4271456  -1.4271456  ...  0.70069927  0.70069927
  0.70069927]' has dtype incompatible with int64, please explicitly cast to a compatible dtype first.
  transformed.loc[:, feature_columns] = (values - self.mean) / self.std
/Users/pranav/Projects/Professional/College/DS340W/SETCN/train.py:58: FutureWarning: Setting an item of incompatible dtype is deprecated and will raise in a future error of pandas. Value '[-0.56099504 -0.56099504 -0.56099504 ... -0.56099504 -0.56099504
 -0.56099504]' has dtype incompatible with int64, please explicitly cast to a compatible dtype first.
  transformed.loc[:, feature_columns] = (values - self.mean) / self.std
/Users/pranav/Projects/Professional/College/DS340W/SETCN/train.py:58: FutureWarning: Setting an item of incompatible dtype is deprecated and will raise in a future error of pandas. Value '[-0.3242534 -0.3242534  3.0840073 ... -0.3242534 -0.3242534 -0.3242534]' has dtype incompatible with int64, please explicitly cast to a compatible dtype first.
  transformed.loc[:, feature_columns] = (values - self.mean) / self.std
/Users/pranav/Projects/Professional/College/DS340W/SETCN/train.py:58: FutureWarning: Setting an item of incompatible dtype is deprecated and will raise in a future error of pandas. Value '[-0.48818663 -0.48818663 -0.48818663 ...  2.0483968   2.0483968
  2.0483968 ]' has dtype incompatible with int64, please explicitly cast to a compatible dtype first.
  transformed.loc[:, feature_columns] = (values - self.mean) / self.std
/Users/pranav/Projects/Professional/College/DS340W/SETCN/train.py:58: FutureWarning: Setting an item of incompatible dtype is deprecated and will raise in a future error of pandas. Value '[-1.4271456  -1.4271456  -1.4271456  ...  0.70069927  0.70069927
  0.70069927]' has dtype incompatible with int64, please explicitly cast to a compatible dtype first.
  transformed.loc[:, feature_columns] = (values - self.mean) / self.std
/Users/pranav/Projects/Professional/College/DS340W/SETCN/train.py:58: FutureWarning: Setting an item of incompatible dtype is deprecated and will raise in a future error of pandas. Value '[-0.56099504 -0.56099504 -0.56099504 ... -0.56099504 -0.56099504
 -0.56099504]' has dtype incompatible with int64, please explicitly cast to a compatible dtype first.
  transformed.loc[:, feature_columns] = (values - self.mean) / self.std
/Users/pranav/Projects/Professional/College/DS340W/SETCN/train.py:58: FutureWarning: Setting an item of incompatible dtype is deprecated and will raise in a future error of pandas. Value '[-0.3242534 -0.3242534 -0.3242534 ... -0.3242534 -0.3242534 -0.3242534]' has dtype incompatible with int64, please explicitly cast to a compatible dtype first.
  transformed.loc[:, feature_columns] = (values - self.mean) / self.std
/Users/pranav/Projects/Professional/College/DS340W/SETCN/train.py:58: FutureWarning: Setting an item of incompatible dtype is deprecated and will raise in a future error of pandas. Value '[-0.48818663 -0.48818663 -0.48818663 ... -0.48818663  2.0483968
  2.0483968 ]' has dtype incompatible with int64, please explicitly cast to a compatible dtype first.
  transformed.loc[:, feature_columns] = (values - self.mean) / self.std
/Users/pranav/Projects/Professional/College/DS340W/SETCN/train.py:58: FutureWarning: Setting an item of incompatible dtype is deprecated and will raise in a future error of pandas. Value '[-1.4271456  -1.4271456  -1.4271456  ...  0.70069927  0.70069927
  0.70069927]' has dtype incompatible with int64, please explicitly cast to a compatible dtype first.
  transformed.loc[:, feature_columns] = (values - self.mean) / self.std
/Users/pranav/Projects/Professional/College/DS340W/SETCN/train.py:58: FutureWarning: Setting an item of incompatible dtype is deprecated and will raise in a future error of pandas. Value '[-0.56099504 -0.56099504 -0.56099504 ...  1.7825466   1.7825466
  1.7825466 ]' has dtype incompatible with int64, please explicitly cast to a compatible dtype first.
  transformed.loc[:, feature_columns] = (values - self.mean) / self.std
/Users/pranav/Projects/Professional/College/DS340W/SETCN/train.py:58: FutureWarning: Setting an item of incompatible dtype is deprecated and will raise in a future error of pandas. Value '[-0.3242534 -0.3242534 -0.3242534 ... -0.3242534 -0.3242534 -0.3242534]' has dtype incompatible with int64, please explicitly cast to a compatible dtype first.
  transformed.loc[:, feature_columns] = (values - self.mean) / self.std
/Users/pranav/Projects/Professional/College/DS340W/SETCN/train.py:58: FutureWarning: Setting an item of incompatible dtype is deprecated and will raise in a future error of pandas. Value '[-0.48818663 -0.48818663 -0.48818663 ... -0.48818663 -0.48818663
 -0.48818663]' has dtype incompatible with int64, please explicitly cast to a compatible dtype first.
  transformed.loc[:, feature_columns] = (values - self.mean) / self.std
/Users/pranav/Projects/Professional/College/DS340W/SETCN/train.py:58: FutureWarning: Setting an item of incompatible dtype is deprecated and will raise in a future error of pandas. Value '[-1.4271456  -1.4271456  -1.4271456  ...  0.70069927  0.70069927
  0.70069927]' has dtype incompatible with int64, please explicitly cast to a compatible dtype first.
  transformed.loc[:, feature_columns] = (values - self.mean) / self.std
/Users/pranav/Projects/Professional/College/DS340W/SETCN/train.py:58: FutureWarning: Setting an item of incompatible dtype is deprecated and will raise in a future error of pandas. Value '[-0.56099504 -0.56099504 -0.56099504 ... -0.56099504 -0.56099504
 -0.56099504]' has dtype incompatible with int64, please explicitly cast to a compatible dtype first.
  transformed.loc[:, feature_columns] = (values - self.mean) / self.std
/Users/pranav/Projects/Professional/College/DS340W/SETCN/train.py:58: FutureWarning: Setting an item of incompatible dtype is deprecated and will raise in a future error of pandas. Value '[-0.3242534 -0.3242534 -0.3242534 ... -0.3242534 -0.3242534 -0.3242534]' has dtype incompatible with int64, please explicitly cast to a compatible dtype first.
  transformed.loc[:, feature_columns] = (values - self.mean) / self.std
/Users/pranav/Projects/Professional/College/DS340W/SETCN/train.py:58: FutureWarning: Setting an item of incompatible dtype is deprecated and will raise in a future error of pandas. Value '[-0.48818663 -0.48818663 -0.48818663 ... -0.48818663 -0.48818663
 -0.48818663]' has dtype incompatible with int64, please explicitly cast to a compatible dtype first.
  transformed.loc[:, feature_columns] = (values - self.mean) / self.std
/Users/pranav/Projects/Professional/College/DS340W/SETCN/train.py:58: FutureWarning: Setting an item of incompatible dtype is deprecated and will raise in a future error of pandas. Value '[0.70069927 0.70069927 0.70069927 ... 0.70069927 0.70069927 0.70069927]' has dtype incompatible with int64, please explicitly cast to a compatible dtype first.
  transformed.loc[:, feature_columns] = (values - self.mean) / self.std
/Users/pranav/Projects/Professional/College/DS340W/SETCN/train.py:58: FutureWarning: Setting an item of incompatible dtype is deprecated and will raise in a future error of pandas. Value '[-0.56099504 -0.56099504 -0.56099504 ... -0.56099504 -0.56099504
 -0.56099504]' has dtype incompatible with int64, please explicitly cast to a compatible dtype first.
  transformed.loc[:, feature_columns] = (values - self.mean) / self.std
/Users/pranav/Projects/Professional/College/DS340W/SETCN/train.py:58: FutureWarning: Setting an item of incompatible dtype is deprecated and will raise in a future error of pandas. Value '[-0.3242534 -0.3242534 -0.3242534 ... -0.3242534 -0.3242534 -0.3242534]' has dtype incompatible with int64, please explicitly cast to a compatible dtype first.
  transformed.loc[:, feature_columns] = (values - self.mean) / self.std
/Users/pranav/Projects/Professional/College/DS340W/SETCN/train.py:58: FutureWarning: Setting an item of incompatible dtype is deprecated and will raise in a future error of pandas. Value '[-0.48818663 -0.48818663 -0.48818663 ... -0.48818663  2.0483968
  2.0483968 ]' has dtype incompatible with int64, please explicitly cast to a compatible dtype first.
  transformed.loc[:, feature_columns] = (values - self.mean) / self.std
/Users/pranav/Projects/Professional/College/DS340W/SETCN/train.py:58: FutureWarning: Setting an item of incompatible dtype is deprecated and will raise in a future error of pandas. Value '[-1.4271456 -1.4271456 -1.4271456 ... -1.4271456 -1.4271456 -1.4271456]' has dtype incompatible with int64, please explicitly cast to a compatible dtype first.
  transformed.loc[:, feature_columns] = (values - self.mean) / self.std
/Users/pranav/Projects/Professional/College/DS340W/SETCN/train.py:58: FutureWarning: Setting an item of incompatible dtype is deprecated and will raise in a future error of pandas. Value '[-0.56099504 -0.56099504 -0.56099504 ... -0.56099504  1.7825466
  1.7825466 ]' has dtype incompatible with int64, please explicitly cast to a compatible dtype first.
  transformed.loc[:, feature_columns] = (values - self.mean) / self.std
/Users/pranav/Projects/Professional/College/DS340W/SETCN/train.py:58: FutureWarning: Setting an item of incompatible dtype is deprecated and will raise in a future error of pandas. Value '[-0.3242534 -0.3242534 -0.3242534 ... -0.3242534 -0.3242534 -0.3242534]' has dtype incompatible with int64, please explicitly cast to a compatible dtype first.
  transformed.loc[:, feature_columns] = (values - self.mean) / self.std
/Users/pranav/Projects/Professional/College/DS340W/SETCN/train.py:58: FutureWarning: Setting an item of incompatible dtype is deprecated and will raise in a future error of pandas. Value '[-0.48818663 -0.48818663 -0.48818663 ... -0.48818663 -0.48818663
 -0.48818663]' has dtype incompatible with int64, please explicitly cast to a compatible dtype first.
  transformed.loc[:, feature_columns] = (values - self.mean) / self.std
/Users/pranav/Projects/Professional/College/DS340W/SETCN/train.py:58: FutureWarning: Setting an item of incompatible dtype is deprecated and will raise in a future error of pandas. Value '[0.70069927 0.70069927 0.70069927 ... 0.70069927 0.70069927 0.70069927]' has dtype incompatible with int64, please explicitly cast to a compatible dtype first.
  transformed.loc[:, feature_columns] = (values - self.mean) / self.std
/Users/pranav/Projects/Professional/College/DS340W/SETCN/train.py:58: FutureWarning: Setting an item of incompatible dtype is deprecated and will raise in a future error of pandas. Value '[-0.56099504 -0.56099504 -0.56099504 ... -0.56099504 -0.56099504
 -0.56099504]' has dtype incompatible with int64, please explicitly cast to a compatible dtype first.
  transformed.loc[:, feature_columns] = (values - self.mean) / self.std
/Users/pranav/Projects/Professional/College/DS340W/SETCN/train.py:58: FutureWarning: Setting an item of incompatible dtype is deprecated and will raise in a future error of pandas. Value '[-0.3242534 -0.3242534 -0.3242534 ... -0.3242534 -0.3242534 -0.3242534]' has dtype incompatible with int64, please explicitly cast to a compatible dtype first.
  transformed.loc[:, feature_columns] = (values - self.mean) / self.std
/Users/pranav/Projects/Professional/College/DS340W/SETCN/train.py:58: FutureWarning: Setting an item of incompatible dtype is deprecated and will raise in a future error of pandas. Value '[2.0483968 2.0483968 2.0483968 ... 2.0483968 2.0483968 2.0483968]' has dtype incompatible with int64, please explicitly cast to a compatible dtype first.
  transformed.loc[:, feature_columns] = (values - self.mean) / self.std
/Users/pranav/Projects/Professional/College/DS340W/SETCN/train.py:58: FutureWarning: Setting an item of incompatible dtype is deprecated and will raise in a future error of pandas. Value '[-1.4271456  -1.4271456  -1.4271456  ...  0.70069927  0.70069927
  0.70069927]' has dtype incompatible with int64, please explicitly cast to a compatible dtype first.
  transformed.loc[:, feature_columns] = (values - self.mean) / self.std
/Users/pranav/Projects/Professional/College/DS340W/SETCN/train.py:58: FutureWarning: Setting an item of incompatible dtype is deprecated and will raise in a future error of pandas. Value '[1.7825466 1.7825466 1.7825466 ... 1.7825466 1.7825466 1.7825466]' has dtype incompatible with int64, please explicitly cast to a compatible dtype first.
  transformed.loc[:, feature_columns] = (values - self.mean) / self.std
/Users/pranav/Projects/Professional/College/DS340W/SETCN/train.py:58: FutureWarning: Setting an item of incompatible dtype is deprecated and will raise in a future error of pandas. Value '[3.0840073 3.0840073 3.0840073 ... 3.0840073 3.0840073 3.0840073]' has dtype incompatible with int64, please explicitly cast to a compatible dtype first.
  transformed.loc[:, feature_columns] = (values - self.mean) / self.std
/Users/pranav/Projects/Professional/College/DS340W/SETCN/train.py:58: FutureWarning: Setting an item of incompatible dtype is deprecated and will raise in a future error of pandas. Value '[-0.48818663 -0.48818663 -0.48818663 ... -0.48818663 -0.48818663
 -0.48818663]' has dtype incompatible with int64, please explicitly cast to a compatible dtype first.
  transformed.loc[:, feature_columns] = (values - self.mean) / self.std
/Users/pranav/Projects/Professional/College/DS340W/SETCN/train.py:58: FutureWarning: Setting an item of incompatible dtype is deprecated and will raise in a future error of pandas. Value '[0.70069927 0.70069927 0.70069927 ... 0.70069927 0.70069927 0.70069927]' has dtype incompatible with int64, please explicitly cast to a compatible dtype first.
  transformed.loc[:, feature_columns] = (values - self.mean) / self.std
/Users/pranav/Projects/Professional/College/DS340W/SETCN/train.py:58: FutureWarning: Setting an item of incompatible dtype is deprecated and will raise in a future error of pandas. Value '[ 1.7825466  -0.56099504 -0.56099504 ... -0.56099504 -0.56099504
 -0.56099504]' has dtype incompatible with int64, please explicitly cast to a compatible dtype first.
  transformed.loc[:, feature_columns] = (values - self.mean) / self.std
/Users/pranav/Projects/Professional/College/DS340W/SETCN/train.py:58: FutureWarning: Setting an item of incompatible dtype is deprecated and will raise in a future error of pandas. Value '[-0.3242534 -0.3242534 -0.3242534 ... -0.3242534 -0.3242534 -0.3242534]' has dtype incompatible with int64, please explicitly cast to a compatible dtype first.
  transformed.loc[:, feature_columns] = (values - self.mean) / self.std
/Users/pranav/Projects/Professional/College/DS340W/SETCN/train.py:58: FutureWarning: Setting an item of incompatible dtype is deprecated and will raise in a future error of pandas. Value '[-0.48818663 -0.48818663 -0.48818663 ... -0.48818663 -0.48818663
 -0.48818663]' has dtype incompatible with int64, please explicitly cast to a compatible dtype first.
  transformed.loc[:, feature_columns] = (values - self.mean) / self.std
/Users/pranav/Projects/Professional/College/DS340W/SETCN/train.py:58: FutureWarning: Setting an item of incompatible dtype is deprecated and will raise in a future error of pandas. Value '[-1.4271456 -1.4271456 -1.4271456 ... -1.4271456 -1.4271456 -1.4271456]' has dtype incompatible with int64, please explicitly cast to a compatible dtype first.
  transformed.loc[:, feature_columns] = (values - self.mean) / self.std
/Users/pranav/Projects/Professional/College/DS340W/SETCN/train.py:58: FutureWarning: Setting an item of incompatible dtype is deprecated and will raise in a future error of pandas. Value '[-0.56099504 -0.56099504 -0.56099504 ... -0.56099504 -0.56099504
 -0.56099504]' has dtype incompatible with int64, please explicitly cast to a compatible dtype first.
  transformed.loc[:, feature_columns] = (values - self.mean) / self.std
/Users/pranav/Projects/Professional/College/DS340W/SETCN/train.py:58: FutureWarning: Setting an item of incompatible dtype is deprecated and will raise in a future error of pandas. Value '[-0.3242534 -0.3242534 -0.3242534 ... -0.3242534 -0.3242534 -0.3242534]' has dtype incompatible with int64, please explicitly cast to a compatible dtype first.
  transformed.loc[:, feature_columns] = (values - self.mean) / self.std
/Users/pranav/Projects/Professional/College/DS340W/SETCN/train.py:58: FutureWarning: Setting an item of incompatible dtype is deprecated and will raise in a future error of pandas. Value '[-0.48818663 -0.48818663 -0.48818663 ...  2.0483968   2.0483968
  2.0483968 ]' has dtype incompatible with int64, please explicitly cast to a compatible dtype first.
  transformed.loc[:, feature_columns] = (values - self.mean) / self.std
/Users/pranav/Projects/Professional/College/DS340W/SETCN/train.py:58: FutureWarning: Setting an item of incompatible dtype is deprecated and will raise in a future error of pandas. Value '[-1.4271456  -1.4271456  -1.4271456  ...  0.70069927  0.70069927
  0.70069927]' has dtype incompatible with int64, please explicitly cast to a compatible dtype first.
  transformed.loc[:, feature_columns] = (values - self.mean) / self.std
/Users/pranav/Projects/Professional/College/DS340W/SETCN/train.py:58: FutureWarning: Setting an item of incompatible dtype is deprecated and will raise in a future error of pandas. Value '[-0.56099504 -0.56099504 -0.56099504 ...  1.7825466   1.7825466
  1.7825466 ]' has dtype incompatible with int64, please explicitly cast to a compatible dtype first.
  transformed.loc[:, feature_columns] = (values - self.mean) / self.std
/Users/pranav/Projects/Professional/College/DS340W/SETCN/train.py:58: FutureWarning: Setting an item of incompatible dtype is deprecated and will raise in a future error of pandas. Value '[-0.3242534 -0.3242534 -0.3242534 ...  3.0840073  3.0840073  3.0840073]' has dtype incompatible with int64, please explicitly cast to a compatible dtype first.
  transformed.loc[:, feature_columns] = (values - self.mean) / self.std
/Users/pranav/Projects/Professional/College/DS340W/SETCN/train.py:58: FutureWarning: Setting an item of incompatible dtype is deprecated and will raise in a future error of pandas. Value '[-0.48818663 -0.48818663 -0.48818663 ... -0.48818663 -0.48818663
 -0.48818663]' has dtype incompatible with int64, please explicitly cast to a compatible dtype first.
  transformed.loc[:, feature_columns] = (values - self.mean) / self.std
/Users/pranav/Projects/Professional/College/DS340W/SETCN/train.py:58: FutureWarning: Setting an item of incompatible dtype is deprecated and will raise in a future error of pandas. Value '[0.70069927 0.70069927 0.70069927 ... 0.70069927 0.70069927 0.70069927]' has dtype incompatible with int64, please explicitly cast to a compatible dtype first.
  transformed.loc[:, feature_columns] = (values - self.mean) / self.std
/Users/pranav/Projects/Professional/College/DS340W/SETCN/train.py:58: FutureWarning: Setting an item of incompatible dtype is deprecated and will raise in a future error of pandas. Value '[ 1.7825466  -0.56099504 -0.56099504 ... -0.56099504 -0.56099504
 -0.56099504]' has dtype incompatible with int64, please explicitly cast to a compatible dtype first.
  transformed.loc[:, feature_columns] = (values - self.mean) / self.std
/Users/pranav/Projects/Professional/College/DS340W/SETCN/train.py:58: FutureWarning: Setting an item of incompatible dtype is deprecated and will raise in a future error of pandas. Value '[-0.3242534 -0.3242534 -0.3242534 ... -0.3242534 -0.3242534 -0.3242534]' has dtype incompatible with int64, please explicitly cast to a compatible dtype first.
  transformed.loc[:, feature_columns] = (values - self.mean) / self.std
/Users/pranav/Projects/Professional/College/DS340W/SETCN/train.py:58: FutureWarning: Setting an item of incompatible dtype is deprecated and will raise in a future error of pandas. Value '[-0.48818663 -0.48818663 -0.48818663 ... -0.48818663 -0.48818663
 -0.48818663]' has dtype incompatible with int64, please explicitly cast to a compatible dtype first.
  transformed.loc[:, feature_columns] = (values - self.mean) / self.std
/Users/pranav/Projects/Professional/College/DS340W/SETCN/train.py:58: FutureWarning: Setting an item of incompatible dtype is deprecated and will raise in a future error of pandas. Value '[0.70069927 0.70069927 0.70069927 ... 0.70069927 0.70069927 0.70069927]' has dtype incompatible with int64, please explicitly cast to a compatible dtype first.
  transformed.loc[:, feature_columns] = (values - self.mean) / self.std
/Users/pranav/Projects/Professional/College/DS340W/SETCN/train.py:58: FutureWarning: Setting an item of incompatible dtype is deprecated and will raise in a future error of pandas. Value '[-0.56099504  1.7825466   1.7825466  ... -0.56099504 -0.56099504
 -0.56099504]' has dtype incompatible with int64, please explicitly cast to a compatible dtype first.
  transformed.loc[:, feature_columns] = (values - self.mean) / self.std
/Users/pranav/Projects/Professional/College/DS340W/SETCN/train.py:58: FutureWarning: Setting an item of incompatible dtype is deprecated and will raise in a future error of pandas. Value '[-0.3242534 -0.3242534 -0.3242534 ... -0.3242534 -0.3242534 -0.3242534]' has dtype incompatible with int64, please explicitly cast to a compatible dtype first.
  transformed.loc[:, feature_columns] = (values - self.mean) / self.std
/Users/pranav/Projects/Professional/College/DS340W/SETCN/train.py:58: FutureWarning: Setting an item of incompatible dtype is deprecated and will raise in a future error of pandas. Value '[-0.48818663 -0.48818663 -0.48818663 ... -0.48818663 -0.48818663
 -0.48818663]' has dtype incompatible with int64, please explicitly cast to a compatible dtype first.
  transformed.loc[:, feature_columns] = (values - self.mean) / self.std
/Users/pranav/Projects/Professional/College/DS340W/SETCN/train.py:58: FutureWarning: Setting an item of incompatible dtype is deprecated and will raise in a future error of pandas. Value '[-1.4271456 -1.4271456 -1.4271456 ... -1.4271456 -1.4271456 -1.4271456]' has dtype incompatible with int64, please explicitly cast to a compatible dtype first.
  transformed.loc[:, feature_columns] = (values - self.mean) / self.std
/Users/pranav/Projects/Professional/College/DS340W/SETCN/train.py:58: FutureWarning: Setting an item of incompatible dtype is deprecated and will raise in a future error of pandas. Value '[-0.56099504 -0.56099504 -0.56099504 ... -0.56099504 -0.56099504
 -0.56099504]' has dtype incompatible with int64, please explicitly cast to a compatible dtype first.
  transformed.loc[:, feature_columns] = (values - self.mean) / self.std
/Users/pranav/Projects/Professional/College/DS340W/SETCN/train.py:58: FutureWarning: Setting an item of incompatible dtype is deprecated and will raise in a future error of pandas. Value '[-0.3242534 -0.3242534 -0.3242534 ... -0.3242534 -0.3242534 -0.3242534]' has dtype incompatible with int64, please explicitly cast to a compatible dtype first.
  transformed.loc[:, feature_columns] = (values - self.mean) / self.std
/Users/pranav/Projects/Professional/College/DS340W/SETCN/train.py:58: FutureWarning: Setting an item of incompatible dtype is deprecated and will raise in a future error of pandas. Value '[ 2.0483968   2.0483968   2.0483968  ...  2.0483968  -0.48818663
 -0.48818663]' has dtype incompatible with int64, please explicitly cast to a compatible dtype first.
  transformed.loc[:, feature_columns] = (values - self.mean) / self.std
/Users/pranav/Projects/Professional/College/DS340W/SETCN/train.py:58: FutureWarning: Setting an item of incompatible dtype is deprecated and will raise in a future error of pandas. Value '[0.70069927 0.70069927 0.70069927 ... 0.70069927 0.70069927 0.70069927]' has dtype incompatible with int64, please explicitly cast to a compatible dtype first.
  transformed.loc[:, feature_columns] = (values - self.mean) / self.std
/Users/pranav/Projects/Professional/College/DS340W/SETCN/train.py:58: FutureWarning: Setting an item of incompatible dtype is deprecated and will raise in a future error of pandas. Value '[ 1.7825466   1.7825466   1.7825466  ...  1.7825466  -0.56099504
 -0.56099504]' has dtype incompatible with int64, please explicitly cast to a compatible dtype first.
  transformed.loc[:, feature_columns] = (values - self.mean) / self.std
/Users/pranav/Projects/Professional/College/DS340W/SETCN/train.py:58: FutureWarning: Setting an item of incompatible dtype is deprecated and will raise in a future error of pandas. Value '[ 3.0840073  3.0840073  3.0840073 ... -0.3242534 -0.3242534 -0.3242534]' has dtype incompatible with int64, please explicitly cast to a compatible dtype first.
  transformed.loc[:, feature_columns] = (values - self.mean) / self.std
/Users/pranav/Projects/Professional/College/DS340W/SETCN/train.py:58: FutureWarning: Setting an item of incompatible dtype is deprecated and will raise in a future error of pandas. Value '[ 2.0483968   2.0483968   2.0483968  ... -0.48818663 -0.48818663
 -0.48818663]' has dtype incompatible with int64, please explicitly cast to a compatible dtype first.
  transformed.loc[:, feature_columns] = (values - self.mean) / self.std
/Users/pranav/Projects/Professional/College/DS340W/SETCN/train.py:58: FutureWarning: Setting an item of incompatible dtype is deprecated and will raise in a future error of pandas. Value '[0.70069927 0.70069927 0.70069927 ... 0.70069927 0.70069927 0.70069927]' has dtype incompatible with int64, please explicitly cast to a compatible dtype first.
  transformed.loc[:, feature_columns] = (values - self.mean) / self.std
/Users/pranav/Projects/Professional/College/DS340W/SETCN/train.py:58: FutureWarning: Setting an item of incompatible dtype is deprecated and will raise in a future error of pandas. Value '[ 1.7825466   1.7825466   1.7825466  ... -0.56099504 -0.56099504
 -0.56099504]' has dtype incompatible with int64, please explicitly cast to a compatible dtype first.
  transformed.loc[:, feature_columns] = (values - self.mean) / self.std
/Users/pranav/Projects/Professional/College/DS340W/SETCN/train.py:58: FutureWarning: Setting an item of incompatible dtype is deprecated and will raise in a future error of pandas. Value '[ 3.0840073  3.0840073  3.0840073 ... -0.3242534 -0.3242534 -0.3242534]' has dtype incompatible with int64, please explicitly cast to a compatible dtype first.
  transformed.loc[:, feature_columns] = (values - self.mean) / self.std
/Users/pranav/Projects/Professional/College/DS340W/SETCN/train.py:58: FutureWarning: Setting an item of incompatible dtype is deprecated and will raise in a future error of pandas. Value '[ 2.0483968   2.0483968   2.0483968  ...  2.0483968   2.0483968
 -0.48818663]' has dtype incompatible with int64, please explicitly cast to a compatible dtype first.
  transformed.loc[:, feature_columns] = (values - self.mean) / self.std
/Users/pranav/Projects/Professional/College/DS340W/SETCN/train.py:58: FutureWarning: Setting an item of incompatible dtype is deprecated and will raise in a future error of pandas. Value '[ 0.70069927  0.70069927  0.70069927 ...  0.70069927 -1.4271456
 -1.4271456 ]' has dtype incompatible with int64, please explicitly cast to a compatible dtype first.
  transformed.loc[:, feature_columns] = (values - self.mean) / self.std
/Users/pranav/Projects/Professional/College/DS340W/SETCN/train.py:58: FutureWarning: Setting an item of incompatible dtype is deprecated and will raise in a future error of pandas. Value '[ 1.7825466   1.7825466   1.7825466  ...  1.7825466   1.7825466
 -0.56099504]' has dtype incompatible with int64, please explicitly cast to a compatible dtype first.
  transformed.loc[:, feature_columns] = (values - self.mean) / self.std
/Users/pranav/Projects/Professional/College/DS340W/SETCN/train.py:58: FutureWarning: Setting an item of incompatible dtype is deprecated and will raise in a future error of pandas. Value '[-0.3242534 -0.3242534 -0.3242534 ... -0.3242534 -0.3242534 -0.3242534]' has dtype incompatible with int64, please explicitly cast to a compatible dtype first.
  transformed.loc[:, feature_columns] = (values - self.mean) / self.std
/Users/pranav/Projects/Professional/College/DS340W/SETCN/train.py:58: FutureWarning: Setting an item of incompatible dtype is deprecated and will raise in a future error of pandas. Value '[-0.48818663 -0.48818663 -0.48818663 ... -0.48818663 -0.48818663
 -0.48818663]' has dtype incompatible with int64, please explicitly cast to a compatible dtype first.
  transformed.loc[:, feature_columns] = (values - self.mean) / self.std
/Users/pranav/Projects/Professional/College/DS340W/SETCN/train.py:58: FutureWarning: Setting an item of incompatible dtype is deprecated and will raise in a future error of pandas. Value '[0.70069927 0.70069927 0.70069927 ... 0.70069927 0.70069927 0.70069927]' has dtype incompatible with int64, please explicitly cast to a compatible dtype first.
  transformed.loc[:, feature_columns] = (values - self.mean) / self.std
/Users/pranav/Projects/Professional/College/DS340W/SETCN/train.py:58: FutureWarning: Setting an item of incompatible dtype is deprecated and will raise in a future error of pandas. Value '[ 1.7825466  -0.56099504 -0.56099504 ... -0.56099504 -0.56099504
 -0.56099504]' has dtype incompatible with int64, please explicitly cast to a compatible dtype first.
  transformed.loc[:, feature_columns] = (values - self.mean) / self.std
/Users/pranav/Projects/Professional/College/DS340W/SETCN/train.py:58: FutureWarning: Setting an item of incompatible dtype is deprecated and will raise in a future error of pandas. Value '[-0.3242534 -0.3242534 -0.3242534 ... -0.3242534 -0.3242534 -0.3242534]' has dtype incompatible with int64, please explicitly cast to a compatible dtype first.
  transformed.loc[:, feature_columns] = (values - self.mean) / self.std
/Users/pranav/Projects/Professional/College/DS340W/SETCN/train.py:58: FutureWarning: Setting an item of incompatible dtype is deprecated and will raise in a future error of pandas. Value '[-0.48818663 -0.48818663 -0.48818663 ... -0.48818663 -0.48818663
 -0.48818663]' has dtype incompatible with int64, please explicitly cast to a compatible dtype first.
  transformed.loc[:, feature_columns] = (values - self.mean) / self.std
/Users/pranav/Projects/Professional/College/DS340W/SETCN/train.py:58: FutureWarning: Setting an item of incompatible dtype is deprecated and will raise in a future error of pandas. Value '[0.70069927 0.70069927 0.70069927 ... 0.70069927 0.70069927 0.70069927]' has dtype incompatible with int64, please explicitly cast to a compatible dtype first.
  transformed.loc[:, feature_columns] = (values - self.mean) / self.std
/Users/pranav/Projects/Professional/College/DS340W/SETCN/train.py:58: FutureWarning: Setting an item of incompatible dtype is deprecated and will raise in a future error of pandas. Value '[ 1.7825466   1.7825466  -0.56099504 ... -0.56099504 -0.56099504
 -0.56099504]' has dtype incompatible with int64, please explicitly cast to a compatible dtype first.
  transformed.loc[:, feature_columns] = (values - self.mean) / self.std
/Users/pranav/Projects/Professional/College/DS340W/SETCN/train.py:58: FutureWarning: Setting an item of incompatible dtype is deprecated and will raise in a future error of pandas. Value '[ 3.0840073  3.0840073 -0.3242534 ... -0.3242534 -0.3242534 -0.3242534]' has dtype incompatible with int64, please explicitly cast to a compatible dtype first.
  transformed.loc[:, feature_columns] = (values - self.mean) / self.std
/Users/pranav/Projects/Professional/College/DS340W/SETCN/train.py:58: FutureWarning: Setting an item of incompatible dtype is deprecated and will raise in a future error of pandas. Value '[-0.48818663 -0.48818663 -0.48818663 ... -0.48818663 -0.48818663
 -0.48818663]' has dtype incompatible with int64, please explicitly cast to a compatible dtype first.
  transformed.loc[:, feature_columns] = (values - self.mean) / self.std
/Users/pranav/Projects/Professional/College/DS340W/SETCN/train.py:58: FutureWarning: Setting an item of incompatible dtype is deprecated and will raise in a future error of pandas. Value '[-1.4271456  -1.4271456  -1.4271456  ...  0.70069927  0.70069927
  0.70069927]' has dtype incompatible with int64, please explicitly cast to a compatible dtype first.
  transformed.loc[:, feature_columns] = (values - self.mean) / self.std
/Users/pranav/Projects/Professional/College/DS340W/SETCN/train.py:58: FutureWarning: Setting an item of incompatible dtype is deprecated and will raise in a future error of pandas. Value '[ 1.7825466   1.7825466   1.7825466  ... -0.56099504 -0.56099504
 -0.56099504]' has dtype incompatible with int64, please explicitly cast to a compatible dtype first.
  transformed.loc[:, feature_columns] = (values - self.mean) / self.std
/Users/pranav/Projects/Professional/College/DS340W/SETCN/train.py:58: FutureWarning: Setting an item of incompatible dtype is deprecated and will raise in a future error of pandas. Value '[-0.3242534 -0.3242534 -0.3242534 ... -0.3242534 -0.3242534 -0.3242534]' has dtype incompatible with int64, please explicitly cast to a compatible dtype first.
  transformed.loc[:, feature_columns] = (values - self.mean) / self.std
/Users/pranav/Projects/Professional/College/DS340W/SETCN/train.py:58: FutureWarning: Setting an item of incompatible dtype is deprecated and will raise in a future error of pandas. Value '[-0.48818663 -0.48818663 -0.48818663 ... -0.48818663 -0.48818663
 -0.48818663]' has dtype incompatible with int64, please explicitly cast to a compatible dtype first.
  transformed.loc[:, feature_columns] = (values - self.mean) / self.std
/Users/pranav/Projects/Professional/College/DS340W/SETCN/train.py:58: FutureWarning: Setting an item of incompatible dtype is deprecated and will raise in a future error of pandas. Value '[ 0.70069927  0.70069927  0.70069927 ... -1.4271456  -1.4271456
 -1.4271456 ]' has dtype incompatible with int64, please explicitly cast to a compatible dtype first.
  transformed.loc[:, feature_columns] = (values - self.mean) / self.std
/Users/pranav/Projects/Professional/College/DS340W/SETCN/train.py:58: FutureWarning: Setting an item of incompatible dtype is deprecated and will raise in a future error of pandas. Value '[ 1.7825466   1.7825466  -0.56099504 ... -0.56099504 -0.56099504
 -0.56099504]' has dtype incompatible with int64, please explicitly cast to a compatible dtype first.
  transformed.loc[:, feature_columns] = (values - self.mean) / self.std
/Users/pranav/Projects/Professional/College/DS340W/SETCN/train.py:58: FutureWarning: Setting an item of incompatible dtype is deprecated and will raise in a future error of pandas. Value '[-0.3242534 -0.3242534 -0.3242534 ... -0.3242534 -0.3242534 -0.3242534]' has dtype incompatible with int64, please explicitly cast to a compatible dtype first.
  transformed.loc[:, feature_columns] = (values - self.mean) / self.std
/Users/pranav/Projects/Professional/College/DS340W/SETCN/train.py:58: FutureWarning: Setting an item of incompatible dtype is deprecated and will raise in a future error of pandas. Value '[-0.48818663 -0.48818663 -0.48818663 ...  2.0483968   2.0483968
  2.0483968 ]' has dtype incompatible with int64, please explicitly cast to a compatible dtype first.
  transformed.loc[:, feature_columns] = (values - self.mean) / self.std
/Users/pranav/Projects/Professional/College/DS340W/SETCN/train.py:58: FutureWarning: Setting an item of incompatible dtype is deprecated and will raise in a future error of pandas. Value '[0.70069927 0.70069927 0.70069927 ... 0.70069927 0.70069927 0.70069927]' has dtype incompatible with int64, please explicitly cast to a compatible dtype first.
  transformed.loc[:, feature_columns] = (values - self.mean) / self.std
/Users/pranav/Projects/Professional/College/DS340W/SETCN/train.py:58: FutureWarning: Setting an item of incompatible dtype is deprecated and will raise in a future error of pandas. Value '[1.7825466 1.7825466 1.7825466 ... 1.7825466 1.7825466 1.7825466]' has dtype incompatible with int64, please explicitly cast to a compatible dtype first.
  transformed.loc[:, feature_columns] = (values - self.mean) / self.std
/Users/pranav/Projects/Professional/College/DS340W/SETCN/train.py:58: FutureWarning: Setting an item of incompatible dtype is deprecated and will raise in a future error of pandas. Value '[3.0840073 3.0840073 3.0840073 ... 3.0840073 3.0840073 3.0840073]' has dtype incompatible with int64, please explicitly cast to a compatible dtype first.
  transformed.loc[:, feature_columns] = (values - self.mean) / self.std
/Users/pranav/Projects/Professional/College/DS340W/SETCN/train.py:58: FutureWarning: Setting an item of incompatible dtype is deprecated and will raise in a future error of pandas. Value '[-0.48818663 -0.48818663 -0.48818663 ... -0.48818663 -0.48818663
 -0.48818663]' has dtype incompatible with int64, please explicitly cast to a compatible dtype first.
  transformed.loc[:, feature_columns] = (values - self.mean) / self.std
/Users/pranav/Projects/Professional/College/DS340W/SETCN/train.py:58: FutureWarning: Setting an item of incompatible dtype is deprecated and will raise in a future error of pandas. Value '[-1.4271456  -1.4271456  -1.4271456  ...  0.70069927  0.70069927
  0.70069927]' has dtype incompatible with int64, please explicitly cast to a compatible dtype first.
  transformed.loc[:, feature_columns] = (values - self.mean) / self.std
/Users/pranav/Projects/Professional/College/DS340W/SETCN/train.py:58: FutureWarning: Setting an item of incompatible dtype is deprecated and will raise in a future error of pandas. Value '[-0.56099504 -0.56099504 -0.56099504 ... -0.56099504 -0.56099504
 -0.56099504]' has dtype incompatible with int64, please explicitly cast to a compatible dtype first.
  transformed.loc[:, feature_columns] = (values - self.mean) / self.std
/Users/pranav/Projects/Professional/College/DS340W/SETCN/train.py:58: FutureWarning: Setting an item of incompatible dtype is deprecated and will raise in a future error of pandas. Value '[-0.3242534 -0.3242534 -0.3242534 ... -0.3242534 -0.3242534 -0.3242534]' has dtype incompatible with int64, please explicitly cast to a compatible dtype first.
  transformed.loc[:, feature_columns] = (values - self.mean) / self.std
/Users/pranav/Projects/Professional/College/DS340W/SETCN/train.py:58: FutureWarning: Setting an item of incompatible dtype is deprecated and will raise in a future error of pandas. Value '[-0.48818663 -0.48818663 -0.48818663 ... -0.48818663 -0.48818663
 -0.48818663]' has dtype incompatible with int64, please explicitly cast to a compatible dtype first.
  transformed.loc[:, feature_columns] = (values - self.mean) / self.std
/Users/pranav/Projects/Professional/College/DS340W/SETCN/train.py:58: FutureWarning: Setting an item of incompatible dtype is deprecated and will raise in a future error of pandas. Value '[-1.4271456 -1.4271456 -1.4271456 ... -1.4271456 -1.4271456 -1.4271456]' has dtype incompatible with int64, please explicitly cast to a compatible dtype first.
  transformed.loc[:, feature_columns] = (values - self.mean) / self.std
/Users/pranav/Projects/Professional/College/DS340W/SETCN/train.py:58: FutureWarning: Setting an item of incompatible dtype is deprecated and will raise in a future error of pandas. Value '[-0.56099504 -0.56099504 -0.56099504 ... -0.56099504 -0.56099504
 -0.56099504]' has dtype incompatible with int64, please explicitly cast to a compatible dtype first.
  transformed.loc[:, feature_columns] = (values - self.mean) / self.std
/Users/pranav/Projects/Professional/College/DS340W/SETCN/train.py:58: FutureWarning: Setting an item of incompatible dtype is deprecated and will raise in a future error of pandas. Value '[-0.3242534 -0.3242534 -0.3242534 ... -0.3242534 -0.3242534 -0.3242534]' has dtype incompatible with int64, please explicitly cast to a compatible dtype first.
  transformed.loc[:, feature_columns] = (values - self.mean) / self.std
/Users/pranav/Projects/Professional/College/DS340W/SETCN/train.py:58: FutureWarning: Setting an item of incompatible dtype is deprecated and will raise in a future error of pandas. Value '[ 2.0483968  -0.48818663 -0.48818663 ...  2.0483968  -0.48818663
 -0.48818663]' has dtype incompatible with int64, please explicitly cast to a compatible dtype first.
  transformed.loc[:, feature_columns] = (values - self.mean) / self.std
/Users/pranav/Projects/Professional/College/DS340W/SETCN/train.py:58: FutureWarning: Setting an item of incompatible dtype is deprecated and will raise in a future error of pandas. Value '[-1.4271456  -1.4271456  -1.4271456  ...  0.70069927  0.70069927
  0.70069927]' has dtype incompatible with int64, please explicitly cast to a compatible dtype first.
  transformed.loc[:, feature_columns] = (values - self.mean) / self.std
/Users/pranav/Projects/Professional/College/DS340W/SETCN/train.py:58: FutureWarning: Setting an item of incompatible dtype is deprecated and will raise in a future error of pandas. Value '[ 1.7825466  -0.56099504 -0.56099504 ...  1.7825466   1.7825466
 -0.56099504]' has dtype incompatible with int64, please explicitly cast to a compatible dtype first.
  transformed.loc[:, feature_columns] = (values - self.mean) / self.std
/Users/pranav/Projects/Professional/College/DS340W/SETCN/train.py:58: FutureWarning: Setting an item of incompatible dtype is deprecated and will raise in a future error of pandas. Value '[ 3.0840073 -0.3242534 -0.3242534 ... -0.3242534 -0.3242534 -0.3242534]' has dtype incompatible with int64, please explicitly cast to a compatible dtype first.
  transformed.loc[:, feature_columns] = (values - self.mean) / self.std
/Users/pranav/Projects/Professional/College/DS340W/SETCN/train.py:58: FutureWarning: Setting an item of incompatible dtype is deprecated and will raise in a future error of pandas. Value '[-0.48818663 -0.48818663 -0.48818663 ... -0.48818663 -0.48818663
 -0.48818663]' has dtype incompatible with int64, please explicitly cast to a compatible dtype first.
  transformed.loc[:, feature_columns] = (values - self.mean) / self.std
/Users/pranav/Projects/Professional/College/DS340W/SETCN/train.py:58: FutureWarning: Setting an item of incompatible dtype is deprecated and will raise in a future error of pandas. Value '[-1.4271456 -1.4271456 -1.4271456 ... -1.4271456 -1.4271456 -1.4271456]' has dtype incompatible with int64, please explicitly cast to a compatible dtype first.
  transformed.loc[:, feature_columns] = (values - self.mean) / self.std
/Users/pranav/Projects/Professional/College/DS340W/SETCN/train.py:58: FutureWarning: Setting an item of incompatible dtype is deprecated and will raise in a future error of pandas. Value '[-0.56099504 -0.56099504  1.7825466  ... -0.56099504 -0.56099504
 -0.56099504]' has dtype incompatible with int64, please explicitly cast to a compatible dtype first.
  transformed.loc[:, feature_columns] = (values - self.mean) / self.std
/Users/pranav/Projects/Professional/College/DS340W/SETCN/train.py:58: FutureWarning: Setting an item of incompatible dtype is deprecated and will raise in a future error of pandas. Value '[-0.3242534 -0.3242534 -0.3242534 ... -0.3242534 -0.3242534 -0.3242534]' has dtype incompatible with int64, please explicitly cast to a compatible dtype first.
  transformed.loc[:, feature_columns] = (values - self.mean) / self.std
/Users/pranav/Projects/Professional/College/DS340W/SETCN/train.py:58: FutureWarning: Setting an item of incompatible dtype is deprecated and will raise in a future error of pandas. Value '[2.0483968 2.0483968 2.0483968 ... 2.0483968 2.0483968 2.0483968]' has dtype incompatible with int64, please explicitly cast to a compatible dtype first.
  transformed.loc[:, feature_columns] = (values - self.mean) / self.std
/Users/pranav/Projects/Professional/College/DS340W/SETCN/train.py:58: FutureWarning: Setting an item of incompatible dtype is deprecated and will raise in a future error of pandas. Value '[-1.4271456  -1.4271456  -1.4271456  ...  0.70069927  0.70069927
  0.70069927]' has dtype incompatible with int64, please explicitly cast to a compatible dtype first.
  transformed.loc[:, feature_columns] = (values - self.mean) / self.std
/Users/pranav/Projects/Professional/College/DS340W/SETCN/train.py:58: FutureWarning: Setting an item of incompatible dtype is deprecated and will raise in a future error of pandas. Value '[1.7825466 1.7825466 1.7825466 ... 1.7825466 1.7825466 1.7825466]' has dtype incompatible with int64, please explicitly cast to a compatible dtype first.
  transformed.loc[:, feature_columns] = (values - self.mean) / self.std
/Users/pranav/Projects/Professional/College/DS340W/SETCN/train.py:58: FutureWarning: Setting an item of incompatible dtype is deprecated and will raise in a future error of pandas. Value '[3.0840073 3.0840073 3.0840073 ... 3.0840073 3.0840073 3.0840073]' has dtype incompatible with int64, please explicitly cast to a compatible dtype first.
  transformed.loc[:, feature_columns] = (values - self.mean) / self.std
/Users/pranav/Projects/Professional/College/DS340W/SETCN/train.py:58: FutureWarning: Setting an item of incompatible dtype is deprecated and will raise in a future error of pandas. Value '[-0.48818663 -0.48818663 -0.48818663 ... -0.48818663  2.0483968
  2.0483968 ]' has dtype incompatible with int64, please explicitly cast to a compatible dtype first.
  transformed.loc[:, feature_columns] = (values - self.mean) / self.std
/Users/pranav/Projects/Professional/College/DS340W/SETCN/train.py:58: FutureWarning: Setting an item of incompatible dtype is deprecated and will raise in a future error of pandas. Value '[-1.4271456 -1.4271456 -1.4271456 ... -1.4271456 -1.4271456 -1.4271456]' has dtype incompatible with int64, please explicitly cast to a compatible dtype first.
  transformed.loc[:, feature_columns] = (values - self.mean) / self.std
/Users/pranav/Projects/Professional/College/DS340W/SETCN/train.py:58: FutureWarning: Setting an item of incompatible dtype is deprecated and will raise in a future error of pandas. Value '[-0.56099504 -0.56099504 -0.56099504 ...  1.7825466   1.7825466
  1.7825466 ]' has dtype incompatible with int64, please explicitly cast to a compatible dtype first.
  transformed.loc[:, feature_columns] = (values - self.mean) / self.std
/Users/pranav/Projects/Professional/College/DS340W/SETCN/train.py:58: FutureWarning: Setting an item of incompatible dtype is deprecated and will raise in a future error of pandas. Value '[-0.3242534 -0.3242534 -0.3242534 ... -0.3242534 -0.3242534 -0.3242534]' has dtype incompatible with int64, please explicitly cast to a compatible dtype first.
  transformed.loc[:, feature_columns] = (values - self.mean) / self.std
/Users/pranav/Projects/Professional/College/DS340W/SETCN/train.py:58: FutureWarning: Setting an item of incompatible dtype is deprecated and will raise in a future error of pandas. Value '[-0.48818663 -0.48818663 -0.48818663 ...  2.0483968  -0.48818663
 -0.48818663]' has dtype incompatible with int64, please explicitly cast to a compatible dtype first.
  transformed.loc[:, feature_columns] = (values - self.mean) / self.std
/Users/pranav/Projects/Professional/College/DS340W/SETCN/train.py:58: FutureWarning: Setting an item of incompatible dtype is deprecated and will raise in a future error of pandas. Value '[ 0.70069927  0.70069927  0.70069927 ... -1.4271456  -1.4271456
 -1.4271456 ]' has dtype incompatible with int64, please explicitly cast to a compatible dtype first.
  transformed.loc[:, feature_columns] = (values - self.mean) / self.std
/Users/pranav/Projects/Professional/College/DS340W/SETCN/train.py:58: FutureWarning: Setting an item of incompatible dtype is deprecated and will raise in a future error of pandas. Value '[-0.56099504 -0.56099504 -0.56099504 ...  1.7825466   1.7825466
  1.7825466 ]' has dtype incompatible with int64, please explicitly cast to a compatible dtype first.
  transformed.loc[:, feature_columns] = (values - self.mean) / self.std
/Users/pranav/Projects/Professional/College/DS340W/SETCN/train.py:58: FutureWarning: Setting an item of incompatible dtype is deprecated and will raise in a future error of pandas. Value '[-0.3242534 -0.3242534 -0.3242534 ... -0.3242534 -0.3242534 -0.3242534]' has dtype incompatible with int64, please explicitly cast to a compatible dtype first.
  transformed.loc[:, feature_columns] = (values - self.mean) / self.std
/Users/pranav/Projects/Professional/College/DS340W/SETCN/train.py:58: FutureWarning: Setting an item of incompatible dtype is deprecated and will raise in a future error of pandas. Value '[ 2.0483968  -0.48818663 -0.48818663 ... -0.48818663 -0.48818663
 -0.48818663]' has dtype incompatible with int64, please explicitly cast to a compatible dtype first.
  transformed.loc[:, feature_columns] = (values - self.mean) / self.std
/Users/pranav/Projects/Professional/College/DS340W/SETCN/train.py:58: FutureWarning: Setting an item of incompatible dtype is deprecated and will raise in a future error of pandas. Value '[-1.4271456  -1.4271456  -1.4271456  ...  0.70069927  0.70069927
  0.70069927]' has dtype incompatible with int64, please explicitly cast to a compatible dtype first.
  transformed.loc[:, feature_columns] = (values - self.mean) / self.std
/Users/pranav/Projects/Professional/College/DS340W/SETCN/train.py:58: FutureWarning: Setting an item of incompatible dtype is deprecated and will raise in a future error of pandas. Value '[ 1.7825466   1.7825466   1.7825466  ... -0.56099504 -0.56099504
 -0.56099504]' has dtype incompatible with int64, please explicitly cast to a compatible dtype first.
  transformed.loc[:, feature_columns] = (values - self.mean) / self.std
/Users/pranav/Projects/Professional/College/DS340W/SETCN/train.py:58: FutureWarning: Setting an item of incompatible dtype is deprecated and will raise in a future error of pandas. Value '[ 3.0840073  3.0840073  3.0840073 ... -0.3242534 -0.3242534 -0.3242534]' has dtype incompatible with int64, please explicitly cast to a compatible dtype first.
  transformed.loc[:, feature_columns] = (values - self.mean) / self.std
/Users/pranav/Projects/Professional/College/DS340W/SETCN/train.py:58: FutureWarning: Setting an item of incompatible dtype is deprecated and will raise in a future error of pandas. Value '[-0.48818663 -0.48818663 -0.48818663 ... -0.48818663 -0.48818663
 -0.48818663]' has dtype incompatible with int64, please explicitly cast to a compatible dtype first.
  transformed.loc[:, feature_columns] = (values - self.mean) / self.std
/Users/pranav/Projects/Professional/College/DS340W/SETCN/train.py:58: FutureWarning: Setting an item of incompatible dtype is deprecated and will raise in a future error of pandas. Value '[-1.4271456  -1.4271456  -1.4271456  ...  0.70069927  0.70069927
  0.70069927]' has dtype incompatible with int64, please explicitly cast to a compatible dtype first.
  transformed.loc[:, feature_columns] = (values - self.mean) / self.std
/Users/pranav/Projects/Professional/College/DS340W/SETCN/train.py:58: FutureWarning: Setting an item of incompatible dtype is deprecated and will raise in a future error of pandas. Value '[-0.56099504 -0.56099504 -0.56099504 ... -0.56099504 -0.56099504
 -0.56099504]' has dtype incompatible with int64, please explicitly cast to a compatible dtype first.
  transformed.loc[:, feature_columns] = (values - self.mean) / self.std
/Users/pranav/Projects/Professional/College/DS340W/SETCN/train.py:58: FutureWarning: Setting an item of incompatible dtype is deprecated and will raise in a future error of pandas. Value '[-0.3242534 -0.3242534 -0.3242534 ... -0.3242534 -0.3242534 -0.3242534]' has dtype incompatible with int64, please explicitly cast to a compatible dtype first.
  transformed.loc[:, feature_columns] = (values - self.mean) / self.std
/Users/pranav/Projects/Professional/College/DS340W/SETCN/train.py:58: FutureWarning: Setting an item of incompatible dtype is deprecated and will raise in a future error of pandas. Value '[-0.48818663 -0.48818663 -0.48818663 ...  2.0483968   2.0483968
 -0.48818663]' has dtype incompatible with int64, please explicitly cast to a compatible dtype first.
  transformed.loc[:, feature_columns] = (values - self.mean) / self.std
/Users/pranav/Projects/Professional/College/DS340W/SETCN/train.py:58: FutureWarning: Setting an item of incompatible dtype is deprecated and will raise in a future error of pandas. Value '[-1.4271456  -1.4271456  -1.4271456  ...  0.70069927  0.70069927
  0.70069927]' has dtype incompatible with int64, please explicitly cast to a compatible dtype first.
  transformed.loc[:, feature_columns] = (values - self.mean) / self.std
/Users/pranav/Projects/Professional/College/DS340W/SETCN/train.py:58: FutureWarning: Setting an item of incompatible dtype is deprecated and will raise in a future error of pandas. Value '[-0.56099504 -0.56099504  1.7825466  ...  1.7825466   1.7825466
 -0.56099504]' has dtype incompatible with int64, please explicitly cast to a compatible dtype first.
  transformed.loc[:, feature_columns] = (values - self.mean) / self.std
/Users/pranav/Projects/Professional/College/DS340W/SETCN/train.py:58: FutureWarning: Setting an item of incompatible dtype is deprecated and will raise in a future error of pandas. Value '[-0.3242534 -0.3242534 -0.3242534 ... -0.3242534 -0.3242534 -0.3242534]' has dtype incompatible with int64, please explicitly cast to a compatible dtype first.
  transformed.loc[:, feature_columns] = (values - self.mean) / self.std
/Users/pranav/Projects/Professional/College/DS340W/SETCN/train.py:58: FutureWarning: Setting an item of incompatible dtype is deprecated and will raise in a future error of pandas. Value '[-0.48818663 -0.48818663 -0.48818663 ... -0.48818663 -0.48818663
 -0.48818663]' has dtype incompatible with int64, please explicitly cast to a compatible dtype first.
  transformed.loc[:, feature_columns] = (values - self.mean) / self.std
/Users/pranav/Projects/Professional/College/DS340W/SETCN/train.py:58: FutureWarning: Setting an item of incompatible dtype is deprecated and will raise in a future error of pandas. Value '[-1.4271456  -1.4271456  -1.4271456  ...  0.70069927  0.70069927
  0.70069927]' has dtype incompatible with int64, please explicitly cast to a compatible dtype first.
  transformed.loc[:, feature_columns] = (values - self.mean) / self.std
/Users/pranav/Projects/Professional/College/DS340W/SETCN/train.py:58: FutureWarning: Setting an item of incompatible dtype is deprecated and will raise in a future error of pandas. Value '[-0.56099504 -0.56099504 -0.56099504 ... -0.56099504 -0.56099504
 -0.56099504]' has dtype incompatible with int64, please explicitly cast to a compatible dtype first.
  transformed.loc[:, feature_columns] = (values - self.mean) / self.std
/Users/pranav/Projects/Professional/College/DS340W/SETCN/train.py:58: FutureWarning: Setting an item of incompatible dtype is deprecated and will raise in a future error of pandas. Value '[-0.3242534 -0.3242534 -0.3242534 ... -0.3242534 -0.3242534 -0.3242534]' has dtype incompatible with int64, please explicitly cast to a compatible dtype first.
  transformed.loc[:, feature_columns] = (values - self.mean) / self.std
/Users/pranav/Projects/Professional/College/DS340W/SETCN/train.py:58: FutureWarning: Setting an item of incompatible dtype is deprecated and will raise in a future error of pandas. Value '[-0.48818663  2.0483968   2.0483968  ...  2.0483968  -0.48818663
 -0.48818663]' has dtype incompatible with int64, please explicitly cast to a compatible dtype first.
  transformed.loc[:, feature_columns] = (values - self.mean) / self.std
/Users/pranav/Projects/Professional/College/DS340W/SETCN/train.py:58: FutureWarning: Setting an item of incompatible dtype is deprecated and will raise in a future error of pandas. Value '[-1.4271456  -1.4271456  -1.4271456  ...  0.70069927  0.70069927
  0.70069927]' has dtype incompatible with int64, please explicitly cast to a compatible dtype first.
  transformed.loc[:, feature_columns] = (values - self.mean) / self.std
/Users/pranav/Projects/Professional/College/DS340W/SETCN/train.py:58: FutureWarning: Setting an item of incompatible dtype is deprecated and will raise in a future error of pandas. Value '[-0.56099504  1.7825466   1.7825466  ...  1.7825466   1.7825466
 -0.56099504]' has dtype incompatible with int64, please explicitly cast to a compatible dtype first.
  transformed.loc[:, feature_columns] = (values - self.mean) / self.std
/Users/pranav/Projects/Professional/College/DS340W/SETCN/train.py:58: FutureWarning: Setting an item of incompatible dtype is deprecated and will raise in a future error of pandas. Value '[-0.3242534 -0.3242534 -0.3242534 ... -0.3242534 -0.3242534 -0.3242534]' has dtype incompatible with int64, please explicitly cast to a compatible dtype first.
  transformed.loc[:, feature_columns] = (values - self.mean) / self.std
/Users/pranav/Projects/Professional/College/DS340W/SETCN/train.py:58: FutureWarning: Setting an item of incompatible dtype is deprecated and will raise in a future error of pandas. Value '[-0.48818663 -0.48818663 -0.48818663 ... -0.48818663 -0.48818663
 -0.48818663]' has dtype incompatible with int64, please explicitly cast to a compatible dtype first.
  transformed.loc[:, feature_columns] = (values - self.mean) / self.std
/Users/pranav/Projects/Professional/College/DS340W/SETCN/train.py:58: FutureWarning: Setting an item of incompatible dtype is deprecated and will raise in a future error of pandas. Value '[0.70069927 0.70069927 0.70069927 ... 0.70069927 0.70069927 0.70069927]' has dtype incompatible with int64, please explicitly cast to a compatible dtype first.
  transformed.loc[:, feature_columns] = (values - self.mean) / self.std
/Users/pranav/Projects/Professional/College/DS340W/SETCN/train.py:58: FutureWarning: Setting an item of incompatible dtype is deprecated and will raise in a future error of pandas. Value '[ 1.7825466  -0.56099504 -0.56099504 ... -0.56099504 -0.56099504
 -0.56099504]' has dtype incompatible with int64, please explicitly cast to a compatible dtype first.
  transformed.loc[:, feature_columns] = (values - self.mean) / self.std
/Users/pranav/Projects/Professional/College/DS340W/SETCN/train.py:58: FutureWarning: Setting an item of incompatible dtype is deprecated and will raise in a future error of pandas. Value '[-0.3242534 -0.3242534 -0.3242534 ... -0.3242534 -0.3242534 -0.3242534]' has dtype incompatible with int64, please explicitly cast to a compatible dtype first.
  transformed.loc[:, feature_columns] = (values - self.mean) / self.std
/Users/pranav/Projects/Professional/College/DS340W/SETCN/train.py:58: FutureWarning: Setting an item of incompatible dtype is deprecated and will raise in a future error of pandas. Value '[-0.48818663 -0.48818663 -0.48818663 ... -0.48818663 -0.48818663
 -0.48818663]' has dtype incompatible with int64, please explicitly cast to a compatible dtype first.
  transformed.loc[:, feature_columns] = (values - self.mean) / self.std
/Users/pranav/Projects/Professional/College/DS340W/SETCN/train.py:58: FutureWarning: Setting an item of incompatible dtype is deprecated and will raise in a future error of pandas. Value '[-1.4271456 -1.4271456 -1.4271456 ... -1.4271456 -1.4271456 -1.4271456]' has dtype incompatible with int64, please explicitly cast to a compatible dtype first.
  transformed.loc[:, feature_columns] = (values - self.mean) / self.std
/Users/pranav/Projects/Professional/College/DS340W/SETCN/train.py:58: FutureWarning: Setting an item of incompatible dtype is deprecated and will raise in a future error of pandas. Value '[-0.56099504 -0.56099504  1.7825466  ... -0.56099504 -0.56099504
 -0.56099504]' has dtype incompatible with int64, please explicitly cast to a compatible dtype first.
  transformed.loc[:, feature_columns] = (values - self.mean) / self.std
/Users/pranav/Projects/Professional/College/DS340W/SETCN/train.py:58: FutureWarning: Setting an item of incompatible dtype is deprecated and will raise in a future error of pandas. Value '[-0.3242534 -0.3242534 -0.3242534 ... -0.3242534 -0.3242534 -0.3242534]' has dtype incompatible with int64, please explicitly cast to a compatible dtype first.
  transformed.loc[:, feature_columns] = (values - self.mean) / self.std
/Users/pranav/Projects/Professional/College/DS340W/SETCN/train.py:58: FutureWarning: Setting an item of incompatible dtype is deprecated and will raise in a future error of pandas. Value '[-0.48818663 -0.48818663 -0.48818663 ... -0.48818663 -0.48818663
 -0.48818663]' has dtype incompatible with int64, please explicitly cast to a compatible dtype first.
  transformed.loc[:, feature_columns] = (values - self.mean) / self.std
/Users/pranav/Projects/Professional/College/DS340W/SETCN/train.py:58: FutureWarning: Setting an item of incompatible dtype is deprecated and will raise in a future error of pandas. Value '[-1.4271456 -1.4271456 -1.4271456 ... -1.4271456 -1.4271456 -1.4271456]' has dtype incompatible with int64, please explicitly cast to a compatible dtype first.
  transformed.loc[:, feature_columns] = (values - self.mean) / self.std
/Users/pranav/Projects/Professional/College/DS340W/SETCN/train.py:58: FutureWarning: Setting an item of incompatible dtype is deprecated and will raise in a future error of pandas. Value '[ 1.7825466   1.7825466   1.7825466  ... -0.56099504 -0.56099504
 -0.56099504]' has dtype incompatible with int64, please explicitly cast to a compatible dtype first.
  transformed.loc[:, feature_columns] = (values - self.mean) / self.std
/Users/pranav/Projects/Professional/College/DS340W/SETCN/train.py:58: FutureWarning: Setting an item of incompatible dtype is deprecated and will raise in a future error of pandas. Value '[-0.3242534 -0.3242534 -0.3242534 ... -0.3242534 -0.3242534 -0.3242534]' has dtype incompatible with int64, please explicitly cast to a compatible dtype first.
  transformed.loc[:, feature_columns] = (values - self.mean) / self.std
/Users/pranav/Projects/Professional/College/DS340W/SETCN/train.py:58: FutureWarning: Setting an item of incompatible dtype is deprecated and will raise in a future error of pandas. Value '[-0.48818663 -0.48818663 -0.48818663 ...  2.0483968   2.0483968
  2.0483968 ]' has dtype incompatible with int64, please explicitly cast to a compatible dtype first.
  transformed.loc[:, feature_columns] = (values - self.mean) / self.std
/Users/pranav/Projects/Professional/College/DS340W/SETCN/train.py:58: FutureWarning: Setting an item of incompatible dtype is deprecated and will raise in a future error of pandas. Value '[-1.4271456  -1.4271456  -1.4271456  ...  0.70069927  0.70069927
  0.70069927]' has dtype incompatible with int64, please explicitly cast to a compatible dtype first.
  transformed.loc[:, feature_columns] = (values - self.mean) / self.std
/Users/pranav/Projects/Professional/College/DS340W/SETCN/train.py:58: FutureWarning: Setting an item of incompatible dtype is deprecated and will raise in a future error of pandas. Value '[-0.56099504 -0.56099504 -0.56099504 ...  1.7825466   1.7825466
  1.7825466 ]' has dtype incompatible with int64, please explicitly cast to a compatible dtype first.
  transformed.loc[:, feature_columns] = (values - self.mean) / self.std
/Users/pranav/Projects/Professional/College/DS340W/SETCN/train.py:58: FutureWarning: Setting an item of incompatible dtype is deprecated and will raise in a future error of pandas. Value '[-0.3242534 -0.3242534 -0.3242534 ...  3.0840073  3.0840073  3.0840073]' has dtype incompatible with int64, please explicitly cast to a compatible dtype first.
  transformed.loc[:, feature_columns] = (values - self.mean) / self.std
/Users/pranav/Projects/Professional/College/DS340W/SETCN/train.py:58: FutureWarning: Setting an item of incompatible dtype is deprecated and will raise in a future error of pandas. Value '[ 2.0483968   2.0483968   2.0483968  ... -0.48818663  2.0483968
  2.0483968 ]' has dtype incompatible with int64, please explicitly cast to a compatible dtype first.
  transformed.loc[:, feature_columns] = (values - self.mean) / self.std
/Users/pranav/Projects/Professional/College/DS340W/SETCN/train.py:58: FutureWarning: Setting an item of incompatible dtype is deprecated and will raise in a future error of pandas. Value '[-1.4271456  -1.4271456  -1.4271456  ...  0.70069927  0.70069927
  0.70069927]' has dtype incompatible with int64, please explicitly cast to a compatible dtype first.
  transformed.loc[:, feature_columns] = (values - self.mean) / self.std
/Users/pranav/Projects/Professional/College/DS340W/SETCN/train.py:58: FutureWarning: Setting an item of incompatible dtype is deprecated and will raise in a future error of pandas. Value '[ 1.7825466   1.7825466   1.7825466  ... -0.56099504  1.7825466
  1.7825466 ]' has dtype incompatible with int64, please explicitly cast to a compatible dtype first.
  transformed.loc[:, feature_columns] = (values - self.mean) / self.std
/Users/pranav/Projects/Professional/College/DS340W/SETCN/train.py:58: FutureWarning: Setting an item of incompatible dtype is deprecated and will raise in a future error of pandas. Value '[ 3.0840073  3.0840073  3.0840073 ... -0.3242534 -0.3242534 -0.3242534]' has dtype incompatible with int64, please explicitly cast to a compatible dtype first.
  transformed.loc[:, feature_columns] = (values - self.mean) / self.std
/Users/pranav/Projects/Professional/College/DS340W/SETCN/train.py:58: FutureWarning: Setting an item of incompatible dtype is deprecated and will raise in a future error of pandas. Value '[-0.48818663 -0.48818663 -0.48818663 ... -0.48818663 -0.48818663
 -0.48818663]' has dtype incompatible with int64, please explicitly cast to a compatible dtype first.
  transformed.loc[:, feature_columns] = (values - self.mean) / self.std
/Users/pranav/Projects/Professional/College/DS340W/SETCN/train.py:58: FutureWarning: Setting an item of incompatible dtype is deprecated and will raise in a future error of pandas. Value '[-1.4271456 -1.4271456 -1.4271456 ... -1.4271456 -1.4271456 -1.4271456]' has dtype incompatible with int64, please explicitly cast to a compatible dtype first.
  transformed.loc[:, feature_columns] = (values - self.mean) / self.std
/Users/pranav/Projects/Professional/College/DS340W/SETCN/train.py:58: FutureWarning: Setting an item of incompatible dtype is deprecated and will raise in a future error of pandas. Value '[-0.56099504 -0.56099504 -0.56099504 ...  1.7825466   1.7825466
 -0.56099504]' has dtype incompatible with int64, please explicitly cast to a compatible dtype first.
  transformed.loc[:, feature_columns] = (values - self.mean) / self.std
/Users/pranav/Projects/Professional/College/DS340W/SETCN/train.py:58: FutureWarning: Setting an item of incompatible dtype is deprecated and will raise in a future error of pandas. Value '[-0.3242534 -0.3242534 -0.3242534 ... -0.3242534 -0.3242534 -0.3242534]' has dtype incompatible with int64, please explicitly cast to a compatible dtype first.
  transformed.loc[:, feature_columns] = (values - self.mean) / self.std
/Users/pranav/Projects/Professional/College/DS340W/SETCN/train.py:58: FutureWarning: Setting an item of incompatible dtype is deprecated and will raise in a future error of pandas. Value '[-0.48818663 -0.48818663 -0.48818663 ...  2.0483968  -0.48818663
 -0.48818663]' has dtype incompatible with int64, please explicitly cast to a compatible dtype first.
  transformed.loc[:, feature_columns] = (values - self.mean) / self.std
/Users/pranav/Projects/Professional/College/DS340W/SETCN/train.py:58: FutureWarning: Setting an item of incompatible dtype is deprecated and will raise in a future error of pandas. Value '[-1.4271456  -1.4271456  -1.4271456  ...  0.70069927  0.70069927
  0.70069927]' has dtype incompatible with int64, please explicitly cast to a compatible dtype first.
  transformed.loc[:, feature_columns] = (values - self.mean) / self.std
/Users/pranav/Projects/Professional/College/DS340W/SETCN/train.py:58: FutureWarning: Setting an item of incompatible dtype is deprecated and will raise in a future error of pandas. Value '[-0.56099504 -0.56099504 -0.56099504 ...  1.7825466  -0.56099504
 -0.56099504]' has dtype incompatible with int64, please explicitly cast to a compatible dtype first.
  transformed.loc[:, feature_columns] = (values - self.mean) / self.std
/Users/pranav/Projects/Professional/College/DS340W/SETCN/train.py:58: FutureWarning: Setting an item of incompatible dtype is deprecated and will raise in a future error of pandas. Value '[-0.3242534 -0.3242534 -0.3242534 ... -0.3242534 -0.3242534 -0.3242534]' has dtype incompatible with int64, please explicitly cast to a compatible dtype first.
  transformed.loc[:, feature_columns] = (values - self.mean) / self.std
/Users/pranav/Projects/Professional/College/DS340W/SETCN/train.py:58: FutureWarning: Setting an item of incompatible dtype is deprecated and will raise in a future error of pandas. Value '[-0.48818663 -0.48818663 -0.48818663 ... -0.48818663 -0.48818663
 -0.48818663]' has dtype incompatible with int64, please explicitly cast to a compatible dtype first.
  transformed.loc[:, feature_columns] = (values - self.mean) / self.std
/Users/pranav/Projects/Professional/College/DS340W/SETCN/train.py:58: FutureWarning: Setting an item of incompatible dtype is deprecated and will raise in a future error of pandas. Value '[-1.4271456  -1.4271456  -1.4271456  ...  0.70069927  0.70069927
  0.70069927]' has dtype incompatible with int64, please explicitly cast to a compatible dtype first.
  transformed.loc[:, feature_columns] = (values - self.mean) / self.std
/Users/pranav/Projects/Professional/College/DS340W/SETCN/train.py:58: FutureWarning: Setting an item of incompatible dtype is deprecated and will raise in a future error of pandas. Value '[ 1.7825466   1.7825466   1.7825466  ... -0.56099504 -0.56099504
  1.7825466 ]' has dtype incompatible with int64, please explicitly cast to a compatible dtype first.
  transformed.loc[:, feature_columns] = (values - self.mean) / self.std
/Users/pranav/Projects/Professional/College/DS340W/SETCN/train.py:58: FutureWarning: Setting an item of incompatible dtype is deprecated and will raise in a future error of pandas. Value '[ 3.0840073  3.0840073  3.0840073 ... -0.3242534 -0.3242534 -0.3242534]' has dtype incompatible with int64, please explicitly cast to a compatible dtype first.
  transformed.loc[:, feature_columns] = (values - self.mean) / self.std
/Users/pranav/Projects/Professional/College/DS340W/SETCN/train.py:58: FutureWarning: Setting an item of incompatible dtype is deprecated and will raise in a future error of pandas. Value '[-0.48818663 -0.48818663 -0.48818663 ... -0.48818663 -0.48818663
 -0.48818663]' has dtype incompatible with int64, please explicitly cast to a compatible dtype first.
  transformed.loc[:, feature_columns] = (values - self.mean) / self.std
/Users/pranav/Projects/Professional/College/DS340W/SETCN/train.py:58: FutureWarning: Setting an item of incompatible dtype is deprecated and will raise in a future error of pandas. Value '[-1.4271456  -1.4271456  -1.4271456  ...  0.70069927  0.70069927
  0.70069927]' has dtype incompatible with int64, please explicitly cast to a compatible dtype first.
  transformed.loc[:, feature_columns] = (values - self.mean) / self.std
/Users/pranav/Projects/Professional/College/DS340W/SETCN/train.py:58: FutureWarning: Setting an item of incompatible dtype is deprecated and will raise in a future error of pandas. Value '[ 1.7825466   1.7825466   1.7825466  ... -0.56099504 -0.56099504
 -0.56099504]' has dtype incompatible with int64, please explicitly cast to a compatible dtype first.
  transformed.loc[:, feature_columns] = (values - self.mean) / self.std
/Users/pranav/Projects/Professional/College/DS340W/SETCN/train.py:58: FutureWarning: Setting an item of incompatible dtype is deprecated and will raise in a future error of pandas. Value '[-0.3242534 -0.3242534 -0.3242534 ... -0.3242534 -0.3242534 -0.3242534]' has dtype incompatible with int64, please explicitly cast to a compatible dtype first.
  transformed.loc[:, feature_columns] = (values - self.mean) / self.std
/Users/pranav/Projects/Professional/College/DS340W/SETCN/train.py:58: FutureWarning: Setting an item of incompatible dtype is deprecated and will raise in a future error of pandas. Value '[-0.48818663 -0.48818663 -0.48818663 ... -0.48818663 -0.48818663
 -0.48818663]' has dtype incompatible with int64, please explicitly cast to a compatible dtype first.
  transformed.loc[:, feature_columns] = (values - self.mean) / self.std
/Users/pranav/Projects/Professional/College/DS340W/SETCN/train.py:58: FutureWarning: Setting an item of incompatible dtype is deprecated and will raise in a future error of pandas. Value '[-1.4271456  -1.4271456  -1.4271456  ...  0.70069927  0.70069927
  0.70069927]' has dtype incompatible with int64, please explicitly cast to a compatible dtype first.
  transformed.loc[:, feature_columns] = (values - self.mean) / self.std
/Users/pranav/Projects/Professional/College/DS340W/SETCN/train.py:58: FutureWarning: Setting an item of incompatible dtype is deprecated and will raise in a future error of pandas. Value '[-0.56099504 -0.56099504 -0.56099504 ... -0.56099504 -0.56099504
 -0.56099504]' has dtype incompatible with int64, please explicitly cast to a compatible dtype first.
  transformed.loc[:, feature_columns] = (values - self.mean) / self.std
/Users/pranav/Projects/Professional/College/DS340W/SETCN/train.py:58: FutureWarning: Setting an item of incompatible dtype is deprecated and will raise in a future error of pandas. Value '[-0.3242534 -0.3242534 -0.3242534 ... -0.3242534 -0.3242534 -0.3242534]' has dtype incompatible with int64, please explicitly cast to a compatible dtype first.
  transformed.loc[:, feature_columns] = (values - self.mean) / self.std
/Users/pranav/Projects/Professional/College/DS340W/SETCN/train.py:58: FutureWarning: Setting an item of incompatible dtype is deprecated and will raise in a future error of pandas. Value '[-0.48818663 -0.48818663 -0.48818663 ... -0.48818663 -0.48818663
 -0.48818663]' has dtype incompatible with int64, please explicitly cast to a compatible dtype first.
  transformed.loc[:, feature_columns] = (values - self.mean) / self.std
/Users/pranav/Projects/Professional/College/DS340W/SETCN/train.py:58: FutureWarning: Setting an item of incompatible dtype is deprecated and will raise in a future error of pandas. Value '[-1.4271456  -1.4271456  -1.4271456  ...  0.70069927  0.70069927
  0.70069927]' has dtype incompatible with int64, please explicitly cast to a compatible dtype first.
  transformed.loc[:, feature_columns] = (values - self.mean) / self.std
/Users/pranav/Projects/Professional/College/DS340W/SETCN/train.py:58: FutureWarning: Setting an item of incompatible dtype is deprecated and will raise in a future error of pandas. Value '[-0.56099504 -0.56099504  1.7825466  ... -0.56099504 -0.56099504
 -0.56099504]' has dtype incompatible with int64, please explicitly cast to a compatible dtype first.
  transformed.loc[:, feature_columns] = (values - self.mean) / self.std
/Users/pranav/Projects/Professional/College/DS340W/SETCN/train.py:58: FutureWarning: Setting an item of incompatible dtype is deprecated and will raise in a future error of pandas. Value '[-0.3242534 -0.3242534 -0.3242534 ... -0.3242534 -0.3242534 -0.3242534]' has dtype incompatible with int64, please explicitly cast to a compatible dtype first.
  transformed.loc[:, feature_columns] = (values - self.mean) / self.std
/Users/pranav/Projects/Professional/College/DS340W/SETCN/train.py:58: FutureWarning: Setting an item of incompatible dtype is deprecated and will raise in a future error of pandas. Value '[-0.48818663 -0.48818663 -0.48818663 ... -0.48818663 -0.48818663
 -0.48818663]' has dtype incompatible with int64, please explicitly cast to a compatible dtype first.
  transformed.loc[:, feature_columns] = (values - self.mean) / self.std
/Users/pranav/Projects/Professional/College/DS340W/SETCN/train.py:58: FutureWarning: Setting an item of incompatible dtype is deprecated and will raise in a future error of pandas. Value '[-1.4271456 -1.4271456 -1.4271456 ... -1.4271456 -1.4271456 -1.4271456]' has dtype incompatible with int64, please explicitly cast to a compatible dtype first.
  transformed.loc[:, feature_columns] = (values - self.mean) / self.std
/Users/pranav/Projects/Professional/College/DS340W/SETCN/train.py:58: FutureWarning: Setting an item of incompatible dtype is deprecated and will raise in a future error of pandas. Value '[-0.56099504 -0.56099504 -0.56099504 ...  1.7825466   1.7825466
 -0.56099504]' has dtype incompatible with int64, please explicitly cast to a compatible dtype first.
  transformed.loc[:, feature_columns] = (values - self.mean) / self.std
/Users/pranav/Projects/Professional/College/DS340W/SETCN/train.py:58: FutureWarning: Setting an item of incompatible dtype is deprecated and will raise in a future error of pandas. Value '[-0.3242534 -0.3242534 -0.3242534 ... -0.3242534 -0.3242534 -0.3242534]' has dtype incompatible with int64, please explicitly cast to a compatible dtype first.
  transformed.loc[:, feature_columns] = (values - self.mean) / self.std
/Users/pranav/Projects/Professional/College/DS340W/SETCN/train.py:58: FutureWarning: Setting an item of incompatible dtype is deprecated and will raise in a future error of pandas. Value '[-0.48818663 -0.48818663 -0.48818663 ... -0.48818663 -0.48818663
 -0.48818663]' has dtype incompatible with int64, please explicitly cast to a compatible dtype first.
  transformed.loc[:, feature_columns] = (values - self.mean) / self.std
/Users/pranav/Projects/Professional/College/DS340W/SETCN/train.py:58: FutureWarning: Setting an item of incompatible dtype is deprecated and will raise in a future error of pandas. Value '[0.70069927 0.70069927 0.70069927 ... 0.70069927 0.70069927 0.70069927]' has dtype incompatible with int64, please explicitly cast to a compatible dtype first.
  transformed.loc[:, feature_columns] = (values - self.mean) / self.std
/Users/pranav/Projects/Professional/College/DS340W/SETCN/train.py:58: FutureWarning: Setting an item of incompatible dtype is deprecated and will raise in a future error of pandas. Value '[ 1.7825466   1.7825466   1.7825466  ... -0.56099504 -0.56099504
 -0.56099504]' has dtype incompatible with int64, please explicitly cast to a compatible dtype first.
  transformed.loc[:, feature_columns] = (values - self.mean) / self.std
/Users/pranav/Projects/Professional/College/DS340W/SETCN/train.py:58: FutureWarning: Setting an item of incompatible dtype is deprecated and will raise in a future error of pandas. Value '[ 3.0840073  3.0840073  3.0840073 ... -0.3242534 -0.3242534 -0.3242534]' has dtype incompatible with int64, please explicitly cast to a compatible dtype first.
  transformed.loc[:, feature_columns] = (values - self.mean) / self.std
/Users/pranav/Projects/Professional/College/DS340W/SETCN/train.py:58: FutureWarning: Setting an item of incompatible dtype is deprecated and will raise in a future error of pandas. Value '[ 2.0483968   2.0483968   2.0483968  ... -0.48818663 -0.48818663
 -0.48818663]' has dtype incompatible with int64, please explicitly cast to a compatible dtype first.
  transformed.loc[:, feature_columns] = (values - self.mean) / self.std
/Users/pranav/Projects/Professional/College/DS340W/SETCN/train.py:58: FutureWarning: Setting an item of incompatible dtype is deprecated and will raise in a future error of pandas. Value '[-1.4271456 -1.4271456 -1.4271456 ... -1.4271456 -1.4271456 -1.4271456]' has dtype incompatible with int64, please explicitly cast to a compatible dtype first.
  transformed.loc[:, feature_columns] = (values - self.mean) / self.std
/Users/pranav/Projects/Professional/College/DS340W/SETCN/train.py:58: FutureWarning: Setting an item of incompatible dtype is deprecated and will raise in a future error of pandas. Value '[ 1.7825466   1.7825466   1.7825466  ... -0.56099504 -0.56099504
 -0.56099504]' has dtype incompatible with int64, please explicitly cast to a compatible dtype first.
  transformed.loc[:, feature_columns] = (values - self.mean) / self.std
/Users/pranav/Projects/Professional/College/DS340W/SETCN/train.py:58: FutureWarning: Setting an item of incompatible dtype is deprecated and will raise in a future error of pandas. Value '[ 3.0840073  3.0840073  3.0840073 ... -0.3242534 -0.3242534 -0.3242534]' has dtype incompatible with int64, please explicitly cast to a compatible dtype first.
  transformed.loc[:, feature_columns] = (values - self.mean) / self.std
/Users/pranav/Projects/Professional/College/DS340W/SETCN/train.py:58: FutureWarning: Setting an item of incompatible dtype is deprecated and will raise in a future error of pandas. Value '[-0.48818663 -0.48818663 -0.48818663 ... -0.48818663 -0.48818663
 -0.48818663]' has dtype incompatible with int64, please explicitly cast to a compatible dtype first.
  transformed.loc[:, feature_columns] = (values - self.mean) / self.std
/Users/pranav/Projects/Professional/College/DS340W/SETCN/train.py:58: FutureWarning: Setting an item of incompatible dtype is deprecated and will raise in a future error of pandas. Value '[0.70069927 0.70069927 0.70069927 ... 0.70069927 0.70069927 0.70069927]' has dtype incompatible with int64, please explicitly cast to a compatible dtype first.
  transformed.loc[:, feature_columns] = (values - self.mean) / self.std
/Users/pranav/Projects/Professional/College/DS340W/SETCN/train.py:58: FutureWarning: Setting an item of incompatible dtype is deprecated and will raise in a future error of pandas. Value '[1.7825466 1.7825466 1.7825466 ... 1.7825466 1.7825466 1.7825466]' has dtype incompatible with int64, please explicitly cast to a compatible dtype first.
  transformed.loc[:, feature_columns] = (values - self.mean) / self.std
/Users/pranav/Projects/Professional/College/DS340W/SETCN/train.py:58: FutureWarning: Setting an item of incompatible dtype is deprecated and will raise in a future error of pandas. Value '[ 3.0840073  3.0840073  3.0840073 ... -0.3242534 -0.3242534 -0.3242534]' has dtype incompatible with int64, please explicitly cast to a compatible dtype first.
  transformed.loc[:, feature_columns] = (values - self.mean) / self.std
/Users/pranav/Projects/Professional/College/DS340W/SETCN/train.py:58: FutureWarning: Setting an item of incompatible dtype is deprecated and will raise in a future error of pandas. Value '[ 2.0483968   2.0483968   2.0483968  ... -0.48818663 -0.48818663
 -0.48818663]' has dtype incompatible with int64, please explicitly cast to a compatible dtype first.
  transformed.loc[:, feature_columns] = (values - self.mean) / self.std
/Users/pranav/Projects/Professional/College/DS340W/SETCN/train.py:58: FutureWarning: Setting an item of incompatible dtype is deprecated and will raise in a future error of pandas. Value '[ 0.70069927  0.70069927  0.70069927 ... -1.4271456  -1.4271456
 -1.4271456 ]' has dtype incompatible with int64, please explicitly cast to a compatible dtype first.
  transformed.loc[:, feature_columns] = (values - self.mean) / self.std
/Users/pranav/Projects/Professional/College/DS340W/SETCN/train.py:58: FutureWarning: Setting an item of incompatible dtype is deprecated and will raise in a future error of pandas. Value '[ 1.7825466   1.7825466   1.7825466  ... -0.56099504 -0.56099504
 -0.56099504]' has dtype incompatible with int64, please explicitly cast to a compatible dtype first.
  transformed.loc[:, feature_columns] = (values - self.mean) / self.std
/Users/pranav/Projects/Professional/College/DS340W/SETCN/train.py:58: FutureWarning: Setting an item of incompatible dtype is deprecated and will raise in a future error of pandas. Value '[ 3.0840073  3.0840073  3.0840073 ... -0.3242534 -0.3242534 -0.3242534]' has dtype incompatible with int64, please explicitly cast to a compatible dtype first.
  transformed.loc[:, feature_columns] = (values - self.mean) / self.std
/Users/pranav/Projects/Professional/College/DS340W/SETCN/train.py:58: FutureWarning: Setting an item of incompatible dtype is deprecated and will raise in a future error of pandas. Value '[ 2.0483968   2.0483968   2.0483968  ... -0.48818663 -0.48818663
 -0.48818663]' has dtype incompatible with int64, please explicitly cast to a compatible dtype first.
  transformed.loc[:, feature_columns] = (values - self.mean) / self.std
/Users/pranav/Projects/Professional/College/DS340W/SETCN/train.py:58: FutureWarning: Setting an item of incompatible dtype is deprecated and will raise in a future error of pandas. Value '[ 0.70069927  0.70069927  0.70069927 ... -1.4271456  -1.4271456
 -1.4271456 ]' has dtype incompatible with int64, please explicitly cast to a compatible dtype first.
  transformed.loc[:, feature_columns] = (values - self.mean) / self.std
/Users/pranav/Projects/Professional/College/DS340W/SETCN/train.py:58: FutureWarning: Setting an item of incompatible dtype is deprecated and will raise in a future error of pandas. Value '[ 1.7825466   1.7825466   1.7825466  ... -0.56099504 -0.56099504
 -0.56099504]' has dtype incompatible with int64, please explicitly cast to a compatible dtype first.
  transformed.loc[:, feature_columns] = (values - self.mean) / self.std
/Users/pranav/Projects/Professional/College/DS340W/SETCN/train.py:58: FutureWarning: Setting an item of incompatible dtype is deprecated and will raise in a future error of pandas. Value '[ 3.0840073  3.0840073  3.0840073 ... -0.3242534 -0.3242534 -0.3242534]' has dtype incompatible with int64, please explicitly cast to a compatible dtype first.
  transformed.loc[:, feature_columns] = (values - self.mean) / self.std
/Users/pranav/Projects/Professional/College/DS340W/SETCN/train.py:58: FutureWarning: Setting an item of incompatible dtype is deprecated and will raise in a future error of pandas. Value '[-0.48818663 -0.48818663 -0.48818663 ...  2.0483968   2.0483968
  2.0483968 ]' has dtype incompatible with int64, please explicitly cast to a compatible dtype first.
  transformed.loc[:, feature_columns] = (values - self.mean) / self.std
/Users/pranav/Projects/Professional/College/DS340W/SETCN/train.py:58: FutureWarning: Setting an item of incompatible dtype is deprecated and will raise in a future error of pandas. Value '[-1.4271456 -1.4271456 -1.4271456 ... -1.4271456 -1.4271456 -1.4271456]' has dtype incompatible with int64, please explicitly cast to a compatible dtype first.
  transformed.loc[:, feature_columns] = (values - self.mean) / self.std
/Users/pranav/Projects/Professional/College/DS340W/SETCN/train.py:58: FutureWarning: Setting an item of incompatible dtype is deprecated and will raise in a future error of pandas. Value '[-0.56099504 -0.56099504 -0.56099504 ...  1.7825466   1.7825466
  1.7825466 ]' has dtype incompatible with int64, please explicitly cast to a compatible dtype first.
  transformed.loc[:, feature_columns] = (values - self.mean) / self.std
/Users/pranav/Projects/Professional/College/DS340W/SETCN/train.py:58: FutureWarning: Setting an item of incompatible dtype is deprecated and will raise in a future error of pandas. Value '[-0.3242534 -0.3242534 -0.3242534 ...  3.0840073  3.0840073  3.0840073]' has dtype incompatible with int64, please explicitly cast to a compatible dtype first.
  transformed.loc[:, feature_columns] = (values - self.mean) / self.std
/Users/pranav/Projects/Professional/College/DS340W/SETCN/train.py:58: FutureWarning: Setting an item of incompatible dtype is deprecated and will raise in a future error of pandas. Value '[-0.48818663 -0.48818663 -0.48818663 ... -0.48818663 -0.48818663
 -0.48818663]' has dtype incompatible with int64, please explicitly cast to a compatible dtype first.
  transformed.loc[:, feature_columns] = (values - self.mean) / self.std
/Users/pranav/Projects/Professional/College/DS340W/SETCN/train.py:58: FutureWarning: Setting an item of incompatible dtype is deprecated and will raise in a future error of pandas. Value '[-1.4271456 -1.4271456 -1.4271456 ... -1.4271456 -1.4271456 -1.4271456]' has dtype incompatible with int64, please explicitly cast to a compatible dtype first.
  transformed.loc[:, feature_columns] = (values - self.mean) / self.std
/Users/pranav/Projects/Professional/College/DS340W/SETCN/train.py:58: FutureWarning: Setting an item of incompatible dtype is deprecated and will raise in a future error of pandas. Value '[-0.56099504 -0.56099504  1.7825466  ... -0.56099504 -0.56099504
 -0.56099504]' has dtype incompatible with int64, please explicitly cast to a compatible dtype first.
  transformed.loc[:, feature_columns] = (values - self.mean) / self.std
/Users/pranav/Projects/Professional/College/DS340W/SETCN/train.py:58: FutureWarning: Setting an item of incompatible dtype is deprecated and will raise in a future error of pandas. Value '[-0.3242534 -0.3242534 -0.3242534 ... -0.3242534 -0.3242534 -0.3242534]' has dtype incompatible with int64, please explicitly cast to a compatible dtype first.
  transformed.loc[:, feature_columns] = (values - self.mean) / self.std
/Users/pranav/Projects/Professional/College/DS340W/SETCN/train.py:58: FutureWarning: Setting an item of incompatible dtype is deprecated and will raise in a future error of pandas. Value '[2.0483968 2.0483968 2.0483968 ... 2.0483968 2.0483968 2.0483968]' has dtype incompatible with int64, please explicitly cast to a compatible dtype first.
  transformed.loc[:, feature_columns] = (values - self.mean) / self.std
/Users/pranav/Projects/Professional/College/DS340W/SETCN/train.py:58: FutureWarning: Setting an item of incompatible dtype is deprecated and will raise in a future error of pandas. Value '[-1.4271456  -1.4271456  -1.4271456  ...  0.70069927  0.70069927
  0.70069927]' has dtype incompatible with int64, please explicitly cast to a compatible dtype first.
  transformed.loc[:, feature_columns] = (values - self.mean) / self.std
/Users/pranav/Projects/Professional/College/DS340W/SETCN/train.py:58: FutureWarning: Setting an item of incompatible dtype is deprecated and will raise in a future error of pandas. Value '[1.7825466 1.7825466 1.7825466 ... 1.7825466 1.7825466 1.7825466]' has dtype incompatible with int64, please explicitly cast to a compatible dtype first.
  transformed.loc[:, feature_columns] = (values - self.mean) / self.std
/Users/pranav/Projects/Professional/College/DS340W/SETCN/train.py:58: FutureWarning: Setting an item of incompatible dtype is deprecated and will raise in a future error of pandas. Value '[3.0840073 3.0840073 3.0840073 ... 3.0840073 3.0840073 3.0840073]' has dtype incompatible with int64, please explicitly cast to a compatible dtype first.
  transformed.loc[:, feature_columns] = (values - self.mean) / self.std
/Users/pranav/Projects/Professional/College/DS340W/SETCN/train.py:58: FutureWarning: Setting an item of incompatible dtype is deprecated and will raise in a future error of pandas. Value '[-0.48818663 -0.48818663 -0.48818663 ... -0.48818663 -0.48818663
 -0.48818663]' has dtype incompatible with int64, please explicitly cast to a compatible dtype first.
  transformed.loc[:, feature_columns] = (values - self.mean) / self.std
/Users/pranav/Projects/Professional/College/DS340W/SETCN/train.py:58: FutureWarning: Setting an item of incompatible dtype is deprecated and will raise in a future error of pandas. Value '[-1.4271456 -1.4271456 -1.4271456 ... -1.4271456 -1.4271456 -1.4271456]' has dtype incompatible with int64, please explicitly cast to a compatible dtype first.
  transformed.loc[:, feature_columns] = (values - self.mean) / self.std
/Users/pranav/Projects/Professional/College/DS340W/SETCN/train.py:58: FutureWarning: Setting an item of incompatible dtype is deprecated and will raise in a future error of pandas. Value '[-0.56099504 -0.56099504 -0.56099504 ... -0.56099504 -0.56099504
 -0.56099504]' has dtype incompatible with int64, please explicitly cast to a compatible dtype first.
  transformed.loc[:, feature_columns] = (values - self.mean) / self.std
/Users/pranav/Projects/Professional/College/DS340W/SETCN/train.py:58: FutureWarning: Setting an item of incompatible dtype is deprecated and will raise in a future error of pandas. Value '[-0.3242534 -0.3242534 -0.3242534 ... -0.3242534 -0.3242534 -0.3242534]' has dtype incompatible with int64, please explicitly cast to a compatible dtype first.
  transformed.loc[:, feature_columns] = (values - self.mean) / self.std
/Users/pranav/Projects/Professional/College/DS340W/SETCN/train.py:58: FutureWarning: Setting an item of incompatible dtype is deprecated and will raise in a future error of pandas. Value '[ 2.0483968   2.0483968   2.0483968  ... -0.48818663  2.0483968
  2.0483968 ]' has dtype incompatible with int64, please explicitly cast to a compatible dtype first.
  transformed.loc[:, feature_columns] = (values - self.mean) / self.std
/Users/pranav/Projects/Professional/College/DS340W/SETCN/train.py:58: FutureWarning: Setting an item of incompatible dtype is deprecated and will raise in a future error of pandas. Value '[0.70069927 0.70069927 0.70069927 ... 0.70069927 0.70069927 0.70069927]' has dtype incompatible with int64, please explicitly cast to a compatible dtype first.
  transformed.loc[:, feature_columns] = (values - self.mean) / self.std
/Users/pranav/Projects/Professional/College/DS340W/SETCN/train.py:58: FutureWarning: Setting an item of incompatible dtype is deprecated and will raise in a future error of pandas. Value '[ 1.7825466   1.7825466   1.7825466  ... -0.56099504  1.7825466
  1.7825466 ]' has dtype incompatible with int64, please explicitly cast to a compatible dtype first.
  transformed.loc[:, feature_columns] = (values - self.mean) / self.std
/Users/pranav/Projects/Professional/College/DS340W/SETCN/train.py:58: FutureWarning: Setting an item of incompatible dtype is deprecated and will raise in a future error of pandas. Value '[ 3.0840073  3.0840073  3.0840073 ... -0.3242534 -0.3242534 -0.3242534]' has dtype incompatible with int64, please explicitly cast to a compatible dtype first.
  transformed.loc[:, feature_columns] = (values - self.mean) / self.std
/Users/pranav/Projects/Professional/College/DS340W/SETCN/train.py:58: FutureWarning: Setting an item of incompatible dtype is deprecated and will raise in a future error of pandas. Value '[ 2.0483968   2.0483968   2.0483968  ... -0.48818663 -0.48818663
 -0.48818663]' has dtype incompatible with int64, please explicitly cast to a compatible dtype first.
  transformed.loc[:, feature_columns] = (values - self.mean) / self.std
/Users/pranav/Projects/Professional/College/DS340W/SETCN/train.py:58: FutureWarning: Setting an item of incompatible dtype is deprecated and will raise in a future error of pandas. Value '[0.70069927 0.70069927 0.70069927 ... 0.70069927 0.70069927 0.70069927]' has dtype incompatible with int64, please explicitly cast to a compatible dtype first.
  transformed.loc[:, feature_columns] = (values - self.mean) / self.std
/Users/pranav/Projects/Professional/College/DS340W/SETCN/train.py:58: FutureWarning: Setting an item of incompatible dtype is deprecated and will raise in a future error of pandas. Value '[ 1.7825466   1.7825466   1.7825466  ... -0.56099504 -0.56099504
 -0.56099504]' has dtype incompatible with int64, please explicitly cast to a compatible dtype first.
  transformed.loc[:, feature_columns] = (values - self.mean) / self.std
/Users/pranav/Projects/Professional/College/DS340W/SETCN/train.py:58: FutureWarning: Setting an item of incompatible dtype is deprecated and will raise in a future error of pandas. Value '[ 3.0840073  3.0840073  3.0840073 ... -0.3242534 -0.3242534 -0.3242534]' has dtype incompatible with int64, please explicitly cast to a compatible dtype first.
  transformed.loc[:, feature_columns] = (values - self.mean) / self.std
/Users/pranav/Projects/Professional/College/DS340W/SETCN/train.py:58: FutureWarning: Setting an item of incompatible dtype is deprecated and will raise in a future error of pandas. Value '[ 2.0483968   2.0483968   2.0483968  ... -0.48818663 -0.48818663
 -0.48818663]' has dtype incompatible with int64, please explicitly cast to a compatible dtype first.
  transformed.loc[:, feature_columns] = (values - self.mean) / self.std
/Users/pranav/Projects/Professional/College/DS340W/SETCN/train.py:58: FutureWarning: Setting an item of incompatible dtype is deprecated and will raise in a future error of pandas. Value '[0.70069927 0.70069927 0.70069927 ... 0.70069927 0.70069927 0.70069927]' has dtype incompatible with int64, please explicitly cast to a compatible dtype first.
  transformed.loc[:, feature_columns] = (values - self.mean) / self.std
/Users/pranav/Projects/Professional/College/DS340W/SETCN/train.py:58: FutureWarning: Setting an item of incompatible dtype is deprecated and will raise in a future error of pandas. Value '[1.7825466 1.7825466 1.7825466 ... 1.7825466 1.7825466 1.7825466]' has dtype incompatible with int64, please explicitly cast to a compatible dtype first.
  transformed.loc[:, feature_columns] = (values - self.mean) / self.std
/Users/pranav/Projects/Professional/College/DS340W/SETCN/train.py:58: FutureWarning: Setting an item of incompatible dtype is deprecated and will raise in a future error of pandas. Value '[ 3.0840073  3.0840073  3.0840073 ... -0.3242534 -0.3242534 -0.3242534]' has dtype incompatible with int64, please explicitly cast to a compatible dtype first.
  transformed.loc[:, feature_columns] = (values - self.mean) / self.std
/Users/pranav/Projects/Professional/College/DS340W/SETCN/train.py:58: FutureWarning: Setting an item of incompatible dtype is deprecated and will raise in a future error of pandas. Value '[ 2.0483968  -0.48818663 -0.48818663 ... -0.48818663 -0.48818663
 -0.48818663]' has dtype incompatible with int64, please explicitly cast to a compatible dtype first.
  transformed.loc[:, feature_columns] = (values - self.mean) / self.std
/Users/pranav/Projects/Professional/College/DS340W/SETCN/train.py:58: FutureWarning: Setting an item of incompatible dtype is deprecated and will raise in a future error of pandas. Value '[0.70069927 0.70069927 0.70069927 ... 0.70069927 0.70069927 0.70069927]' has dtype incompatible with int64, please explicitly cast to a compatible dtype first.
  transformed.loc[:, feature_columns] = (values - self.mean) / self.std
/Users/pranav/Projects/Professional/College/DS340W/SETCN/train.py:58: FutureWarning: Setting an item of incompatible dtype is deprecated and will raise in a future error of pandas. Value '[ 1.7825466   1.7825466  -0.56099504 ... -0.56099504  1.7825466
 -0.56099504]' has dtype incompatible with int64, please explicitly cast to a compatible dtype first.
  transformed.loc[:, feature_columns] = (values - self.mean) / self.std
/Users/pranav/Projects/Professional/College/DS340W/SETCN/train.py:58: FutureWarning: Setting an item of incompatible dtype is deprecated and will raise in a future error of pandas. Value '[ 3.0840073 -0.3242534 -0.3242534 ... -0.3242534 -0.3242534 -0.3242534]' has dtype incompatible with int64, please explicitly cast to a compatible dtype first.
  transformed.loc[:, feature_columns] = (values - self.mean) / self.std
/Users/pranav/Projects/Professional/College/DS340W/SETCN/train.py:58: FutureWarning: Setting an item of incompatible dtype is deprecated and will raise in a future error of pandas. Value '[-0.48818663 -0.48818663 -0.48818663 ... -0.48818663 -0.48818663
 -0.48818663]' has dtype incompatible with int64, please explicitly cast to a compatible dtype first.
  transformed.loc[:, feature_columns] = (values - self.mean) / self.std
/Users/pranav/Projects/Professional/College/DS340W/SETCN/train.py:58: FutureWarning: Setting an item of incompatible dtype is deprecated and will raise in a future error of pandas. Value '[-1.4271456 -1.4271456 -1.4271456 ... -1.4271456 -1.4271456 -1.4271456]' has dtype incompatible with int64, please explicitly cast to a compatible dtype first.
  transformed.loc[:, feature_columns] = (values - self.mean) / self.std
/Users/pranav/Projects/Professional/College/DS340W/SETCN/train.py:58: FutureWarning: Setting an item of incompatible dtype is deprecated and will raise in a future error of pandas. Value '[-0.56099504 -0.56099504  1.7825466  ... -0.56099504 -0.56099504
 -0.56099504]' has dtype incompatible with int64, please explicitly cast to a compatible dtype first.
  transformed.loc[:, feature_columns] = (values - self.mean) / self.std
/Users/pranav/Projects/Professional/College/DS340W/SETCN/train.py:58: FutureWarning: Setting an item of incompatible dtype is deprecated and will raise in a future error of pandas. Value '[-0.3242534 -0.3242534 -0.3242534 ... -0.3242534 -0.3242534 -0.3242534]' has dtype incompatible with int64, please explicitly cast to a compatible dtype first.
  transformed.loc[:, feature_columns] = (values - self.mean) / self.std
/Users/pranav/Projects/Professional/College/DS340W/SETCN/train.py:58: FutureWarning: Setting an item of incompatible dtype is deprecated and will raise in a future error of pandas. Value '[ 2.0483968   2.0483968   2.0483968  ... -0.48818663 -0.48818663
 -0.48818663]' has dtype incompatible with int64, please explicitly cast to a compatible dtype first.
  transformed.loc[:, feature_columns] = (values - self.mean) / self.std
/Users/pranav/Projects/Professional/College/DS340W/SETCN/train.py:58: FutureWarning: Setting an item of incompatible dtype is deprecated and will raise in a future error of pandas. Value '[0.70069927 0.70069927 0.70069927 ... 0.70069927 0.70069927 0.70069927]' has dtype incompatible with int64, please explicitly cast to a compatible dtype first.
  transformed.loc[:, feature_columns] = (values - self.mean) / self.std
/Users/pranav/Projects/Professional/College/DS340W/SETCN/train.py:58: FutureWarning: Setting an item of incompatible dtype is deprecated and will raise in a future error of pandas. Value '[ 1.7825466   1.7825466   1.7825466  ... -0.56099504 -0.56099504
 -0.56099504]' has dtype incompatible with int64, please explicitly cast to a compatible dtype first.
  transformed.loc[:, feature_columns] = (values - self.mean) / self.std
/Users/pranav/Projects/Professional/College/DS340W/SETCN/train.py:58: FutureWarning: Setting an item of incompatible dtype is deprecated and will raise in a future error of pandas. Value '[ 3.0840073  3.0840073  3.0840073 ... -0.3242534 -0.3242534 -0.3242534]' has dtype incompatible with int64, please explicitly cast to a compatible dtype first.
  transformed.loc[:, feature_columns] = (values - self.mean) / self.std
/Users/pranav/Projects/Professional/College/DS340W/SETCN/train.py:58: FutureWarning: Setting an item of incompatible dtype is deprecated and will raise in a future error of pandas. Value '[-0.48818663  2.0483968   2.0483968  ... -0.48818663 -0.48818663
 -0.48818663]' has dtype incompatible with int64, please explicitly cast to a compatible dtype first.
  transformed.loc[:, feature_columns] = (values - self.mean) / self.std
/Users/pranav/Projects/Professional/College/DS340W/SETCN/train.py:58: FutureWarning: Setting an item of incompatible dtype is deprecated and will raise in a future error of pandas. Value '[-1.4271456 -1.4271456 -1.4271456 ... -1.4271456 -1.4271456 -1.4271456]' has dtype incompatible with int64, please explicitly cast to a compatible dtype first.
  transformed.loc[:, feature_columns] = (values - self.mean) / self.std
/Users/pranav/Projects/Professional/College/DS340W/SETCN/train.py:58: FutureWarning: Setting an item of incompatible dtype is deprecated and will raise in a future error of pandas. Value '[-0.56099504  1.7825466   1.7825466  ...  1.7825466   1.7825466
 -0.56099504]' has dtype incompatible with int64, please explicitly cast to a compatible dtype first.
  transformed.loc[:, feature_columns] = (values - self.mean) / self.std
/Users/pranav/Projects/Professional/College/DS340W/SETCN/train.py:58: FutureWarning: Setting an item of incompatible dtype is deprecated and will raise in a future error of pandas. Value '[-0.3242534 -0.3242534  3.0840073 ... -0.3242534 -0.3242534 -0.3242534]' has dtype incompatible with int64, please explicitly cast to a compatible dtype first.
  transformed.loc[:, feature_columns] = (values - self.mean) / self.std
/Users/pranav/Projects/Professional/College/DS340W/SETCN/train.py:58: FutureWarning: Setting an item of incompatible dtype is deprecated and will raise in a future error of pandas. Value '[-0.48818663 -0.48818663 -0.48818663 ...  2.0483968   2.0483968
  2.0483968 ]' has dtype incompatible with int64, please explicitly cast to a compatible dtype first.
  transformed.loc[:, feature_columns] = (values - self.mean) / self.std
/Users/pranav/Projects/Professional/College/DS340W/SETCN/train.py:58: FutureWarning: Setting an item of incompatible dtype is deprecated and will raise in a future error of pandas. Value '[0.70069927 0.70069927 0.70069927 ... 0.70069927 0.70069927 0.70069927]' has dtype incompatible with int64, please explicitly cast to a compatible dtype first.
  transformed.loc[:, feature_columns] = (values - self.mean) / self.std
/Users/pranav/Projects/Professional/College/DS340W/SETCN/train.py:58: FutureWarning: Setting an item of incompatible dtype is deprecated and will raise in a future error of pandas. Value '[1.7825466 1.7825466 1.7825466 ... 1.7825466 1.7825466 1.7825466]' has dtype incompatible with int64, please explicitly cast to a compatible dtype first.
  transformed.loc[:, feature_columns] = (values - self.mean) / self.std
/Users/pranav/Projects/Professional/College/DS340W/SETCN/train.py:58: FutureWarning: Setting an item of incompatible dtype is deprecated and will raise in a future error of pandas. Value '[ 3.0840073  3.0840073  3.0840073 ... -0.3242534 -0.3242534 -0.3242534]' has dtype incompatible with int64, please explicitly cast to a compatible dtype first.
  transformed.loc[:, feature_columns] = (values - self.mean) / self.std
/Users/pranav/Projects/Professional/College/DS340W/SETCN/train.py:58: FutureWarning: Setting an item of incompatible dtype is deprecated and will raise in a future error of pandas. Value '[-0.48818663 -0.48818663 -0.48818663 ... -0.48818663  2.0483968
  2.0483968 ]' has dtype incompatible with int64, please explicitly cast to a compatible dtype first.
  transformed.loc[:, feature_columns] = (values - self.mean) / self.std
/Users/pranav/Projects/Professional/College/DS340W/SETCN/train.py:58: FutureWarning: Setting an item of incompatible dtype is deprecated and will raise in a future error of pandas. Value '[-1.4271456 -1.4271456 -1.4271456 ... -1.4271456 -1.4271456 -1.4271456]' has dtype incompatible with int64, please explicitly cast to a compatible dtype first.
  transformed.loc[:, feature_columns] = (values - self.mean) / self.std
/Users/pranav/Projects/Professional/College/DS340W/SETCN/train.py:58: FutureWarning: Setting an item of incompatible dtype is deprecated and will raise in a future error of pandas. Value '[ 1.7825466   1.7825466   1.7825466  ... -0.56099504  1.7825466
  1.7825466 ]' has dtype incompatible with int64, please explicitly cast to a compatible dtype first.
  transformed.loc[:, feature_columns] = (values - self.mean) / self.std
/Users/pranav/Projects/Professional/College/DS340W/SETCN/train.py:58: FutureWarning: Setting an item of incompatible dtype is deprecated and will raise in a future error of pandas. Value '[-0.3242534 -0.3242534 -0.3242534 ... -0.3242534 -0.3242534 -0.3242534]' has dtype incompatible with int64, please explicitly cast to a compatible dtype first.
  transformed.loc[:, feature_columns] = (values - self.mean) / self.std
/Users/pranav/Projects/Professional/College/DS340W/SETCN/train.py:58: FutureWarning: Setting an item of incompatible dtype is deprecated and will raise in a future error of pandas. Value '[2.0483968 2.0483968 2.0483968 ... 2.0483968 2.0483968 2.0483968]' has dtype incompatible with int64, please explicitly cast to a compatible dtype first.
  transformed.loc[:, feature_columns] = (values - self.mean) / self.std
/Users/pranav/Projects/Professional/College/DS340W/SETCN/train.py:58: FutureWarning: Setting an item of incompatible dtype is deprecated and will raise in a future error of pandas. Value '[ 0.70069927  0.70069927  0.70069927 ... -1.4271456  -1.4271456
 -1.4271456 ]' has dtype incompatible with int64, please explicitly cast to a compatible dtype first.
  transformed.loc[:, feature_columns] = (values - self.mean) / self.std
/Users/pranav/Projects/Professional/College/DS340W/SETCN/train.py:58: FutureWarning: Setting an item of incompatible dtype is deprecated and will raise in a future error of pandas. Value '[1.7825466 1.7825466 1.7825466 ... 1.7825466 1.7825466 1.7825466]' has dtype incompatible with int64, please explicitly cast to a compatible dtype first.
  transformed.loc[:, feature_columns] = (values - self.mean) / self.std
/Users/pranav/Projects/Professional/College/DS340W/SETCN/train.py:58: FutureWarning: Setting an item of incompatible dtype is deprecated and will raise in a future error of pandas. Value '[ 3.0840073  3.0840073  3.0840073 ... -0.3242534 -0.3242534 -0.3242534]' has dtype incompatible with int64, please explicitly cast to a compatible dtype first.
  transformed.loc[:, feature_columns] = (values - self.mean) / self.std
/Users/pranav/Projects/Professional/College/DS340W/SETCN/train.py:58: FutureWarning: Setting an item of incompatible dtype is deprecated and will raise in a future error of pandas. Value '[-0.48818663 -0.48818663 -0.48818663 ... -0.48818663 -0.48818663
 -0.48818663]' has dtype incompatible with int64, please explicitly cast to a compatible dtype first.
  transformed.loc[:, feature_columns] = (values - self.mean) / self.std
/Users/pranav/Projects/Professional/College/DS340W/SETCN/train.py:58: FutureWarning: Setting an item of incompatible dtype is deprecated and will raise in a future error of pandas. Value '[-1.4271456  -1.4271456  -1.4271456  ...  0.70069927  0.70069927
  0.70069927]' has dtype incompatible with int64, please explicitly cast to a compatible dtype first.
  transformed.loc[:, feature_columns] = (values - self.mean) / self.std
/Users/pranav/Projects/Professional/College/DS340W/SETCN/train.py:58: FutureWarning: Setting an item of incompatible dtype is deprecated and will raise in a future error of pandas. Value '[ 1.7825466   1.7825466   1.7825466  ... -0.56099504 -0.56099504
 -0.56099504]' has dtype incompatible with int64, please explicitly cast to a compatible dtype first.
  transformed.loc[:, feature_columns] = (values - self.mean) / self.std
/Users/pranav/Projects/Professional/College/DS340W/SETCN/train.py:58: FutureWarning: Setting an item of incompatible dtype is deprecated and will raise in a future error of pandas. Value '[-0.3242534 -0.3242534 -0.3242534 ... -0.3242534 -0.3242534 -0.3242534]' has dtype incompatible with int64, please explicitly cast to a compatible dtype first.
  transformed.loc[:, feature_columns] = (values - self.mean) / self.std
/Users/pranav/Projects/Professional/College/DS340W/SETCN/train.py:58: FutureWarning: Setting an item of incompatible dtype is deprecated and will raise in a future error of pandas. Value '[-0.48818663 -0.48818663 -0.48818663 ... -0.48818663 -0.48818663
 -0.48818663]' has dtype incompatible with int64, please explicitly cast to a compatible dtype first.
  transformed.loc[:, feature_columns] = (values - self.mean) / self.std
/Users/pranav/Projects/Professional/College/DS340W/SETCN/train.py:58: FutureWarning: Setting an item of incompatible dtype is deprecated and will raise in a future error of pandas. Value '[-1.4271456  -1.4271456  -1.4271456  ...  0.70069927  0.70069927
  0.70069927]' has dtype incompatible with int64, please explicitly cast to a compatible dtype first.
  transformed.loc[:, feature_columns] = (values - self.mean) / self.std
/Users/pranav/Projects/Professional/College/DS340W/SETCN/train.py:58: FutureWarning: Setting an item of incompatible dtype is deprecated and will raise in a future error of pandas. Value '[-0.56099504 -0.56099504 -0.56099504 ... -0.56099504 -0.56099504
 -0.56099504]' has dtype incompatible with int64, please explicitly cast to a compatible dtype first.
  transformed.loc[:, feature_columns] = (values - self.mean) / self.std
/Users/pranav/Projects/Professional/College/DS340W/SETCN/train.py:58: FutureWarning: Setting an item of incompatible dtype is deprecated and will raise in a future error of pandas. Value '[-0.3242534 -0.3242534 -0.3242534 ... -0.3242534 -0.3242534 -0.3242534]' has dtype incompatible with int64, please explicitly cast to a compatible dtype first.
  transformed.loc[:, feature_columns] = (values - self.mean) / self.std
/Users/pranav/Projects/Professional/College/DS340W/SETCN/train.py:58: FutureWarning: Setting an item of incompatible dtype is deprecated and will raise in a future error of pandas. Value '[-0.48818663 -0.48818663 -0.48818663 ... -0.48818663 -0.48818663
 -0.48818663]' has dtype incompatible with int64, please explicitly cast to a compatible dtype first.
  transformed.loc[:, feature_columns] = (values - self.mean) / self.std
/Users/pranav/Projects/Professional/College/DS340W/SETCN/train.py:58: FutureWarning: Setting an item of incompatible dtype is deprecated and will raise in a future error of pandas. Value '[-1.4271456 -1.4271456 -1.4271456 ... -1.4271456 -1.4271456 -1.4271456]' has dtype incompatible with int64, please explicitly cast to a compatible dtype first.
  transformed.loc[:, feature_columns] = (values - self.mean) / self.std
/Users/pranav/Projects/Professional/College/DS340W/SETCN/train.py:58: FutureWarning: Setting an item of incompatible dtype is deprecated and will raise in a future error of pandas. Value '[-0.56099504 -0.56099504 -0.56099504 ... -0.56099504 -0.56099504
 -0.56099504]' has dtype incompatible with int64, please explicitly cast to a compatible dtype first.
  transformed.loc[:, feature_columns] = (values - self.mean) / self.std
/Users/pranav/Projects/Professional/College/DS340W/SETCN/train.py:58: FutureWarning: Setting an item of incompatible dtype is deprecated and will raise in a future error of pandas. Value '[-0.3242534 -0.3242534 -0.3242534 ... -0.3242534 -0.3242534 -0.3242534]' has dtype incompatible with int64, please explicitly cast to a compatible dtype first.
  transformed.loc[:, feature_columns] = (values - self.mean) / self.std
/Users/pranav/Projects/Professional/College/DS340W/SETCN/train.py:58: FutureWarning: Setting an item of incompatible dtype is deprecated and will raise in a future error of pandas. Value '[-0.48818663 -0.48818663 -0.48818663 ... -0.48818663 -0.48818663
 -0.48818663]' has dtype incompatible with int64, please explicitly cast to a compatible dtype first.
  transformed.loc[:, feature_columns] = (values - self.mean) / self.std
/Users/pranav/Projects/Professional/College/DS340W/SETCN/train.py:58: FutureWarning: Setting an item of incompatible dtype is deprecated and will raise in a future error of pandas. Value '[-1.4271456  -1.4271456  -1.4271456  ...  0.70069927  0.70069927
  0.70069927]' has dtype incompatible with int64, please explicitly cast to a compatible dtype first.
  transformed.loc[:, feature_columns] = (values - self.mean) / self.std
/Users/pranav/Projects/Professional/College/DS340W/SETCN/train.py:58: FutureWarning: Setting an item of incompatible dtype is deprecated and will raise in a future error of pandas. Value '[-0.56099504  1.7825466   1.7825466  ... -0.56099504 -0.56099504
 -0.56099504]' has dtype incompatible with int64, please explicitly cast to a compatible dtype first.
  transformed.loc[:, feature_columns] = (values - self.mean) / self.std
/Users/pranav/Projects/Professional/College/DS340W/SETCN/train.py:58: FutureWarning: Setting an item of incompatible dtype is deprecated and will raise in a future error of pandas. Value '[-0.3242534 -0.3242534 -0.3242534 ... -0.3242534 -0.3242534 -0.3242534]' has dtype incompatible with int64, please explicitly cast to a compatible dtype first.
  transformed.loc[:, feature_columns] = (values - self.mean) / self.std
/Users/pranav/Projects/Professional/College/DS340W/SETCN/train.py:58: FutureWarning: Setting an item of incompatible dtype is deprecated and will raise in a future error of pandas. Value '[-0.48818663 -0.48818663  2.0483968  ... -0.48818663 -0.48818663
 -0.48818663]' has dtype incompatible with int64, please explicitly cast to a compatible dtype first.
  transformed.loc[:, feature_columns] = (values - self.mean) / self.std
/Users/pranav/Projects/Professional/College/DS340W/SETCN/train.py:58: FutureWarning: Setting an item of incompatible dtype is deprecated and will raise in a future error of pandas. Value '[ 0.70069927  0.70069927  0.70069927 ... -1.4271456  -1.4271456
 -1.4271456 ]' has dtype incompatible with int64, please explicitly cast to a compatible dtype first.
  transformed.loc[:, feature_columns] = (values - self.mean) / self.std
/Users/pranav/Projects/Professional/College/DS340W/SETCN/train.py:58: FutureWarning: Setting an item of incompatible dtype is deprecated and will raise in a future error of pandas. Value '[ 1.7825466   1.7825466   1.7825466  ... -0.56099504 -0.56099504
 -0.56099504]' has dtype incompatible with int64, please explicitly cast to a compatible dtype first.
  transformed.loc[:, feature_columns] = (values - self.mean) / self.std
/Users/pranav/Projects/Professional/College/DS340W/SETCN/train.py:58: FutureWarning: Setting an item of incompatible dtype is deprecated and will raise in a future error of pandas. Value '[-0.3242534 -0.3242534 -0.3242534 ... -0.3242534 -0.3242534 -0.3242534]' has dtype incompatible with int64, please explicitly cast to a compatible dtype first.
  transformed.loc[:, feature_columns] = (values - self.mean) / self.std
/Users/pranav/Projects/Professional/College/DS340W/SETCN/train.py:58: FutureWarning: Setting an item of incompatible dtype is deprecated and will raise in a future error of pandas. Value '[-0.48818663 -0.48818663 -0.48818663 ... -0.48818663 -0.48818663
 -0.48818663]' has dtype incompatible with int64, please explicitly cast to a compatible dtype first.
  transformed.loc[:, feature_columns] = (values - self.mean) / self.std
/Users/pranav/Projects/Professional/College/DS340W/SETCN/train.py:58: FutureWarning: Setting an item of incompatible dtype is deprecated and will raise in a future error of pandas. Value '[-1.4271456  -1.4271456  -1.4271456  ...  0.70069927  0.70069927
  0.70069927]' has dtype incompatible with int64, please explicitly cast to a compatible dtype first.
  transformed.loc[:, feature_columns] = (values - self.mean) / self.std
/Users/pranav/Projects/Professional/College/DS340W/SETCN/train.py:58: FutureWarning: Setting an item of incompatible dtype is deprecated and will raise in a future error of pandas. Value '[-0.56099504 -0.56099504 -0.56099504 ... -0.56099504 -0.56099504
 -0.56099504]' has dtype incompatible with int64, please explicitly cast to a compatible dtype first.
  transformed.loc[:, feature_columns] = (values - self.mean) / self.std
/Users/pranav/Projects/Professional/College/DS340W/SETCN/train.py:58: FutureWarning: Setting an item of incompatible dtype is deprecated and will raise in a future error of pandas. Value '[-0.3242534 -0.3242534 -0.3242534 ... -0.3242534 -0.3242534 -0.3242534]' has dtype incompatible with int64, please explicitly cast to a compatible dtype first.
  transformed.loc[:, feature_columns] = (values - self.mean) / self.std
/Users/pranav/Projects/Professional/College/DS340W/SETCN/train.py:58: FutureWarning: Setting an item of incompatible dtype is deprecated and will raise in a future error of pandas. Value '[ 2.0483968   2.0483968   2.0483968  ... -0.48818663 -0.48818663
 -0.48818663]' has dtype incompatible with int64, please explicitly cast to a compatible dtype first.
  transformed.loc[:, feature_columns] = (values - self.mean) / self.std
/Users/pranav/Projects/Professional/College/DS340W/SETCN/train.py:58: FutureWarning: Setting an item of incompatible dtype is deprecated and will raise in a future error of pandas. Value '[-1.4271456  -1.4271456  -1.4271456  ...  0.70069927  0.70069927
  0.70069927]' has dtype incompatible with int64, please explicitly cast to a compatible dtype first.
  transformed.loc[:, feature_columns] = (values - self.mean) / self.std
/Users/pranav/Projects/Professional/College/DS340W/SETCN/train.py:58: FutureWarning: Setting an item of incompatible dtype is deprecated and will raise in a future error of pandas. Value '[ 1.7825466   1.7825466   1.7825466  ... -0.56099504 -0.56099504
 -0.56099504]' has dtype incompatible with int64, please explicitly cast to a compatible dtype first.
  transformed.loc[:, feature_columns] = (values - self.mean) / self.std
/Users/pranav/Projects/Professional/College/DS340W/SETCN/train.py:58: FutureWarning: Setting an item of incompatible dtype is deprecated and will raise in a future error of pandas. Value '[ 3.0840073  3.0840073  3.0840073 ... -0.3242534 -0.3242534 -0.3242534]' has dtype incompatible with int64, please explicitly cast to a compatible dtype first.
  transformed.loc[:, feature_columns] = (values - self.mean) / self.std
/Users/pranav/Projects/Professional/College/DS340W/SETCN/train.py:58: FutureWarning: Setting an item of incompatible dtype is deprecated and will raise in a future error of pandas. Value '[-0.48818663 -0.48818663 -0.48818663 ... -0.48818663 -0.48818663
 -0.48818663]' has dtype incompatible with int64, please explicitly cast to a compatible dtype first.
  transformed.loc[:, feature_columns] = (values - self.mean) / self.std
/Users/pranav/Projects/Professional/College/DS340W/SETCN/train.py:58: FutureWarning: Setting an item of incompatible dtype is deprecated and will raise in a future error of pandas. Value '[0.70069927 0.70069927 0.70069927 ... 0.70069927 0.70069927 0.70069927]' has dtype incompatible with int64, please explicitly cast to a compatible dtype first.
  transformed.loc[:, feature_columns] = (values - self.mean) / self.std
/Users/pranav/Projects/Professional/College/DS340W/SETCN/train.py:58: FutureWarning: Setting an item of incompatible dtype is deprecated and will raise in a future error of pandas. Value '[-0.56099504 -0.56099504 -0.56099504 ... -0.56099504 -0.56099504
 -0.56099504]' has dtype incompatible with int64, please explicitly cast to a compatible dtype first.
  transformed.loc[:, feature_columns] = (values - self.mean) / self.std
/Users/pranav/Projects/Professional/College/DS340W/SETCN/train.py:58: FutureWarning: Setting an item of incompatible dtype is deprecated and will raise in a future error of pandas. Value '[ 3.0840073  3.0840073  3.0840073 ... -0.3242534 -0.3242534 -0.3242534]' has dtype incompatible with int64, please explicitly cast to a compatible dtype first.
  transformed.loc[:, feature_columns] = (values - self.mean) / self.std
/Users/pranav/Projects/Professional/College/DS340W/SETCN/train.py:58: FutureWarning: Setting an item of incompatible dtype is deprecated and will raise in a future error of pandas. Value '[-0.48818663 -0.48818663 -0.48818663 ... -0.48818663 -0.48818663
 -0.48818663]' has dtype incompatible with int64, please explicitly cast to a compatible dtype first.
  transformed.loc[:, feature_columns] = (values - self.mean) / self.std
/Users/pranav/Projects/Professional/College/DS340W/SETCN/train.py:58: FutureWarning: Setting an item of incompatible dtype is deprecated and will raise in a future error of pandas. Value '[-1.4271456  -1.4271456  -1.4271456  ...  0.70069927  0.70069927
  0.70069927]' has dtype incompatible with int64, please explicitly cast to a compatible dtype first.
  transformed.loc[:, feature_columns] = (values - self.mean) / self.std
/Users/pranav/Projects/Professional/College/DS340W/SETCN/train.py:58: FutureWarning: Setting an item of incompatible dtype is deprecated and will raise in a future error of pandas. Value '[-0.56099504 -0.56099504 -0.56099504 ... -0.56099504 -0.56099504
 -0.56099504]' has dtype incompatible with int64, please explicitly cast to a compatible dtype first.
  transformed.loc[:, feature_columns] = (values - self.mean) / self.std
/Users/pranav/Projects/Professional/College/DS340W/SETCN/train.py:58: FutureWarning: Setting an item of incompatible dtype is deprecated and will raise in a future error of pandas. Value '[-0.3242534 -0.3242534 -0.3242534 ... -0.3242534 -0.3242534 -0.3242534]' has dtype incompatible with int64, please explicitly cast to a compatible dtype first.
  transformed.loc[:, feature_columns] = (values - self.mean) / self.std
/Users/pranav/Projects/Professional/College/DS340W/SETCN/train.py:58: FutureWarning: Setting an item of incompatible dtype is deprecated and will raise in a future error of pandas. Value '[-0.48818663 -0.48818663 -0.48818663 ... -0.48818663 -0.48818663
 -0.48818663]' has dtype incompatible with int64, please explicitly cast to a compatible dtype first.
  transformed.loc[:, feature_columns] = (values - self.mean) / self.std
/Users/pranav/Projects/Professional/College/DS340W/SETCN/train.py:58: FutureWarning: Setting an item of incompatible dtype is deprecated and will raise in a future error of pandas. Value '[-1.4271456  -1.4271456  -1.4271456  ...  0.70069927  0.70069927
  0.70069927]' has dtype incompatible with int64, please explicitly cast to a compatible dtype first.
  transformed.loc[:, feature_columns] = (values - self.mean) / self.std
/Users/pranav/Projects/Professional/College/DS340W/SETCN/train.py:58: FutureWarning: Setting an item of incompatible dtype is deprecated and will raise in a future error of pandas. Value '[-0.56099504 -0.56099504 -0.56099504 ... -0.56099504 -0.56099504
 -0.56099504]' has dtype incompatible with int64, please explicitly cast to a compatible dtype first.
  transformed.loc[:, feature_columns] = (values - self.mean) / self.std
/Users/pranav/Projects/Professional/College/DS340W/SETCN/train.py:58: FutureWarning: Setting an item of incompatible dtype is deprecated and will raise in a future error of pandas. Value '[-0.3242534 -0.3242534 -0.3242534 ... -0.3242534 -0.3242534 -0.3242534]' has dtype incompatible with int64, please explicitly cast to a compatible dtype first.
  transformed.loc[:, feature_columns] = (values - self.mean) / self.std
/Users/pranav/Projects/Professional/College/DS340W/SETCN/train.py:58: FutureWarning: Setting an item of incompatible dtype is deprecated and will raise in a future error of pandas. Value '[-0.48818663 -0.48818663 -0.48818663 ... -0.48818663 -0.48818663
 -0.48818663]' has dtype incompatible with int64, please explicitly cast to a compatible dtype first.
  transformed.loc[:, feature_columns] = (values - self.mean) / self.std
/Users/pranav/Projects/Professional/College/DS340W/SETCN/train.py:58: FutureWarning: Setting an item of incompatible dtype is deprecated and will raise in a future error of pandas. Value '[-1.4271456  -1.4271456  -1.4271456  ...  0.70069927  0.70069927
  0.70069927]' has dtype incompatible with int64, please explicitly cast to a compatible dtype first.
  transformed.loc[:, feature_columns] = (values - self.mean) / self.std
/Users/pranav/Projects/Professional/College/DS340W/SETCN/train.py:58: FutureWarning: Setting an item of incompatible dtype is deprecated and will raise in a future error of pandas. Value '[ 1.7825466   1.7825466   1.7825466  ... -0.56099504 -0.56099504
 -0.56099504]' has dtype incompatible with int64, please explicitly cast to a compatible dtype first.
  transformed.loc[:, feature_columns] = (values - self.mean) / self.std
/Users/pranav/Projects/Professional/College/DS340W/SETCN/train.py:58: FutureWarning: Setting an item of incompatible dtype is deprecated and will raise in a future error of pandas. Value '[-0.3242534 -0.3242534 -0.3242534 ... -0.3242534 -0.3242534 -0.3242534]' has dtype incompatible with int64, please explicitly cast to a compatible dtype first.
  transformed.loc[:, feature_columns] = (values - self.mean) / self.std
/Users/pranav/Projects/Professional/College/DS340W/SETCN/train.py:58: FutureWarning: Setting an item of incompatible dtype is deprecated and will raise in a future error of pandas. Value '[-0.48818663 -0.48818663 -0.48818663 ... -0.48818663 -0.48818663
 -0.48818663]' has dtype incompatible with int64, please explicitly cast to a compatible dtype first.
  transformed.loc[:, feature_columns] = (values - self.mean) / self.std
/Users/pranav/Projects/Professional/College/DS340W/SETCN/train.py:58: FutureWarning: Setting an item of incompatible dtype is deprecated and will raise in a future error of pandas. Value '[0.70069927 0.70069927 0.70069927 ... 0.70069927 0.70069927 0.70069927]' has dtype incompatible with int64, please explicitly cast to a compatible dtype first.
  transformed.loc[:, feature_columns] = (values - self.mean) / self.std
/Users/pranav/Projects/Professional/College/DS340W/SETCN/train.py:58: FutureWarning: Setting an item of incompatible dtype is deprecated and will raise in a future error of pandas. Value '[-0.56099504 -0.56099504 -0.56099504 ... -0.56099504 -0.56099504
 -0.56099504]' has dtype incompatible with int64, please explicitly cast to a compatible dtype first.
  transformed.loc[:, feature_columns] = (values - self.mean) / self.std
/Users/pranav/Projects/Professional/College/DS340W/SETCN/train.py:58: FutureWarning: Setting an item of incompatible dtype is deprecated and will raise in a future error of pandas. Value '[-0.3242534 -0.3242534 -0.3242534 ... -0.3242534 -0.3242534 -0.3242534]' has dtype incompatible with int64, please explicitly cast to a compatible dtype first.
  transformed.loc[:, feature_columns] = (values - self.mean) / self.std
/Users/pranav/Projects/Professional/College/DS340W/SETCN/train.py:58: FutureWarning: Setting an item of incompatible dtype is deprecated and will raise in a future error of pandas. Value '[-0.48818663 -0.48818663 -0.48818663 ... -0.48818663 -0.48818663
 -0.48818663]' has dtype incompatible with int64, please explicitly cast to a compatible dtype first.
  transformed.loc[:, feature_columns] = (values - self.mean) / self.std
/Users/pranav/Projects/Professional/College/DS340W/SETCN/train.py:58: FutureWarning: Setting an item of incompatible dtype is deprecated and will raise in a future error of pandas. Value '[-1.4271456  -1.4271456  -1.4271456  ...  0.70069927  0.70069927
  0.70069927]' has dtype incompatible with int64, please explicitly cast to a compatible dtype first.
  transformed.loc[:, feature_columns] = (values - self.mean) / self.std
/Users/pranav/Projects/Professional/College/DS340W/SETCN/train.py:58: FutureWarning: Setting an item of incompatible dtype is deprecated and will raise in a future error of pandas. Value '[-0.56099504 -0.56099504 -0.56099504 ... -0.56099504 -0.56099504
 -0.56099504]' has dtype incompatible with int64, please explicitly cast to a compatible dtype first.
  transformed.loc[:, feature_columns] = (values - self.mean) / self.std
/Users/pranav/Projects/Professional/College/DS340W/SETCN/train.py:58: FutureWarning: Setting an item of incompatible dtype is deprecated and will raise in a future error of pandas. Value '[-0.3242534 -0.3242534 -0.3242534 ... -0.3242534 -0.3242534 -0.3242534]' has dtype incompatible with int64, please explicitly cast to a compatible dtype first.
  transformed.loc[:, feature_columns] = (values - self.mean) / self.std
/Users/pranav/Projects/Professional/College/DS340W/SETCN/train.py:58: FutureWarning: Setting an item of incompatible dtype is deprecated and will raise in a future error of pandas. Value '[-0.48818663 -0.48818663 -0.48818663 ... -0.48818663  2.0483968
  2.0483968 ]' has dtype incompatible with int64, please explicitly cast to a compatible dtype first.
  transformed.loc[:, feature_columns] = (values - self.mean) / self.std
/Users/pranav/Projects/Professional/College/DS340W/SETCN/train.py:58: FutureWarning: Setting an item of incompatible dtype is deprecated and will raise in a future error of pandas. Value '[-1.4271456  -1.4271456  -1.4271456  ...  0.70069927  0.70069927
  0.70069927]' has dtype incompatible with int64, please explicitly cast to a compatible dtype first.
  transformed.loc[:, feature_columns] = (values - self.mean) / self.std
/Users/pranav/Projects/Professional/College/DS340W/SETCN/train.py:58: FutureWarning: Setting an item of incompatible dtype is deprecated and will raise in a future error of pandas. Value '[ 1.7825466   1.7825466   1.7825466  ... -0.56099504  1.7825466
  1.7825466 ]' has dtype incompatible with int64, please explicitly cast to a compatible dtype first.
  transformed.loc[:, feature_columns] = (values - self.mean) / self.std
/Users/pranav/Projects/Professional/College/DS340W/SETCN/train.py:58: FutureWarning: Setting an item of incompatible dtype is deprecated and will raise in a future error of pandas. Value '[-0.3242534 -0.3242534 -0.3242534 ... -0.3242534 -0.3242534 -0.3242534]' has dtype incompatible with int64, please explicitly cast to a compatible dtype first.
  transformed.loc[:, feature_columns] = (values - self.mean) / self.std
/Users/pranav/Projects/Professional/College/DS340W/SETCN/train.py:58: FutureWarning: Setting an item of incompatible dtype is deprecated and will raise in a future error of pandas. Value '[-0.48818663 -0.48818663 -0.48818663 ...  2.0483968   2.0483968
  2.0483968 ]' has dtype incompatible with int64, please explicitly cast to a compatible dtype first.
  transformed.loc[:, feature_columns] = (values - self.mean) / self.std
/Users/pranav/Projects/Professional/College/DS340W/SETCN/train.py:58: FutureWarning: Setting an item of incompatible dtype is deprecated and will raise in a future error of pandas. Value '[ 0.70069927  0.70069927  0.70069927 ... -1.4271456  -1.4271456
 -1.4271456 ]' has dtype incompatible with int64, please explicitly cast to a compatible dtype first.
  transformed.loc[:, feature_columns] = (values - self.mean) / self.std
/Users/pranav/Projects/Professional/College/DS340W/SETCN/train.py:58: FutureWarning: Setting an item of incompatible dtype is deprecated and will raise in a future error of pandas. Value '[-0.56099504 -0.56099504 -0.56099504 ...  1.7825466   1.7825466
  1.7825466 ]' has dtype incompatible with int64, please explicitly cast to a compatible dtype first.
  transformed.loc[:, feature_columns] = (values - self.mean) / self.std
/Users/pranav/Projects/Professional/College/DS340W/SETCN/train.py:58: FutureWarning: Setting an item of incompatible dtype is deprecated and will raise in a future error of pandas. Value '[-0.3242534 -0.3242534 -0.3242534 ... -0.3242534 -0.3242534 -0.3242534]' has dtype incompatible with int64, please explicitly cast to a compatible dtype first.
  transformed.loc[:, feature_columns] = (values - self.mean) / self.std
/Users/pranav/Projects/Professional/College/DS340W/SETCN/train.py:58: FutureWarning: Setting an item of incompatible dtype is deprecated and will raise in a future error of pandas. Value '[-0.48818663 -0.48818663 -0.48818663 ... -0.48818663 -0.48818663
 -0.48818663]' has dtype incompatible with int64, please explicitly cast to a compatible dtype first.
  transformed.loc[:, feature_columns] = (values - self.mean) / self.std
/Users/pranav/Projects/Professional/College/DS340W/SETCN/train.py:58: FutureWarning: Setting an item of incompatible dtype is deprecated and will raise in a future error of pandas. Value '[-1.4271456  -1.4271456  -1.4271456  ...  0.70069927  0.70069927
  0.70069927]' has dtype incompatible with int64, please explicitly cast to a compatible dtype first.
  transformed.loc[:, feature_columns] = (values - self.mean) / self.std
/Users/pranav/Projects/Professional/College/DS340W/SETCN/train.py:58: FutureWarning: Setting an item of incompatible dtype is deprecated and will raise in a future error of pandas. Value '[-0.56099504 -0.56099504 -0.56099504 ... -0.56099504 -0.56099504
 -0.56099504]' has dtype incompatible with int64, please explicitly cast to a compatible dtype first.
  transformed.loc[:, feature_columns] = (values - self.mean) / self.std
/Users/pranav/Projects/Professional/College/DS340W/SETCN/train.py:58: FutureWarning: Setting an item of incompatible dtype is deprecated and will raise in a future error of pandas. Value '[-0.3242534 -0.3242534 -0.3242534 ...  3.0840073  3.0840073  3.0840073]' has dtype incompatible with int64, please explicitly cast to a compatible dtype first.
  transformed.loc[:, feature_columns] = (values - self.mean) / self.std
/Users/pranav/Projects/Professional/College/DS340W/SETCN/train.py:58: FutureWarning: Setting an item of incompatible dtype is deprecated and will raise in a future error of pandas. Value '[ 2.0483968   2.0483968   2.0483968  ... -0.48818663 -0.48818663
 -0.48818663]' has dtype incompatible with int64, please explicitly cast to a compatible dtype first.
  transformed.loc[:, feature_columns] = (values - self.mean) / self.std
/Users/pranav/Projects/Professional/College/DS340W/SETCN/train.py:58: FutureWarning: Setting an item of incompatible dtype is deprecated and will raise in a future error of pandas. Value '[-1.4271456  -1.4271456  -1.4271456  ...  0.70069927  0.70069927
  0.70069927]' has dtype incompatible with int64, please explicitly cast to a compatible dtype first.
  transformed.loc[:, feature_columns] = (values - self.mean) / self.std
/Users/pranav/Projects/Professional/College/DS340W/SETCN/train.py:58: FutureWarning: Setting an item of incompatible dtype is deprecated and will raise in a future error of pandas. Value '[-0.56099504 -0.56099504 -0.56099504 ... -0.56099504 -0.56099504
 -0.56099504]' has dtype incompatible with int64, please explicitly cast to a compatible dtype first.
  transformed.loc[:, feature_columns] = (values - self.mean) / self.std
/Users/pranav/Projects/Professional/College/DS340W/SETCN/train.py:58: FutureWarning: Setting an item of incompatible dtype is deprecated and will raise in a future error of pandas. Value '[ 3.0840073  3.0840073  3.0840073 ... -0.3242534 -0.3242534 -0.3242534]' has dtype incompatible with int64, please explicitly cast to a compatible dtype first.
  transformed.loc[:, feature_columns] = (values - self.mean) / self.std
/Users/pranav/Projects/Professional/College/DS340W/SETCN/train.py:58: FutureWarning: Setting an item of incompatible dtype is deprecated and will raise in a future error of pandas. Value '[ 2.0483968  -0.48818663 -0.48818663 ... -0.48818663 -0.48818663
 -0.48818663]' has dtype incompatible with int64, please explicitly cast to a compatible dtype first.
  transformed.loc[:, feature_columns] = (values - self.mean) / self.std
/Users/pranav/Projects/Professional/College/DS340W/SETCN/train.py:58: FutureWarning: Setting an item of incompatible dtype is deprecated and will raise in a future error of pandas. Value '[-1.4271456  -1.4271456  -1.4271456  ...  0.70069927  0.70069927
  0.70069927]' has dtype incompatible with int64, please explicitly cast to a compatible dtype first.
  transformed.loc[:, feature_columns] = (values - self.mean) / self.std
/Users/pranav/Projects/Professional/College/DS340W/SETCN/train.py:58: FutureWarning: Setting an item of incompatible dtype is deprecated and will raise in a future error of pandas. Value '[-0.56099504 -0.56099504 -0.56099504 ... -0.56099504 -0.56099504
 -0.56099504]' has dtype incompatible with int64, please explicitly cast to a compatible dtype first.
  transformed.loc[:, feature_columns] = (values - self.mean) / self.std
/Users/pranav/Projects/Professional/College/DS340W/SETCN/train.py:58: FutureWarning: Setting an item of incompatible dtype is deprecated and will raise in a future error of pandas. Value '[-0.3242534 -0.3242534 -0.3242534 ...  3.0840073  3.0840073  3.0840073]' has dtype incompatible with int64, please explicitly cast to a compatible dtype first.
  transformed.loc[:, feature_columns] = (values - self.mean) / self.std
/Users/pranav/Projects/Professional/College/DS340W/SETCN/train.py:58: FutureWarning: Setting an item of incompatible dtype is deprecated and will raise in a future error of pandas. Value '[ 2.0483968   2.0483968   2.0483968  ... -0.48818663 -0.48818663
 -0.48818663]' has dtype incompatible with int64, please explicitly cast to a compatible dtype first.
  transformed.loc[:, feature_columns] = (values - self.mean) / self.std
/Users/pranav/Projects/Professional/College/DS340W/SETCN/train.py:58: FutureWarning: Setting an item of incompatible dtype is deprecated and will raise in a future error of pandas. Value '[0.70069927 0.70069927 0.70069927 ... 0.70069927 0.70069927 0.70069927]' has dtype incompatible with int64, please explicitly cast to a compatible dtype first.
  transformed.loc[:, feature_columns] = (values - self.mean) / self.std
/Users/pranav/Projects/Professional/College/DS340W/SETCN/train.py:58: FutureWarning: Setting an item of incompatible dtype is deprecated and will raise in a future error of pandas. Value '[-0.56099504 -0.56099504 -0.56099504 ... -0.56099504 -0.56099504
 -0.56099504]' has dtype incompatible with int64, please explicitly cast to a compatible dtype first.
  transformed.loc[:, feature_columns] = (values - self.mean) / self.std
/Users/pranav/Projects/Professional/College/DS340W/SETCN/train.py:58: FutureWarning: Setting an item of incompatible dtype is deprecated and will raise in a future error of pandas. Value '[ 3.0840073  3.0840073  3.0840073 ... -0.3242534 -0.3242534 -0.3242534]' has dtype incompatible with int64, please explicitly cast to a compatible dtype first.
  transformed.loc[:, feature_columns] = (values - self.mean) / self.std
/Users/pranav/Projects/Professional/College/DS340W/SETCN/train.py:58: FutureWarning: Setting an item of incompatible dtype is deprecated and will raise in a future error of pandas. Value '[-0.48818663 -0.48818663  2.0483968  ...  2.0483968   2.0483968
  2.0483968 ]' has dtype incompatible with int64, please explicitly cast to a compatible dtype first.
  transformed.loc[:, feature_columns] = (values - self.mean) / self.std
/Users/pranav/Projects/Professional/College/DS340W/SETCN/train.py:58: FutureWarning: Setting an item of incompatible dtype is deprecated and will raise in a future error of pandas. Value '[-1.4271456  -1.4271456  -1.4271456  ...  0.70069927  0.70069927
  0.70069927]' has dtype incompatible with int64, please explicitly cast to a compatible dtype first.
  transformed.loc[:, feature_columns] = (values - self.mean) / self.std
/Users/pranav/Projects/Professional/College/DS340W/SETCN/train.py:58: FutureWarning: Setting an item of incompatible dtype is deprecated and will raise in a future error of pandas. Value '[-0.56099504 -0.56099504 -0.56099504 ... -0.56099504 -0.56099504
 -0.56099504]' has dtype incompatible with int64, please explicitly cast to a compatible dtype first.
  transformed.loc[:, feature_columns] = (values - self.mean) / self.std
/Users/pranav/Projects/Professional/College/DS340W/SETCN/train.py:58: FutureWarning: Setting an item of incompatible dtype is deprecated and will raise in a future error of pandas. Value '[-0.3242534 -0.3242534  3.0840073 ...  3.0840073  3.0840073  3.0840073]' has dtype incompatible with int64, please explicitly cast to a compatible dtype first.
  transformed.loc[:, feature_columns] = (values - self.mean) / self.std
/Users/pranav/Projects/Professional/College/DS340W/SETCN/train.py:58: FutureWarning: Setting an item of incompatible dtype is deprecated and will raise in a future error of pandas. Value '[-0.48818663 -0.48818663 -0.48818663 ... -0.48818663 -0.48818663
 -0.48818663]' has dtype incompatible with int64, please explicitly cast to a compatible dtype first.
  transformed.loc[:, feature_columns] = (values - self.mean) / self.std
/Users/pranav/Projects/Professional/College/DS340W/SETCN/train.py:58: FutureWarning: Setting an item of incompatible dtype is deprecated and will raise in a future error of pandas. Value '[-1.4271456  -1.4271456  -1.4271456  ...  0.70069927  0.70069927
  0.70069927]' has dtype incompatible with int64, please explicitly cast to a compatible dtype first.
  transformed.loc[:, feature_columns] = (values - self.mean) / self.std
/Users/pranav/Projects/Professional/College/DS340W/SETCN/train.py:58: FutureWarning: Setting an item of incompatible dtype is deprecated and will raise in a future error of pandas. Value '[-0.56099504 -0.56099504 -0.56099504 ... -0.56099504 -0.56099504
 -0.56099504]' has dtype incompatible with int64, please explicitly cast to a compatible dtype first.
  transformed.loc[:, feature_columns] = (values - self.mean) / self.std
/Users/pranav/Projects/Professional/College/DS340W/SETCN/train.py:58: FutureWarning: Setting an item of incompatible dtype is deprecated and will raise in a future error of pandas. Value '[-0.3242534  3.0840073  3.0840073 ... -0.3242534 -0.3242534 -0.3242534]' has dtype incompatible with int64, please explicitly cast to a compatible dtype first.
  transformed.loc[:, feature_columns] = (values - self.mean) / self.std
/Users/pranav/Projects/Professional/College/DS340W/SETCN/train.py:58: FutureWarning: Setting an item of incompatible dtype is deprecated and will raise in a future error of pandas. Value '[ 2.0483968  -0.48818663 -0.48818663 ... -0.48818663  2.0483968
  2.0483968 ]' has dtype incompatible with int64, please explicitly cast to a compatible dtype first.
  transformed.loc[:, feature_columns] = (values - self.mean) / self.std
/Users/pranav/Projects/Professional/College/DS340W/SETCN/train.py:58: FutureWarning: Setting an item of incompatible dtype is deprecated and will raise in a future error of pandas. Value '[-1.4271456  -1.4271456  -1.4271456  ...  0.70069927  0.70069927
  0.70069927]' has dtype incompatible with int64, please explicitly cast to a compatible dtype first.
  transformed.loc[:, feature_columns] = (values - self.mean) / self.std
/Users/pranav/Projects/Professional/College/DS340W/SETCN/train.py:58: FutureWarning: Setting an item of incompatible dtype is deprecated and will raise in a future error of pandas. Value '[-0.56099504 -0.56099504 -0.56099504 ... -0.56099504 -0.56099504
 -0.56099504]' has dtype incompatible with int64, please explicitly cast to a compatible dtype first.
  transformed.loc[:, feature_columns] = (values - self.mean) / self.std
/Users/pranav/Projects/Professional/College/DS340W/SETCN/train.py:58: FutureWarning: Setting an item of incompatible dtype is deprecated and will raise in a future error of pandas. Value '[-0.3242534 -0.3242534 -0.3242534 ...  3.0840073  3.0840073  3.0840073]' has dtype incompatible with int64, please explicitly cast to a compatible dtype first.
  transformed.loc[:, feature_columns] = (values - self.mean) / self.std
/Users/pranav/Projects/Professional/College/DS340W/SETCN/train.py:58: FutureWarning: Setting an item of incompatible dtype is deprecated and will raise in a future error of pandas. Value '[-0.48818663 -0.48818663 -0.48818663 ...  2.0483968   2.0483968
 -0.48818663]' has dtype incompatible with int64, please explicitly cast to a compatible dtype first.
  transformed.loc[:, feature_columns] = (values - self.mean) / self.std
/Users/pranav/Projects/Professional/College/DS340W/SETCN/train.py:58: FutureWarning: Setting an item of incompatible dtype is deprecated and will raise in a future error of pandas. Value '[-1.4271456  -1.4271456  -1.4271456  ...  0.70069927  0.70069927
  0.70069927]' has dtype incompatible with int64, please explicitly cast to a compatible dtype first.
  transformed.loc[:, feature_columns] = (values - self.mean) / self.std
/Users/pranav/Projects/Professional/College/DS340W/SETCN/train.py:58: FutureWarning: Setting an item of incompatible dtype is deprecated and will raise in a future error of pandas. Value '[-0.56099504 -0.56099504 -0.56099504 ... -0.56099504 -0.56099504
 -0.56099504]' has dtype incompatible with int64, please explicitly cast to a compatible dtype first.
  transformed.loc[:, feature_columns] = (values - self.mean) / self.std
/Users/pranav/Projects/Professional/College/DS340W/SETCN/train.py:58: FutureWarning: Setting an item of incompatible dtype is deprecated and will raise in a future error of pandas. Value '[-0.3242534 -0.3242534 -0.3242534 ... -0.3242534 -0.3242534 -0.3242534]' has dtype incompatible with int64, please explicitly cast to a compatible dtype first.
  transformed.loc[:, feature_columns] = (values - self.mean) / self.std
/Users/pranav/Projects/Professional/College/DS340W/SETCN/train.py:58: FutureWarning: Setting an item of incompatible dtype is deprecated and will raise in a future error of pandas. Value '[-0.48818663 -0.48818663 -0.48818663 ... -0.48818663 -0.48818663
 -0.48818663]' has dtype incompatible with int64, please explicitly cast to a compatible dtype first.
  transformed.loc[:, feature_columns] = (values - self.mean) / self.std
/Users/pranav/Projects/Professional/College/DS340W/SETCN/train.py:58: FutureWarning: Setting an item of incompatible dtype is deprecated and will raise in a future error of pandas. Value '[-1.4271456  -1.4271456  -1.4271456  ...  0.70069927  0.70069927
  0.70069927]' has dtype incompatible with int64, please explicitly cast to a compatible dtype first.
  transformed.loc[:, feature_columns] = (values - self.mean) / self.std
/Users/pranav/Projects/Professional/College/DS340W/SETCN/train.py:58: FutureWarning: Setting an item of incompatible dtype is deprecated and will raise in a future error of pandas. Value '[-0.56099504 -0.56099504 -0.56099504 ... -0.56099504 -0.56099504
 -0.56099504]' has dtype incompatible with int64, please explicitly cast to a compatible dtype first.
  transformed.loc[:, feature_columns] = (values - self.mean) / self.std
/Users/pranav/Projects/Professional/College/DS340W/SETCN/train.py:58: FutureWarning: Setting an item of incompatible dtype is deprecated and will raise in a future error of pandas. Value '[-0.3242534 -0.3242534 -0.3242534 ... -0.3242534 -0.3242534 -0.3242534]' has dtype incompatible with int64, please explicitly cast to a compatible dtype first.
  transformed.loc[:, feature_columns] = (values - self.mean) / self.std
/Users/pranav/Projects/Professional/College/DS340W/SETCN/train.py:58: FutureWarning: Setting an item of incompatible dtype is deprecated and will raise in a future error of pandas. Value '[-0.48818663 -0.48818663 -0.48818663 ... -0.48818663 -0.48818663
 -0.48818663]' has dtype incompatible with int64, please explicitly cast to a compatible dtype first.
  transformed.loc[:, feature_columns] = (values - self.mean) / self.std
/Users/pranav/Projects/Professional/College/DS340W/SETCN/train.py:58: FutureWarning: Setting an item of incompatible dtype is deprecated and will raise in a future error of pandas. Value '[-1.4271456 -1.4271456 -1.4271456 ... -1.4271456 -1.4271456 -1.4271456]' has dtype incompatible with int64, please explicitly cast to a compatible dtype first.
  transformed.loc[:, feature_columns] = (values - self.mean) / self.std
/Users/pranav/Projects/Professional/College/DS340W/SETCN/train.py:58: FutureWarning: Setting an item of incompatible dtype is deprecated and will raise in a future error of pandas. Value '[ 1.7825466   1.7825466   1.7825466  ... -0.56099504 -0.56099504
 -0.56099504]' has dtype incompatible with int64, please explicitly cast to a compatible dtype first.
  transformed.loc[:, feature_columns] = (values - self.mean) / self.std
/Users/pranav/Projects/Professional/College/DS340W/SETCN/train.py:58: FutureWarning: Setting an item of incompatible dtype is deprecated and will raise in a future error of pandas. Value '[-0.3242534 -0.3242534 -0.3242534 ... -0.3242534 -0.3242534 -0.3242534]' has dtype incompatible with int64, please explicitly cast to a compatible dtype first.
  transformed.loc[:, feature_columns] = (values - self.mean) / self.std
/Users/pranav/Projects/Professional/College/DS340W/SETCN/train.py:58: FutureWarning: Setting an item of incompatible dtype is deprecated and will raise in a future error of pandas. Value '[-0.48818663 -0.48818663 -0.48818663 ... -0.48818663 -0.48818663
 -0.48818663]' has dtype incompatible with int64, please explicitly cast to a compatible dtype first.
  transformed.loc[:, feature_columns] = (values - self.mean) / self.std
/Users/pranav/Projects/Professional/College/DS340W/SETCN/train.py:58: FutureWarning: Setting an item of incompatible dtype is deprecated and will raise in a future error of pandas. Value '[ 0.70069927  0.70069927  0.70069927 ... -1.4271456  -1.4271456
 -1.4271456 ]' has dtype incompatible with int64, please explicitly cast to a compatible dtype first.
  transformed.loc[:, feature_columns] = (values - self.mean) / self.std
/Users/pranav/Projects/Professional/College/DS340W/SETCN/train.py:58: FutureWarning: Setting an item of incompatible dtype is deprecated and will raise in a future error of pandas. Value '[ 1.7825466  -0.56099504 -0.56099504 ... -0.56099504 -0.56099504
 -0.56099504]' has dtype incompatible with int64, please explicitly cast to a compatible dtype first.
  transformed.loc[:, feature_columns] = (values - self.mean) / self.std
/Users/pranav/Projects/Professional/College/DS340W/SETCN/train.py:58: FutureWarning: Setting an item of incompatible dtype is deprecated and will raise in a future error of pandas. Value '[-0.3242534 -0.3242534 -0.3242534 ... -0.3242534 -0.3242534 -0.3242534]' has dtype incompatible with int64, please explicitly cast to a compatible dtype first.
  transformed.loc[:, feature_columns] = (values - self.mean) / self.std
/Users/pranav/Projects/Professional/College/DS340W/SETCN/train.py:58: FutureWarning: Setting an item of incompatible dtype is deprecated and will raise in a future error of pandas. Value '[ 2.0483968   2.0483968   2.0483968  ... -0.48818663 -0.48818663
 -0.48818663]' has dtype incompatible with int64, please explicitly cast to a compatible dtype first.
  transformed.loc[:, feature_columns] = (values - self.mean) / self.std
/Users/pranav/Projects/Professional/College/DS340W/SETCN/train.py:58: FutureWarning: Setting an item of incompatible dtype is deprecated and will raise in a future error of pandas. Value '[-1.4271456 -1.4271456 -1.4271456 ... -1.4271456 -1.4271456 -1.4271456]' has dtype incompatible with int64, please explicitly cast to a compatible dtype first.
  transformed.loc[:, feature_columns] = (values - self.mean) / self.std
/Users/pranav/Projects/Professional/College/DS340W/SETCN/train.py:58: FutureWarning: Setting an item of incompatible dtype is deprecated and will raise in a future error of pandas. Value '[ 1.7825466   1.7825466   1.7825466  ... -0.56099504 -0.56099504
 -0.56099504]' has dtype incompatible with int64, please explicitly cast to a compatible dtype first.
  transformed.loc[:, feature_columns] = (values - self.mean) / self.std
/Users/pranav/Projects/Professional/College/DS340W/SETCN/train.py:58: FutureWarning: Setting an item of incompatible dtype is deprecated and will raise in a future error of pandas. Value '[ 3.0840073  3.0840073  3.0840073 ... -0.3242534 -0.3242534 -0.3242534]' has dtype incompatible with int64, please explicitly cast to a compatible dtype first.
  transformed.loc[:, feature_columns] = (values - self.mean) / self.std
/Users/pranav/Projects/Professional/College/DS340W/SETCN/train.py:58: FutureWarning: Setting an item of incompatible dtype is deprecated and will raise in a future error of pandas. Value '[ 2.0483968   2.0483968   2.0483968  ... -0.48818663 -0.48818663
 -0.48818663]' has dtype incompatible with int64, please explicitly cast to a compatible dtype first.
  transformed.loc[:, feature_columns] = (values - self.mean) / self.std
/Users/pranav/Projects/Professional/College/DS340W/SETCN/train.py:58: FutureWarning: Setting an item of incompatible dtype is deprecated and will raise in a future error of pandas. Value '[ 0.70069927  0.70069927  0.70069927 ... -1.4271456  -1.4271456
 -1.4271456 ]' has dtype incompatible with int64, please explicitly cast to a compatible dtype first.
  transformed.loc[:, feature_columns] = (values - self.mean) / self.std
/Users/pranav/Projects/Professional/College/DS340W/SETCN/train.py:58: FutureWarning: Setting an item of incompatible dtype is deprecated and will raise in a future error of pandas. Value '[ 1.7825466   1.7825466   1.7825466  ... -0.56099504 -0.56099504
 -0.56099504]' has dtype incompatible with int64, please explicitly cast to a compatible dtype first.
  transformed.loc[:, feature_columns] = (values - self.mean) / self.std
/Users/pranav/Projects/Professional/College/DS340W/SETCN/train.py:58: FutureWarning: Setting an item of incompatible dtype is deprecated and will raise in a future error of pandas. Value '[ 3.0840073  3.0840073  3.0840073 ... -0.3242534 -0.3242534 -0.3242534]' has dtype incompatible with int64, please explicitly cast to a compatible dtype first.
  transformed.loc[:, feature_columns] = (values - self.mean) / self.std
/Users/pranav/Projects/Professional/College/DS340W/SETCN/train.py:58: FutureWarning: Setting an item of incompatible dtype is deprecated and will raise in a future error of pandas. Value '[ 2.0483968   2.0483968   2.0483968  ... -0.48818663 -0.48818663
 -0.48818663]' has dtype incompatible with int64, please explicitly cast to a compatible dtype first.
  transformed.loc[:, feature_columns] = (values - self.mean) / self.std
/Users/pranav/Projects/Professional/College/DS340W/SETCN/train.py:58: FutureWarning: Setting an item of incompatible dtype is deprecated and will raise in a future error of pandas. Value '[ 0.70069927  0.70069927  0.70069927 ... -1.4271456  -1.4271456
 -1.4271456 ]' has dtype incompatible with int64, please explicitly cast to a compatible dtype first.
  transformed.loc[:, feature_columns] = (values - self.mean) / self.std
/Users/pranav/Projects/Professional/College/DS340W/SETCN/train.py:58: FutureWarning: Setting an item of incompatible dtype is deprecated and will raise in a future error of pandas. Value '[ 1.7825466   1.7825466   1.7825466  ... -0.56099504 -0.56099504
 -0.56099504]' has dtype incompatible with int64, please explicitly cast to a compatible dtype first.
  transformed.loc[:, feature_columns] = (values - self.mean) / self.std
/Users/pranav/Projects/Professional/College/DS340W/SETCN/train.py:58: FutureWarning: Setting an item of incompatible dtype is deprecated and will raise in a future error of pandas. Value '[ 3.0840073  3.0840073  3.0840073 ... -0.3242534 -0.3242534 -0.3242534]' has dtype incompatible with int64, please explicitly cast to a compatible dtype first.
  transformed.loc[:, feature_columns] = (values - self.mean) / self.std
/Users/pranav/Projects/Professional/College/DS340W/SETCN/train.py:58: FutureWarning: Setting an item of incompatible dtype is deprecated and will raise in a future error of pandas. Value '[ 2.0483968  -0.48818663 -0.48818663 ... -0.48818663 -0.48818663
 -0.48818663]' has dtype incompatible with int64, please explicitly cast to a compatible dtype first.
  transformed.loc[:, feature_columns] = (values - self.mean) / self.std
/Users/pranav/Projects/Professional/College/DS340W/SETCN/train.py:58: FutureWarning: Setting an item of incompatible dtype is deprecated and will raise in a future error of pandas. Value '[-1.4271456 -1.4271456 -1.4271456 ... -1.4271456 -1.4271456 -1.4271456]' has dtype incompatible with int64, please explicitly cast to a compatible dtype first.
  transformed.loc[:, feature_columns] = (values - self.mean) / self.std
/Users/pranav/Projects/Professional/College/DS340W/SETCN/train.py:58: FutureWarning: Setting an item of incompatible dtype is deprecated and will raise in a future error of pandas. Value '[ 1.7825466  -0.56099504 -0.56099504 ...  1.7825466  -0.56099504
 -0.56099504]' has dtype incompatible with int64, please explicitly cast to a compatible dtype first.
  transformed.loc[:, feature_columns] = (values - self.mean) / self.std
/Users/pranav/Projects/Professional/College/DS340W/SETCN/train.py:58: FutureWarning: Setting an item of incompatible dtype is deprecated and will raise in a future error of pandas. Value '[-0.3242534 -0.3242534 -0.3242534 ... -0.3242534 -0.3242534 -0.3242534]' has dtype incompatible with int64, please explicitly cast to a compatible dtype first.
  transformed.loc[:, feature_columns] = (values - self.mean) / self.std
/Users/pranav/Projects/Professional/College/DS340W/SETCN/train.py:58: FutureWarning: Setting an item of incompatible dtype is deprecated and will raise in a future error of pandas. Value '[-0.48818663 -0.48818663 -0.48818663 ... -0.48818663 -0.48818663
 -0.48818663]' has dtype incompatible with int64, please explicitly cast to a compatible dtype first.
  transformed.loc[:, feature_columns] = (values - self.mean) / self.std
/Users/pranav/Projects/Professional/College/DS340W/SETCN/train.py:58: FutureWarning: Setting an item of incompatible dtype is deprecated and will raise in a future error of pandas. Value '[-1.4271456 -1.4271456 -1.4271456 ... -1.4271456 -1.4271456 -1.4271456]' has dtype incompatible with int64, please explicitly cast to a compatible dtype first.
  transformed.loc[:, feature_columns] = (values - self.mean) / self.std
/Users/pranav/Projects/Professional/College/DS340W/SETCN/train.py:58: FutureWarning: Setting an item of incompatible dtype is deprecated and will raise in a future error of pandas. Value '[-0.56099504 -0.56099504  1.7825466  ... -0.56099504 -0.56099504
 -0.56099504]' has dtype incompatible with int64, please explicitly cast to a compatible dtype first.
  transformed.loc[:, feature_columns] = (values - self.mean) / self.std
/Users/pranav/Projects/Professional/College/DS340W/SETCN/train.py:58: FutureWarning: Setting an item of incompatible dtype is deprecated and will raise in a future error of pandas. Value '[-0.3242534 -0.3242534 -0.3242534 ... -0.3242534 -0.3242534 -0.3242534]' has dtype incompatible with int64, please explicitly cast to a compatible dtype first.
  transformed.loc[:, feature_columns] = (values - self.mean) / self.std
/Users/pranav/Projects/Professional/College/DS340W/SETCN/train.py:58: FutureWarning: Setting an item of incompatible dtype is deprecated and will raise in a future error of pandas. Value '[-0.48818663 -0.48818663 -0.48818663 ... -0.48818663 -0.48818663
 -0.48818663]' has dtype incompatible with int64, please explicitly cast to a compatible dtype first.
  transformed.loc[:, feature_columns] = (values - self.mean) / self.std
/Users/pranav/Projects/Professional/College/DS340W/SETCN/train.py:58: FutureWarning: Setting an item of incompatible dtype is deprecated and will raise in a future error of pandas. Value '[-1.4271456 -1.4271456 -1.4271456 ... -1.4271456 -1.4271456 -1.4271456]' has dtype incompatible with int64, please explicitly cast to a compatible dtype first.
  transformed.loc[:, feature_columns] = (values - self.mean) / self.std
/Users/pranav/Projects/Professional/College/DS340W/SETCN/train.py:58: FutureWarning: Setting an item of incompatible dtype is deprecated and will raise in a future error of pandas. Value '[ 1.7825466   1.7825466  -0.56099504 ... -0.56099504 -0.56099504
 -0.56099504]' has dtype incompatible with int64, please explicitly cast to a compatible dtype first.
  transformed.loc[:, feature_columns] = (values - self.mean) / self.std
/Users/pranav/Projects/Professional/College/DS340W/SETCN/train.py:58: FutureWarning: Setting an item of incompatible dtype is deprecated and will raise in a future error of pandas. Value '[-0.3242534 -0.3242534 -0.3242534 ... -0.3242534 -0.3242534 -0.3242534]' has dtype incompatible with int64, please explicitly cast to a compatible dtype first.
  transformed.loc[:, feature_columns] = (values - self.mean) / self.std
/Users/pranav/Projects/Professional/College/DS340W/SETCN/train.py:58: FutureWarning: Setting an item of incompatible dtype is deprecated and will raise in a future error of pandas. Value '[-0.48818663 -0.48818663 -0.48818663 ... -0.48818663 -0.48818663
 -0.48818663]' has dtype incompatible with int64, please explicitly cast to a compatible dtype first.
  transformed.loc[:, feature_columns] = (values - self.mean) / self.std
/Users/pranav/Projects/Professional/College/DS340W/SETCN/train.py:58: FutureWarning: Setting an item of incompatible dtype is deprecated and will raise in a future error of pandas. Value '[ 0.70069927  0.70069927  0.70069927 ... -1.4271456  -1.4271456
 -1.4271456 ]' has dtype incompatible with int64, please explicitly cast to a compatible dtype first.
  transformed.loc[:, feature_columns] = (values - self.mean) / self.std
/Users/pranav/Projects/Professional/College/DS340W/SETCN/train.py:58: FutureWarning: Setting an item of incompatible dtype is deprecated and will raise in a future error of pandas. Value '[-0.56099504 -0.56099504 -0.56099504 ... -0.56099504 -0.56099504
 -0.56099504]' has dtype incompatible with int64, please explicitly cast to a compatible dtype first.
  transformed.loc[:, feature_columns] = (values - self.mean) / self.std
/Users/pranav/Projects/Professional/College/DS340W/SETCN/train.py:58: FutureWarning: Setting an item of incompatible dtype is deprecated and will raise in a future error of pandas. Value '[-0.3242534 -0.3242534 -0.3242534 ... -0.3242534 -0.3242534 -0.3242534]' has dtype incompatible with int64, please explicitly cast to a compatible dtype first.
  transformed.loc[:, feature_columns] = (values - self.mean) / self.std
/Users/pranav/Projects/Professional/College/DS340W/SETCN/train.py:58: FutureWarning: Setting an item of incompatible dtype is deprecated and will raise in a future error of pandas. Value '[ 2.0483968   2.0483968   2.0483968  ... -0.48818663 -0.48818663
 -0.48818663]' has dtype incompatible with int64, please explicitly cast to a compatible dtype first.
  transformed.loc[:, feature_columns] = (values - self.mean) / self.std
/Users/pranav/Projects/Professional/College/DS340W/SETCN/train.py:58: FutureWarning: Setting an item of incompatible dtype is deprecated and will raise in a future error of pandas. Value '[ 0.70069927 -1.4271456  -1.4271456  ...  0.70069927  0.70069927
  0.70069927]' has dtype incompatible with int64, please explicitly cast to a compatible dtype first.
  transformed.loc[:, feature_columns] = (values - self.mean) / self.std
/Users/pranav/Projects/Professional/College/DS340W/SETCN/train.py:58: FutureWarning: Setting an item of incompatible dtype is deprecated and will raise in a future error of pandas. Value '[ 1.7825466   1.7825466   1.7825466  ... -0.56099504 -0.56099504
 -0.56099504]' has dtype incompatible with int64, please explicitly cast to a compatible dtype first.
  transformed.loc[:, feature_columns] = (values - self.mean) / self.std
/Users/pranav/Projects/Professional/College/DS340W/SETCN/train.py:58: FutureWarning: Setting an item of incompatible dtype is deprecated and will raise in a future error of pandas. Value '[ 3.0840073  3.0840073  3.0840073 ... -0.3242534 -0.3242534 -0.3242534]' has dtype incompatible with int64, please explicitly cast to a compatible dtype first.
  transformed.loc[:, feature_columns] = (values - self.mean) / self.std
/Users/pranav/Projects/Professional/College/DS340W/SETCN/train.py:58: FutureWarning: Setting an item of incompatible dtype is deprecated and will raise in a future error of pandas. Value '[-0.48818663 -0.48818663 -0.48818663 ... -0.48818663 -0.48818663
 -0.48818663]' has dtype incompatible with int64, please explicitly cast to a compatible dtype first.
  transformed.loc[:, feature_columns] = (values - self.mean) / self.std
/Users/pranav/Projects/Professional/College/DS340W/SETCN/train.py:58: FutureWarning: Setting an item of incompatible dtype is deprecated and will raise in a future error of pandas. Value '[ 0.70069927  0.70069927  0.70069927 ... -1.4271456  -1.4271456
 -1.4271456 ]' has dtype incompatible with int64, please explicitly cast to a compatible dtype first.
  transformed.loc[:, feature_columns] = (values - self.mean) / self.std
/Users/pranav/Projects/Professional/College/DS340W/SETCN/train.py:58: FutureWarning: Setting an item of incompatible dtype is deprecated and will raise in a future error of pandas. Value '[ 1.7825466  -0.56099504 -0.56099504 ...  1.7825466   1.7825466
  1.7825466 ]' has dtype incompatible with int64, please explicitly cast to a compatible dtype first.
  transformed.loc[:, feature_columns] = (values - self.mean) / self.std
/Users/pranav/Projects/Professional/College/DS340W/SETCN/train.py:58: FutureWarning: Setting an item of incompatible dtype is deprecated and will raise in a future error of pandas. Value '[ 3.0840073 -0.3242534 -0.3242534 ... -0.3242534 -0.3242534 -0.3242534]' has dtype incompatible with int64, please explicitly cast to a compatible dtype first.
  transformed.loc[:, feature_columns] = (values - self.mean) / self.std
/Users/pranav/Projects/Professional/College/DS340W/SETCN/train.py:58: FutureWarning: Setting an item of incompatible dtype is deprecated and will raise in a future error of pandas. Value '[-0.48818663 -0.48818663 -0.48818663 ... -0.48818663 -0.48818663
 -0.48818663]' has dtype incompatible with int64, please explicitly cast to a compatible dtype first.
  transformed.loc[:, feature_columns] = (values - self.mean) / self.std
/Users/pranav/Projects/Professional/College/DS340W/SETCN/train.py:58: FutureWarning: Setting an item of incompatible dtype is deprecated and will raise in a future error of pandas. Value '[ 0.70069927  0.70069927  0.70069927 ... -1.4271456  -1.4271456
 -1.4271456 ]' has dtype incompatible with int64, please explicitly cast to a compatible dtype first.
  transformed.loc[:, feature_columns] = (values - self.mean) / self.std
/Users/pranav/Projects/Professional/College/DS340W/SETCN/train.py:58: FutureWarning: Setting an item of incompatible dtype is deprecated and will raise in a future error of pandas. Value '[ 1.7825466   1.7825466   1.7825466  ... -0.56099504 -0.56099504
 -0.56099504]' has dtype incompatible with int64, please explicitly cast to a compatible dtype first.
  transformed.loc[:, feature_columns] = (values - self.mean) / self.std
/Users/pranav/Projects/Professional/College/DS340W/SETCN/train.py:58: FutureWarning: Setting an item of incompatible dtype is deprecated and will raise in a future error of pandas. Value '[-0.3242534 -0.3242534 -0.3242534 ... -0.3242534 -0.3242534 -0.3242534]' has dtype incompatible with int64, please explicitly cast to a compatible dtype first.
  transformed.loc[:, feature_columns] = (values - self.mean) / self.std
/Users/pranav/Projects/Professional/College/DS340W/SETCN/train.py:58: FutureWarning: Setting an item of incompatible dtype is deprecated and will raise in a future error of pandas. Value '[-0.48818663 -0.48818663 -0.48818663 ...  2.0483968  -0.48818663
 -0.48818663]' has dtype incompatible with int64, please explicitly cast to a compatible dtype first.
  transformed.loc[:, feature_columns] = (values - self.mean) / self.std
/Users/pranav/Projects/Professional/College/DS340W/SETCN/train.py:58: FutureWarning: Setting an item of incompatible dtype is deprecated and will raise in a future error of pandas. Value '[-1.4271456  -1.4271456  -1.4271456  ...  0.70069927  0.70069927
  0.70069927]' has dtype incompatible with int64, please explicitly cast to a compatible dtype first.
  transformed.loc[:, feature_columns] = (values - self.mean) / self.std
/Users/pranav/Projects/Professional/College/DS340W/SETCN/train.py:58: FutureWarning: Setting an item of incompatible dtype is deprecated and will raise in a future error of pandas. Value '[-0.56099504 -0.56099504 -0.56099504 ...  1.7825466   1.7825466
 -0.56099504]' has dtype incompatible with int64, please explicitly cast to a compatible dtype first.
  transformed.loc[:, feature_columns] = (values - self.mean) / self.std
/Users/pranav/Projects/Professional/College/DS340W/SETCN/train.py:58: FutureWarning: Setting an item of incompatible dtype is deprecated and will raise in a future error of pandas. Value '[-0.3242534 -0.3242534 -0.3242534 ... -0.3242534 -0.3242534 -0.3242534]' has dtype incompatible with int64, please explicitly cast to a compatible dtype first.
  transformed.loc[:, feature_columns] = (values - self.mean) / self.std
/Users/pranav/Projects/Professional/College/DS340W/SETCN/train.py:58: FutureWarning: Setting an item of incompatible dtype is deprecated and will raise in a future error of pandas. Value '[2.0483968 2.0483968 2.0483968 ... 2.0483968 2.0483968 2.0483968]' has dtype incompatible with int64, please explicitly cast to a compatible dtype first.
  transformed.loc[:, feature_columns] = (values - self.mean) / self.std
/Users/pranav/Projects/Professional/College/DS340W/SETCN/train.py:58: FutureWarning: Setting an item of incompatible dtype is deprecated and will raise in a future error of pandas. Value '[0.70069927 0.70069927 0.70069927 ... 0.70069927 0.70069927 0.70069927]' has dtype incompatible with int64, please explicitly cast to a compatible dtype first.
  transformed.loc[:, feature_columns] = (values - self.mean) / self.std
/Users/pranav/Projects/Professional/College/DS340W/SETCN/train.py:58: FutureWarning: Setting an item of incompatible dtype is deprecated and will raise in a future error of pandas. Value '[1.7825466 1.7825466 1.7825466 ... 1.7825466 1.7825466 1.7825466]' has dtype incompatible with int64, please explicitly cast to a compatible dtype first.
  transformed.loc[:, feature_columns] = (values - self.mean) / self.std
/Users/pranav/Projects/Professional/College/DS340W/SETCN/train.py:58: FutureWarning: Setting an item of incompatible dtype is deprecated and will raise in a future error of pandas. Value '[3.0840073 3.0840073 3.0840073 ... 3.0840073 3.0840073 3.0840073]' has dtype incompatible with int64, please explicitly cast to a compatible dtype first.
  transformed.loc[:, feature_columns] = (values - self.mean) / self.std
/Users/pranav/Projects/Professional/College/DS340W/SETCN/train.py:58: FutureWarning: Setting an item of incompatible dtype is deprecated and will raise in a future error of pandas. Value '[-0.48818663 -0.48818663 -0.48818663 ... -0.48818663 -0.48818663
 -0.48818663]' has dtype incompatible with int64, please explicitly cast to a compatible dtype first.
  transformed.loc[:, feature_columns] = (values - self.mean) / self.std
/Users/pranav/Projects/Professional/College/DS340W/SETCN/train.py:58: FutureWarning: Setting an item of incompatible dtype is deprecated and will raise in a future error of pandas. Value '[-1.4271456 -1.4271456 -1.4271456 ... -1.4271456 -1.4271456 -1.4271456]' has dtype incompatible with int64, please explicitly cast to a compatible dtype first.
  transformed.loc[:, feature_columns] = (values - self.mean) / self.std
/Users/pranav/Projects/Professional/College/DS340W/SETCN/train.py:58: FutureWarning: Setting an item of incompatible dtype is deprecated and will raise in a future error of pandas. Value '[-0.56099504 -0.56099504 -0.56099504 ... -0.56099504 -0.56099504
 -0.56099504]' has dtype incompatible with int64, please explicitly cast to a compatible dtype first.
  transformed.loc[:, feature_columns] = (values - self.mean) / self.std
/Users/pranav/Projects/Professional/College/DS340W/SETCN/train.py:58: FutureWarning: Setting an item of incompatible dtype is deprecated and will raise in a future error of pandas. Value '[-0.3242534 -0.3242534 -0.3242534 ... -0.3242534 -0.3242534 -0.3242534]' has dtype incompatible with int64, please explicitly cast to a compatible dtype first.
  transformed.loc[:, feature_columns] = (values - self.mean) / self.std
/Users/pranav/Projects/Professional/College/DS340W/SETCN/train.py:58: FutureWarning: Setting an item of incompatible dtype is deprecated and will raise in a future error of pandas. Value '[-0.48818663 -0.48818663 -0.48818663 ... -0.48818663 -0.48818663
 -0.48818663]' has dtype incompatible with int64, please explicitly cast to a compatible dtype first.
  transformed.loc[:, feature_columns] = (values - self.mean) / self.std
/Users/pranav/Projects/Professional/College/DS340W/SETCN/train.py:58: FutureWarning: Setting an item of incompatible dtype is deprecated and will raise in a future error of pandas. Value '[-1.4271456  -1.4271456  -1.4271456  ...  0.70069927  0.70069927
  0.70069927]' has dtype incompatible with int64, please explicitly cast to a compatible dtype first.
  transformed.loc[:, feature_columns] = (values - self.mean) / self.std
/Users/pranav/Projects/Professional/College/DS340W/SETCN/train.py:58: FutureWarning: Setting an item of incompatible dtype is deprecated and will raise in a future error of pandas. Value '[-0.56099504 -0.56099504 -0.56099504 ... -0.56099504 -0.56099504
 -0.56099504]' has dtype incompatible with int64, please explicitly cast to a compatible dtype first.
  transformed.loc[:, feature_columns] = (values - self.mean) / self.std
/Users/pranav/Projects/Professional/College/DS340W/SETCN/train.py:58: FutureWarning: Setting an item of incompatible dtype is deprecated and will raise in a future error of pandas. Value '[-0.3242534 -0.3242534 -0.3242534 ... -0.3242534 -0.3242534 -0.3242534]' has dtype incompatible with int64, please explicitly cast to a compatible dtype first.
  transformed.loc[:, feature_columns] = (values - self.mean) / self.std
/Users/pranav/Projects/Professional/College/DS340W/SETCN/train.py:58: FutureWarning: Setting an item of incompatible dtype is deprecated and will raise in a future error of pandas. Value '[-0.48818663 -0.48818663 -0.48818663 ...  2.0483968  -0.48818663
 -0.48818663]' has dtype incompatible with int64, please explicitly cast to a compatible dtype first.
  transformed.loc[:, feature_columns] = (values - self.mean) / self.std
/Users/pranav/Projects/Professional/College/DS340W/SETCN/train.py:58: FutureWarning: Setting an item of incompatible dtype is deprecated and will raise in a future error of pandas. Value '[-1.4271456  -1.4271456  -1.4271456  ...  0.70069927  0.70069927
  0.70069927]' has dtype incompatible with int64, please explicitly cast to a compatible dtype first.
  transformed.loc[:, feature_columns] = (values - self.mean) / self.std
/Users/pranav/Projects/Professional/College/DS340W/SETCN/train.py:58: FutureWarning: Setting an item of incompatible dtype is deprecated and will raise in a future error of pandas. Value '[-0.56099504 -0.56099504 -0.56099504 ...  1.7825466   1.7825466
 -0.56099504]' has dtype incompatible with int64, please explicitly cast to a compatible dtype first.
  transformed.loc[:, feature_columns] = (values - self.mean) / self.std
/Users/pranav/Projects/Professional/College/DS340W/SETCN/train.py:58: FutureWarning: Setting an item of incompatible dtype is deprecated and will raise in a future error of pandas. Value '[-0.3242534 -0.3242534 -0.3242534 ... -0.3242534 -0.3242534 -0.3242534]' has dtype incompatible with int64, please explicitly cast to a compatible dtype first.
  transformed.loc[:, feature_columns] = (values - self.mean) / self.std
/Users/pranav/Projects/Professional/College/DS340W/SETCN/train.py:58: FutureWarning: Setting an item of incompatible dtype is deprecated and will raise in a future error of pandas. Value '[-0.48818663 -0.48818663 -0.48818663 ... -0.48818663 -0.48818663
 -0.48818663]' has dtype incompatible with int64, please explicitly cast to a compatible dtype first.
  transformed.loc[:, feature_columns] = (values - self.mean) / self.std
/Users/pranav/Projects/Professional/College/DS340W/SETCN/train.py:58: FutureWarning: Setting an item of incompatible dtype is deprecated and will raise in a future error of pandas. Value '[-1.4271456  -1.4271456  -1.4271456  ...  0.70069927  0.70069927
  0.70069927]' has dtype incompatible with int64, please explicitly cast to a compatible dtype first.
  transformed.loc[:, feature_columns] = (values - self.mean) / self.std
/Users/pranav/Projects/Professional/College/DS340W/SETCN/train.py:58: FutureWarning: Setting an item of incompatible dtype is deprecated and will raise in a future error of pandas. Value '[-0.56099504 -0.56099504 -0.56099504 ... -0.56099504 -0.56099504
 -0.56099504]' has dtype incompatible with int64, please explicitly cast to a compatible dtype first.
  transformed.loc[:, feature_columns] = (values - self.mean) / self.std
/Users/pranav/Projects/Professional/College/DS340W/SETCN/train.py:58: FutureWarning: Setting an item of incompatible dtype is deprecated and will raise in a future error of pandas. Value '[-0.3242534 -0.3242534 -0.3242534 ... -0.3242534 -0.3242534 -0.3242534]' has dtype incompatible with int64, please explicitly cast to a compatible dtype first.
  transformed.loc[:, feature_columns] = (values - self.mean) / self.std
/Users/pranav/Projects/Professional/College/DS340W/SETCN/train.py:58: FutureWarning: Setting an item of incompatible dtype is deprecated and will raise in a future error of pandas. Value '[-0.48818663 -0.48818663 -0.48818663 ... -0.48818663 -0.48818663
 -0.48818663]' has dtype incompatible with int64, please explicitly cast to a compatible dtype first.
  transformed.loc[:, feature_columns] = (values - self.mean) / self.std
/Users/pranav/Projects/Professional/College/DS340W/SETCN/train.py:58: FutureWarning: Setting an item of incompatible dtype is deprecated and will raise in a future error of pandas. Value '[-1.4271456  -1.4271456  -1.4271456  ...  0.70069927  0.70069927
  0.70069927]' has dtype incompatible with int64, please explicitly cast to a compatible dtype first.
  transformed.loc[:, feature_columns] = (values - self.mean) / self.std
/Users/pranav/Projects/Professional/College/DS340W/SETCN/train.py:58: FutureWarning: Setting an item of incompatible dtype is deprecated and will raise in a future error of pandas. Value '[-0.56099504 -0.56099504 -0.56099504 ... -0.56099504 -0.56099504
 -0.56099504]' has dtype incompatible with int64, please explicitly cast to a compatible dtype first.
  transformed.loc[:, feature_columns] = (values - self.mean) / self.std
/Users/pranav/Projects/Professional/College/DS340W/SETCN/train.py:58: FutureWarning: Setting an item of incompatible dtype is deprecated and will raise in a future error of pandas. Value '[-0.3242534 -0.3242534 -0.3242534 ... -0.3242534 -0.3242534 -0.3242534]' has dtype incompatible with int64, please explicitly cast to a compatible dtype first.
  transformed.loc[:, feature_columns] = (values - self.mean) / self.std
/Users/pranav/Projects/Professional/College/DS340W/SETCN/train.py:58: FutureWarning: Setting an item of incompatible dtype is deprecated and will raise in a future error of pandas. Value '[-0.48818663 -0.48818663 -0.48818663 ... -0.48818663 -0.48818663
 -0.48818663]' has dtype incompatible with int64, please explicitly cast to a compatible dtype first.
  transformed.loc[:, feature_columns] = (values - self.mean) / self.std
/Users/pranav/Projects/Professional/College/DS340W/SETCN/train.py:58: FutureWarning: Setting an item of incompatible dtype is deprecated and will raise in a future error of pandas. Value '[ 0.70069927  0.70069927  0.70069927 ... -1.4271456  -1.4271456
 -1.4271456 ]' has dtype incompatible with int64, please explicitly cast to a compatible dtype first.
  transformed.loc[:, feature_columns] = (values - self.mean) / self.std
/Users/pranav/Projects/Professional/College/DS340W/SETCN/train.py:58: FutureWarning: Setting an item of incompatible dtype is deprecated and will raise in a future error of pandas. Value '[-0.56099504 -0.56099504 -0.56099504 ...  1.7825466  -0.56099504
 -0.56099504]' has dtype incompatible with int64, please explicitly cast to a compatible dtype first.
  transformed.loc[:, feature_columns] = (values - self.mean) / self.std
/Users/pranav/Projects/Professional/College/DS340W/SETCN/train.py:58: FutureWarning: Setting an item of incompatible dtype is deprecated and will raise in a future error of pandas. Value '[-0.3242534 -0.3242534 -0.3242534 ... -0.3242534 -0.3242534 -0.3242534]' has dtype incompatible with int64, please explicitly cast to a compatible dtype first.
  transformed.loc[:, feature_columns] = (values - self.mean) / self.std
/Users/pranav/Projects/Professional/College/DS340W/SETCN/train.py:58: FutureWarning: Setting an item of incompatible dtype is deprecated and will raise in a future error of pandas. Value '[-0.48818663 -0.48818663 -0.48818663 ... -0.48818663 -0.48818663
  2.0483968 ]' has dtype incompatible with int64, please explicitly cast to a compatible dtype first.
  transformed.loc[:, feature_columns] = (values - self.mean) / self.std
/Users/pranav/Projects/Professional/College/DS340W/SETCN/train.py:58: FutureWarning: Setting an item of incompatible dtype is deprecated and will raise in a future error of pandas. Value '[-1.4271456 -1.4271456 -1.4271456 ... -1.4271456 -1.4271456 -1.4271456]' has dtype incompatible with int64, please explicitly cast to a compatible dtype first.
  transformed.loc[:, feature_columns] = (values - self.mean) / self.std
/Users/pranav/Projects/Professional/College/DS340W/SETCN/train.py:58: FutureWarning: Setting an item of incompatible dtype is deprecated and will raise in a future error of pandas. Value '[-0.56099504 -0.56099504 -0.56099504 ... -0.56099504 -0.56099504
  1.7825466 ]' has dtype incompatible with int64, please explicitly cast to a compatible dtype first.
  transformed.loc[:, feature_columns] = (values - self.mean) / self.std
/Users/pranav/Projects/Professional/College/DS340W/SETCN/train.py:58: FutureWarning: Setting an item of incompatible dtype is deprecated and will raise in a future error of pandas. Value '[-0.3242534 -0.3242534 -0.3242534 ... -0.3242534 -0.3242534 -0.3242534]' has dtype incompatible with int64, please explicitly cast to a compatible dtype first.
  transformed.loc[:, feature_columns] = (values - self.mean) / self.std
/Users/pranav/Projects/Professional/College/DS340W/SETCN/train.py:58: FutureWarning: Setting an item of incompatible dtype is deprecated and will raise in a future error of pandas. Value '[-0.48818663 -0.48818663 -0.48818663 ...  2.0483968  -0.48818663
 -0.48818663]' has dtype incompatible with int64, please explicitly cast to a compatible dtype first.
  transformed.loc[:, feature_columns] = (values - self.mean) / self.std
/Users/pranav/Projects/Professional/College/DS340W/SETCN/train.py:58: FutureWarning: Setting an item of incompatible dtype is deprecated and will raise in a future error of pandas. Value '[-1.4271456 -1.4271456 -1.4271456 ... -1.4271456 -1.4271456 -1.4271456]' has dtype incompatible with int64, please explicitly cast to a compatible dtype first.
  transformed.loc[:, feature_columns] = (values - self.mean) / self.std
/Users/pranav/Projects/Professional/College/DS340W/SETCN/train.py:58: FutureWarning: Setting an item of incompatible dtype is deprecated and will raise in a future error of pandas. Value '[-0.56099504  1.7825466   1.7825466  ...  1.7825466  -0.56099504
 -0.56099504]' has dtype incompatible with int64, please explicitly cast to a compatible dtype first.
  transformed.loc[:, feature_columns] = (values - self.mean) / self.std
/Users/pranav/Projects/Professional/College/DS340W/SETCN/train.py:58: FutureWarning: Setting an item of incompatible dtype is deprecated and will raise in a future error of pandas. Value '[-0.3242534 -0.3242534 -0.3242534 ... -0.3242534 -0.3242534 -0.3242534]' has dtype incompatible with int64, please explicitly cast to a compatible dtype first.
  transformed.loc[:, feature_columns] = (values - self.mean) / self.std
/Users/pranav/Projects/Professional/College/DS340W/SETCN/train.py:58: FutureWarning: Setting an item of incompatible dtype is deprecated and will raise in a future error of pandas. Value '[-0.48818663 -0.48818663 -0.48818663 ... -0.48818663  2.0483968
  2.0483968 ]' has dtype incompatible with int64, please explicitly cast to a compatible dtype first.
  transformed.loc[:, feature_columns] = (values - self.mean) / self.std
/Users/pranav/Projects/Professional/College/DS340W/SETCN/train.py:58: FutureWarning: Setting an item of incompatible dtype is deprecated and will raise in a future error of pandas. Value '[-1.4271456  -1.4271456  -1.4271456  ...  0.70069927  0.70069927
  0.70069927]' has dtype incompatible with int64, please explicitly cast to a compatible dtype first.
  transformed.loc[:, feature_columns] = (values - self.mean) / self.std
/Users/pranav/Projects/Professional/College/DS340W/SETCN/train.py:58: FutureWarning: Setting an item of incompatible dtype is deprecated and will raise in a future error of pandas. Value '[ 1.7825466   1.7825466  -0.56099504 ... -0.56099504  1.7825466
  1.7825466 ]' has dtype incompatible with int64, please explicitly cast to a compatible dtype first.
  transformed.loc[:, feature_columns] = (values - self.mean) / self.std
/Users/pranav/Projects/Professional/College/DS340W/SETCN/train.py:58: FutureWarning: Setting an item of incompatible dtype is deprecated and will raise in a future error of pandas. Value '[-0.3242534 -0.3242534 -0.3242534 ... -0.3242534 -0.3242534 -0.3242534]' has dtype incompatible with int64, please explicitly cast to a compatible dtype first.
  transformed.loc[:, feature_columns] = (values - self.mean) / self.std
/Users/pranav/Projects/Professional/College/DS340W/SETCN/train.py:58: FutureWarning: Setting an item of incompatible dtype is deprecated and will raise in a future error of pandas. Value '[-0.48818663 -0.48818663 -0.48818663 ... -0.48818663 -0.48818663
 -0.48818663]' has dtype incompatible with int64, please explicitly cast to a compatible dtype first.
  transformed.loc[:, feature_columns] = (values - self.mean) / self.std
/Users/pranav/Projects/Professional/College/DS340W/SETCN/train.py:58: FutureWarning: Setting an item of incompatible dtype is deprecated and will raise in a future error of pandas. Value '[-1.4271456 -1.4271456 -1.4271456 ... -1.4271456 -1.4271456 -1.4271456]' has dtype incompatible with int64, please explicitly cast to a compatible dtype first.
  transformed.loc[:, feature_columns] = (values - self.mean) / self.std
/Users/pranav/Projects/Professional/College/DS340W/SETCN/train.py:58: FutureWarning: Setting an item of incompatible dtype is deprecated and will raise in a future error of pandas. Value '[-0.56099504 -0.56099504 -0.56099504 ... -0.56099504 -0.56099504
 -0.56099504]' has dtype incompatible with int64, please explicitly cast to a compatible dtype first.
  transformed.loc[:, feature_columns] = (values - self.mean) / self.std
/Users/pranav/Projects/Professional/College/DS340W/SETCN/train.py:58: FutureWarning: Setting an item of incompatible dtype is deprecated and will raise in a future error of pandas. Value '[-0.3242534 -0.3242534 -0.3242534 ... -0.3242534 -0.3242534 -0.3242534]' has dtype incompatible with int64, please explicitly cast to a compatible dtype first.
  transformed.loc[:, feature_columns] = (values - self.mean) / self.std
/Users/pranav/Projects/Professional/College/DS340W/SETCN/train.py:58: FutureWarning: Setting an item of incompatible dtype is deprecated and will raise in a future error of pandas. Value '[-0.48818663 -0.48818663  2.0483968  ... -0.48818663 -0.48818663
 -0.48818663]' has dtype incompatible with int64, please explicitly cast to a compatible dtype first.
  transformed.loc[:, feature_columns] = (values - self.mean) / self.std
/Users/pranav/Projects/Professional/College/DS340W/SETCN/train.py:58: FutureWarning: Setting an item of incompatible dtype is deprecated and will raise in a future error of pandas. Value '[ 0.70069927  0.70069927  0.70069927 ... -1.4271456  -1.4271456
 -1.4271456 ]' has dtype incompatible with int64, please explicitly cast to a compatible dtype first.
  transformed.loc[:, feature_columns] = (values - self.mean) / self.std
/Users/pranav/Projects/Professional/College/DS340W/SETCN/train.py:58: FutureWarning: Setting an item of incompatible dtype is deprecated and will raise in a future error of pandas. Value '[-0.56099504  1.7825466   1.7825466  ... -0.56099504 -0.56099504
 -0.56099504]' has dtype incompatible with int64, please explicitly cast to a compatible dtype first.
  transformed.loc[:, feature_columns] = (values - self.mean) / self.std
/Users/pranav/Projects/Professional/College/DS340W/SETCN/train.py:58: FutureWarning: Setting an item of incompatible dtype is deprecated and will raise in a future error of pandas. Value '[-0.3242534 -0.3242534 -0.3242534 ... -0.3242534 -0.3242534 -0.3242534]' has dtype incompatible with int64, please explicitly cast to a compatible dtype first.
  transformed.loc[:, feature_columns] = (values - self.mean) / self.std
/Users/pranav/Projects/Professional/College/DS340W/SETCN/train.py:58: FutureWarning: Setting an item of incompatible dtype is deprecated and will raise in a future error of pandas. Value '[-0.48818663 -0.48818663 -0.48818663 ... -0.48818663  2.0483968
  2.0483968 ]' has dtype incompatible with int64, please explicitly cast to a compatible dtype first.
  transformed.loc[:, feature_columns] = (values - self.mean) / self.std
/Users/pranav/Projects/Professional/College/DS340W/SETCN/train.py:58: FutureWarning: Setting an item of incompatible dtype is deprecated and will raise in a future error of pandas. Value '[-1.4271456 -1.4271456 -1.4271456 ... -1.4271456 -1.4271456 -1.4271456]' has dtype incompatible with int64, please explicitly cast to a compatible dtype first.
  transformed.loc[:, feature_columns] = (values - self.mean) / self.std
/Users/pranav/Projects/Professional/College/DS340W/SETCN/train.py:58: FutureWarning: Setting an item of incompatible dtype is deprecated and will raise in a future error of pandas. Value '[-0.56099504 -0.56099504 -0.56099504 ... -0.56099504  1.7825466
  1.7825466 ]' has dtype incompatible with int64, please explicitly cast to a compatible dtype first.
  transformed.loc[:, feature_columns] = (values - self.mean) / self.std
/Users/pranav/Projects/Professional/College/DS340W/SETCN/train.py:58: FutureWarning: Setting an item of incompatible dtype is deprecated and will raise in a future error of pandas. Value '[-0.3242534 -0.3242534 -0.3242534 ... -0.3242534 -0.3242534 -0.3242534]' has dtype incompatible with int64, please explicitly cast to a compatible dtype first.
  transformed.loc[:, feature_columns] = (values - self.mean) / self.std
/Users/pranav/Projects/Professional/College/DS340W/SETCN/train.py:58: FutureWarning: Setting an item of incompatible dtype is deprecated and will raise in a future error of pandas. Value '[-0.48818663 -0.48818663 -0.48818663 ... -0.48818663 -0.48818663
 -0.48818663]' has dtype incompatible with int64, please explicitly cast to a compatible dtype first.
  transformed.loc[:, feature_columns] = (values - self.mean) / self.std
/Users/pranav/Projects/Professional/College/DS340W/SETCN/train.py:58: FutureWarning: Setting an item of incompatible dtype is deprecated and will raise in a future error of pandas. Value '[-1.4271456 -1.4271456 -1.4271456 ... -1.4271456 -1.4271456 -1.4271456]' has dtype incompatible with int64, please explicitly cast to a compatible dtype first.
  transformed.loc[:, feature_columns] = (values - self.mean) / self.std
/Users/pranav/Projects/Professional/College/DS340W/SETCN/train.py:58: FutureWarning: Setting an item of incompatible dtype is deprecated and will raise in a future error of pandas. Value '[-0.56099504 -0.56099504  1.7825466  ... -0.56099504 -0.56099504
 -0.56099504]' has dtype incompatible with int64, please explicitly cast to a compatible dtype first.
  transformed.loc[:, feature_columns] = (values - self.mean) / self.std
/Users/pranav/Projects/Professional/College/DS340W/SETCN/train.py:58: FutureWarning: Setting an item of incompatible dtype is deprecated and will raise in a future error of pandas. Value '[-0.3242534 -0.3242534 -0.3242534 ... -0.3242534 -0.3242534 -0.3242534]' has dtype incompatible with int64, please explicitly cast to a compatible dtype first.
  transformed.loc[:, feature_columns] = (values - self.mean) / self.std
/Users/pranav/Projects/Professional/College/DS340W/SETCN/train.py:58: FutureWarning: Setting an item of incompatible dtype is deprecated and will raise in a future error of pandas. Value '[-0.48818663 -0.48818663 -0.48818663 ...  2.0483968  -0.48818663
 -0.48818663]' has dtype incompatible with int64, please explicitly cast to a compatible dtype first.
  transformed.loc[:, feature_columns] = (values - self.mean) / self.std
/Users/pranav/Projects/Professional/College/DS340W/SETCN/train.py:58: FutureWarning: Setting an item of incompatible dtype is deprecated and will raise in a future error of pandas. Value '[-1.4271456 -1.4271456 -1.4271456 ... -1.4271456 -1.4271456 -1.4271456]' has dtype incompatible with int64, please explicitly cast to a compatible dtype first.
  transformed.loc[:, feature_columns] = (values - self.mean) / self.std
/Users/pranav/Projects/Professional/College/DS340W/SETCN/train.py:58: FutureWarning: Setting an item of incompatible dtype is deprecated and will raise in a future error of pandas. Value '[-0.56099504 -0.56099504 -0.56099504 ...  1.7825466  -0.56099504
 -0.56099504]' has dtype incompatible with int64, please explicitly cast to a compatible dtype first.
  transformed.loc[:, feature_columns] = (values - self.mean) / self.std
/Users/pranav/Projects/Professional/College/DS340W/SETCN/train.py:58: FutureWarning: Setting an item of incompatible dtype is deprecated and will raise in a future error of pandas. Value '[-0.3242534 -0.3242534 -0.3242534 ... -0.3242534 -0.3242534 -0.3242534]' has dtype incompatible with int64, please explicitly cast to a compatible dtype first.
  transformed.loc[:, feature_columns] = (values - self.mean) / self.std
/Users/pranav/Projects/Professional/College/DS340W/SETCN/train.py:58: FutureWarning: Setting an item of incompatible dtype is deprecated and will raise in a future error of pandas. Value '[-0.48818663 -0.48818663 -0.48818663 ... -0.48818663 -0.48818663
 -0.48818663]' has dtype incompatible with int64, please explicitly cast to a compatible dtype first.
  transformed.loc[:, feature_columns] = (values - self.mean) / self.std
/Users/pranav/Projects/Professional/College/DS340W/SETCN/train.py:58: FutureWarning: Setting an item of incompatible dtype is deprecated and will raise in a future error of pandas. Value '[-1.4271456  -1.4271456  -1.4271456  ...  0.70069927  0.70069927
  0.70069927]' has dtype incompatible with int64, please explicitly cast to a compatible dtype first.
  transformed.loc[:, feature_columns] = (values - self.mean) / self.std
/Users/pranav/Projects/Professional/College/DS340W/SETCN/train.py:58: FutureWarning: Setting an item of incompatible dtype is deprecated and will raise in a future error of pandas. Value '[-0.56099504 -0.56099504 -0.56099504 ... -0.56099504 -0.56099504
 -0.56099504]' has dtype incompatible with int64, please explicitly cast to a compatible dtype first.
  transformed.loc[:, feature_columns] = (values - self.mean) / self.std
/Users/pranav/Projects/Professional/College/DS340W/SETCN/train.py:58: FutureWarning: Setting an item of incompatible dtype is deprecated and will raise in a future error of pandas. Value '[-0.3242534 -0.3242534 -0.3242534 ... -0.3242534 -0.3242534 -0.3242534]' has dtype incompatible with int64, please explicitly cast to a compatible dtype first.
  transformed.loc[:, feature_columns] = (values - self.mean) / self.std
/Users/pranav/Projects/Professional/College/DS340W/SETCN/train.py:58: FutureWarning: Setting an item of incompatible dtype is deprecated and will raise in a future error of pandas. Value '[-0.48818663 -0.48818663 -0.48818663 ... -0.48818663 -0.48818663
 -0.48818663]' has dtype incompatible with int64, please explicitly cast to a compatible dtype first.
  transformed.loc[:, feature_columns] = (values - self.mean) / self.std
/Users/pranav/Projects/Professional/College/DS340W/SETCN/train.py:58: FutureWarning: Setting an item of incompatible dtype is deprecated and will raise in a future error of pandas. Value '[-1.4271456  -1.4271456  -1.4271456  ...  0.70069927  0.70069927
  0.70069927]' has dtype incompatible with int64, please explicitly cast to a compatible dtype first.
  transformed.loc[:, feature_columns] = (values - self.mean) / self.std
/Users/pranav/Projects/Professional/College/DS340W/SETCN/train.py:58: FutureWarning: Setting an item of incompatible dtype is deprecated and will raise in a future error of pandas. Value '[ 1.7825466   1.7825466   1.7825466  ... -0.56099504 -0.56099504
 -0.56099504]' has dtype incompatible with int64, please explicitly cast to a compatible dtype first.
  transformed.loc[:, feature_columns] = (values - self.mean) / self.std
/Users/pranav/Projects/Professional/College/DS340W/SETCN/train.py:58: FutureWarning: Setting an item of incompatible dtype is deprecated and will raise in a future error of pandas. Value '[-0.3242534 -0.3242534 -0.3242534 ... -0.3242534 -0.3242534 -0.3242534]' has dtype incompatible with int64, please explicitly cast to a compatible dtype first.
  transformed.loc[:, feature_columns] = (values - self.mean) / self.std
/Users/pranav/Projects/Professional/College/DS340W/SETCN/train.py:58: FutureWarning: Setting an item of incompatible dtype is deprecated and will raise in a future error of pandas. Value '[-0.48818663 -0.48818663 -0.48818663 ... -0.48818663 -0.48818663
 -0.48818663]' has dtype incompatible with int64, please explicitly cast to a compatible dtype first.
  transformed.loc[:, feature_columns] = (values - self.mean) / self.std
/Users/pranav/Projects/Professional/College/DS340W/SETCN/train.py:58: FutureWarning: Setting an item of incompatible dtype is deprecated and will raise in a future error of pandas. Value '[0.70069927 0.70069927 0.70069927 ... 0.70069927 0.70069927 0.70069927]' has dtype incompatible with int64, please explicitly cast to a compatible dtype first.
  transformed.loc[:, feature_columns] = (values - self.mean) / self.std
/Users/pranav/Projects/Professional/College/DS340W/SETCN/train.py:58: FutureWarning: Setting an item of incompatible dtype is deprecated and will raise in a future error of pandas. Value '[-0.56099504 -0.56099504 -0.56099504 ... -0.56099504 -0.56099504
 -0.56099504]' has dtype incompatible with int64, please explicitly cast to a compatible dtype first.
  transformed.loc[:, feature_columns] = (values - self.mean) / self.std
/Users/pranav/Projects/Professional/College/DS340W/SETCN/train.py:58: FutureWarning: Setting an item of incompatible dtype is deprecated and will raise in a future error of pandas. Value '[-0.3242534 -0.3242534 -0.3242534 ... -0.3242534 -0.3242534 -0.3242534]' has dtype incompatible with int64, please explicitly cast to a compatible dtype first.
  transformed.loc[:, feature_columns] = (values - self.mean) / self.std
/Users/pranav/Projects/Professional/College/DS340W/SETCN/train.py:58: FutureWarning: Setting an item of incompatible dtype is deprecated and will raise in a future error of pandas. Value '[-0.48818663 -0.48818663 -0.48818663 ...  2.0483968   2.0483968
 -0.48818663]' has dtype incompatible with int64, please explicitly cast to a compatible dtype first.
  transformed.loc[:, feature_columns] = (values - self.mean) / self.std
/Users/pranav/Projects/Professional/College/DS340W/SETCN/train.py:58: FutureWarning: Setting an item of incompatible dtype is deprecated and will raise in a future error of pandas. Value '[-1.4271456  -1.4271456  -1.4271456  ...  0.70069927  0.70069927
  0.70069927]' has dtype incompatible with int64, please explicitly cast to a compatible dtype first.
  transformed.loc[:, feature_columns] = (values - self.mean) / self.std
/Users/pranav/Projects/Professional/College/DS340W/SETCN/train.py:58: FutureWarning: Setting an item of incompatible dtype is deprecated and will raise in a future error of pandas. Value '[ 1.7825466  -0.56099504 -0.56099504 ...  1.7825466   1.7825466
 -0.56099504]' has dtype incompatible with int64, please explicitly cast to a compatible dtype first.
  transformed.loc[:, feature_columns] = (values - self.mean) / self.std
/Users/pranav/Projects/Professional/College/DS340W/SETCN/train.py:58: FutureWarning: Setting an item of incompatible dtype is deprecated and will raise in a future error of pandas. Value '[-0.3242534 -0.3242534 -0.3242534 ... -0.3242534 -0.3242534 -0.3242534]' has dtype incompatible with int64, please explicitly cast to a compatible dtype first.
  transformed.loc[:, feature_columns] = (values - self.mean) / self.std
/Users/pranav/Projects/Professional/College/DS340W/SETCN/train.py:58: FutureWarning: Setting an item of incompatible dtype is deprecated and will raise in a future error of pandas. Value '[-0.48818663 -0.48818663 -0.48818663 ...  2.0483968   2.0483968
  2.0483968 ]' has dtype incompatible with int64, please explicitly cast to a compatible dtype first.
  transformed.loc[:, feature_columns] = (values - self.mean) / self.std
/Users/pranav/Projects/Professional/College/DS340W/SETCN/train.py:58: FutureWarning: Setting an item of incompatible dtype is deprecated and will raise in a future error of pandas. Value '[ 0.70069927  0.70069927  0.70069927 ... -1.4271456  -1.4271456
 -1.4271456 ]' has dtype incompatible with int64, please explicitly cast to a compatible dtype first.
  transformed.loc[:, feature_columns] = (values - self.mean) / self.std
/Users/pranav/Projects/Professional/College/DS340W/SETCN/train.py:58: FutureWarning: Setting an item of incompatible dtype is deprecated and will raise in a future error of pandas. Value '[-0.56099504 -0.56099504 -0.56099504 ...  1.7825466   1.7825466
  1.7825466 ]' has dtype incompatible with int64, please explicitly cast to a compatible dtype first.
  transformed.loc[:, feature_columns] = (values - self.mean) / self.std
/Users/pranav/Projects/Professional/College/DS340W/SETCN/train.py:58: FutureWarning: Setting an item of incompatible dtype is deprecated and will raise in a future error of pandas. Value '[-0.3242534 -0.3242534 -0.3242534 ... -0.3242534 -0.3242534 -0.3242534]' has dtype incompatible with int64, please explicitly cast to a compatible dtype first.
  transformed.loc[:, feature_columns] = (values - self.mean) / self.std
/Users/pranav/Projects/Professional/College/DS340W/SETCN/train.py:58: FutureWarning: Setting an item of incompatible dtype is deprecated and will raise in a future error of pandas. Value '[-0.48818663 -0.48818663 -0.48818663 ... -0.48818663 -0.48818663
 -0.48818663]' has dtype incompatible with int64, please explicitly cast to a compatible dtype first.
  transformed.loc[:, feature_columns] = (values - self.mean) / self.std
/Users/pranav/Projects/Professional/College/DS340W/SETCN/train.py:58: FutureWarning: Setting an item of incompatible dtype is deprecated and will raise in a future error of pandas. Value '[-1.4271456  -1.4271456  -1.4271456  ...  0.70069927  0.70069927
  0.70069927]' has dtype incompatible with int64, please explicitly cast to a compatible dtype first.
  transformed.loc[:, feature_columns] = (values - self.mean) / self.std
/Users/pranav/Projects/Professional/College/DS340W/SETCN/train.py:58: FutureWarning: Setting an item of incompatible dtype is deprecated and will raise in a future error of pandas. Value '[ 1.7825466   1.7825466   1.7825466  ... -0.56099504 -0.56099504
 -0.56099504]' has dtype incompatible with int64, please explicitly cast to a compatible dtype first.
  transformed.loc[:, feature_columns] = (values - self.mean) / self.std
/Users/pranav/Projects/Professional/College/DS340W/SETCN/train.py:58: FutureWarning: Setting an item of incompatible dtype is deprecated and will raise in a future error of pandas. Value '[-0.3242534 -0.3242534 -0.3242534 ... -0.3242534 -0.3242534 -0.3242534]' has dtype incompatible with int64, please explicitly cast to a compatible dtype first.
  transformed.loc[:, feature_columns] = (values - self.mean) / self.std
/Users/pranav/Projects/Professional/College/DS340W/SETCN/train.py:58: FutureWarning: Setting an item of incompatible dtype is deprecated and will raise in a future error of pandas. Value '[-0.48818663 -0.48818663 -0.48818663 ... -0.48818663 -0.48818663
 -0.48818663]' has dtype incompatible with int64, please explicitly cast to a compatible dtype first.
  transformed.loc[:, feature_columns] = (values - self.mean) / self.std
/Users/pranav/Projects/Professional/College/DS340W/SETCN/train.py:58: FutureWarning: Setting an item of incompatible dtype is deprecated and will raise in a future error of pandas. Value '[-1.4271456 -1.4271456 -1.4271456 ... -1.4271456 -1.4271456 -1.4271456]' has dtype incompatible with int64, please explicitly cast to a compatible dtype first.
  transformed.loc[:, feature_columns] = (values - self.mean) / self.std
/Users/pranav/Projects/Professional/College/DS340W/SETCN/train.py:58: FutureWarning: Setting an item of incompatible dtype is deprecated and will raise in a future error of pandas. Value '[-0.56099504 -0.56099504 -0.56099504 ... -0.56099504 -0.56099504
 -0.56099504]' has dtype incompatible with int64, please explicitly cast to a compatible dtype first.
  transformed.loc[:, feature_columns] = (values - self.mean) / self.std
/Users/pranav/Projects/Professional/College/DS340W/SETCN/train.py:58: FutureWarning: Setting an item of incompatible dtype is deprecated and will raise in a future error of pandas. Value '[-0.3242534 -0.3242534 -0.3242534 ... -0.3242534 -0.3242534 -0.3242534]' has dtype incompatible with int64, please explicitly cast to a compatible dtype first.
  transformed.loc[:, feature_columns] = (values - self.mean) / self.std
/Users/pranav/Projects/Professional/College/DS340W/SETCN/train.py:58: FutureWarning: Setting an item of incompatible dtype is deprecated and will raise in a future error of pandas. Value '[-0.48818663 -0.48818663 -0.48818663 ...  2.0483968   2.0483968
  2.0483968 ]' has dtype incompatible with int64, please explicitly cast to a compatible dtype first.
  transformed.loc[:, feature_columns] = (values - self.mean) / self.std
/Users/pranav/Projects/Professional/College/DS340W/SETCN/train.py:58: FutureWarning: Setting an item of incompatible dtype is deprecated and will raise in a future error of pandas. Value '[-1.4271456  -1.4271456  -1.4271456  ...  0.70069927  0.70069927
  0.70069927]' has dtype incompatible with int64, please explicitly cast to a compatible dtype first.
  transformed.loc[:, feature_columns] = (values - self.mean) / self.std
/Users/pranav/Projects/Professional/College/DS340W/SETCN/train.py:58: FutureWarning: Setting an item of incompatible dtype is deprecated and will raise in a future error of pandas. Value '[-0.56099504 -0.56099504 -0.56099504 ...  1.7825466   1.7825466
  1.7825466 ]' has dtype incompatible with int64, please explicitly cast to a compatible dtype first.
  transformed.loc[:, feature_columns] = (values - self.mean) / self.std
/Users/pranav/Projects/Professional/College/DS340W/SETCN/train.py:58: FutureWarning: Setting an item of incompatible dtype is deprecated and will raise in a future error of pandas. Value '[-0.3242534 -0.3242534 -0.3242534 ... -0.3242534 -0.3242534 -0.3242534]' has dtype incompatible with int64, please explicitly cast to a compatible dtype first.
  transformed.loc[:, feature_columns] = (values - self.mean) / self.std
/Users/pranav/Projects/Professional/College/DS340W/SETCN/train.py:58: FutureWarning: Setting an item of incompatible dtype is deprecated and will raise in a future error of pandas. Value '[-0.48818663 -0.48818663 -0.48818663 ... -0.48818663 -0.48818663
 -0.48818663]' has dtype incompatible with int64, please explicitly cast to a compatible dtype first.
  transformed.loc[:, feature_columns] = (values - self.mean) / self.std
/Users/pranav/Projects/Professional/College/DS340W/SETCN/train.py:58: FutureWarning: Setting an item of incompatible dtype is deprecated and will raise in a future error of pandas. Value '[-1.4271456 -1.4271456 -1.4271456 ... -1.4271456 -1.4271456 -1.4271456]' has dtype incompatible with int64, please explicitly cast to a compatible dtype first.
  transformed.loc[:, feature_columns] = (values - self.mean) / self.std
/Users/pranav/Projects/Professional/College/DS340W/SETCN/train.py:58: FutureWarning: Setting an item of incompatible dtype is deprecated and will raise in a future error of pandas. Value '[-0.56099504 -0.56099504 -0.56099504 ... -0.56099504 -0.56099504
 -0.56099504]' has dtype incompatible with int64, please explicitly cast to a compatible dtype first.
  transformed.loc[:, feature_columns] = (values - self.mean) / self.std
/Users/pranav/Projects/Professional/College/DS340W/SETCN/train.py:58: FutureWarning: Setting an item of incompatible dtype is deprecated and will raise in a future error of pandas. Value '[-0.3242534 -0.3242534 -0.3242534 ... -0.3242534 -0.3242534 -0.3242534]' has dtype incompatible with int64, please explicitly cast to a compatible dtype first.
  transformed.loc[:, feature_columns] = (values - self.mean) / self.std
/Users/pranav/Projects/Professional/College/DS340W/SETCN/train.py:58: FutureWarning: Setting an item of incompatible dtype is deprecated and will raise in a future error of pandas. Value '[-0.48818663 -0.48818663 -0.48818663 ... -0.48818663 -0.48818663
  2.0483968 ]' has dtype incompatible with int64, please explicitly cast to a compatible dtype first.
  transformed.loc[:, feature_columns] = (values - self.mean) / self.std
/Users/pranav/Projects/Professional/College/DS340W/SETCN/train.py:58: FutureWarning: Setting an item of incompatible dtype is deprecated and will raise in a future error of pandas. Value '[ 0.70069927  0.70069927  0.70069927 ... -1.4271456  -1.4271456
 -1.4271456 ]' has dtype incompatible with int64, please explicitly cast to a compatible dtype first.
  transformed.loc[:, feature_columns] = (values - self.mean) / self.std
/Users/pranav/Projects/Professional/College/DS340W/SETCN/train.py:58: FutureWarning: Setting an item of incompatible dtype is deprecated and will raise in a future error of pandas. Value '[-0.56099504 -0.56099504 -0.56099504 ... -0.56099504 -0.56099504
  1.7825466 ]' has dtype incompatible with int64, please explicitly cast to a compatible dtype first.
  transformed.loc[:, feature_columns] = (values - self.mean) / self.std
/Users/pranav/Projects/Professional/College/DS340W/SETCN/train.py:58: FutureWarning: Setting an item of incompatible dtype is deprecated and will raise in a future error of pandas. Value '[-0.3242534 -0.3242534 -0.3242534 ... -0.3242534 -0.3242534 -0.3242534]' has dtype incompatible with int64, please explicitly cast to a compatible dtype first.
  transformed.loc[:, feature_columns] = (values - self.mean) / self.std
/Users/pranav/Projects/Professional/College/DS340W/SETCN/train.py:58: FutureWarning: Setting an item of incompatible dtype is deprecated and will raise in a future error of pandas. Value '[ 2.0483968   2.0483968   2.0483968  ... -0.48818663 -0.48818663
 -0.48818663]' has dtype incompatible with int64, please explicitly cast to a compatible dtype first.
  transformed.loc[:, feature_columns] = (values - self.mean) / self.std
/Users/pranav/Projects/Professional/College/DS340W/SETCN/train.py:58: FutureWarning: Setting an item of incompatible dtype is deprecated and will raise in a future error of pandas. Value '[0.70069927 0.70069927 0.70069927 ... 0.70069927 0.70069927 0.70069927]' has dtype incompatible with int64, please explicitly cast to a compatible dtype first.
  transformed.loc[:, feature_columns] = (values - self.mean) / self.std
/Users/pranav/Projects/Professional/College/DS340W/SETCN/train.py:58: FutureWarning: Setting an item of incompatible dtype is deprecated and will raise in a future error of pandas. Value '[ 1.7825466   1.7825466   1.7825466  ... -0.56099504 -0.56099504
 -0.56099504]' has dtype incompatible with int64, please explicitly cast to a compatible dtype first.
  transformed.loc[:, feature_columns] = (values - self.mean) / self.std
/Users/pranav/Projects/Professional/College/DS340W/SETCN/train.py:58: FutureWarning: Setting an item of incompatible dtype is deprecated and will raise in a future error of pandas. Value '[ 3.0840073  3.0840073  3.0840073 ... -0.3242534 -0.3242534 -0.3242534]' has dtype incompatible with int64, please explicitly cast to a compatible dtype first.
  transformed.loc[:, feature_columns] = (values - self.mean) / self.std
/Users/pranav/Projects/Professional/College/DS340W/SETCN/train.py:58: FutureWarning: Setting an item of incompatible dtype is deprecated and will raise in a future error of pandas. Value '[-0.48818663 -0.48818663 -0.48818663 ... -0.48818663 -0.48818663
 -0.48818663]' has dtype incompatible with int64, please explicitly cast to a compatible dtype first.
  transformed.loc[:, feature_columns] = (values - self.mean) / self.std
/Users/pranav/Projects/Professional/College/DS340W/SETCN/train.py:58: FutureWarning: Setting an item of incompatible dtype is deprecated and will raise in a future error of pandas. Value '[-1.4271456 -1.4271456 -1.4271456 ... -1.4271456 -1.4271456 -1.4271456]' has dtype incompatible with int64, please explicitly cast to a compatible dtype first.
  transformed.loc[:, feature_columns] = (values - self.mean) / self.std
/Users/pranav/Projects/Professional/College/DS340W/SETCN/train.py:58: FutureWarning: Setting an item of incompatible dtype is deprecated and will raise in a future error of pandas. Value '[-0.56099504 -0.56099504 -0.56099504 ... -0.56099504  1.7825466
  1.7825466 ]' has dtype incompatible with int64, please explicitly cast to a compatible dtype first.
  transformed.loc[:, feature_columns] = (values - self.mean) / self.std
/Users/pranav/Projects/Professional/College/DS340W/SETCN/train.py:58: FutureWarning: Setting an item of incompatible dtype is deprecated and will raise in a future error of pandas. Value '[-0.3242534 -0.3242534 -0.3242534 ... -0.3242534 -0.3242534 -0.3242534]' has dtype incompatible with int64, please explicitly cast to a compatible dtype first.
  transformed.loc[:, feature_columns] = (values - self.mean) / self.std
/Users/pranav/Projects/Professional/College/DS340W/SETCN/train.py:58: FutureWarning: Setting an item of incompatible dtype is deprecated and will raise in a future error of pandas. Value '[ 2.0483968   2.0483968   2.0483968  ...  2.0483968   2.0483968
 -0.48818663]' has dtype incompatible with int64, please explicitly cast to a compatible dtype first.
  transformed.loc[:, feature_columns] = (values - self.mean) / self.std
/Users/pranav/Projects/Professional/College/DS340W/SETCN/train.py:58: FutureWarning: Setting an item of incompatible dtype is deprecated and will raise in a future error of pandas. Value '[ 0.70069927  0.70069927  0.70069927 ... -1.4271456  -1.4271456
 -1.4271456 ]' has dtype incompatible with int64, please explicitly cast to a compatible dtype first.
  transformed.loc[:, feature_columns] = (values - self.mean) / self.std
/Users/pranav/Projects/Professional/College/DS340W/SETCN/train.py:58: FutureWarning: Setting an item of incompatible dtype is deprecated and will raise in a future error of pandas. Value '[1.7825466 1.7825466 1.7825466 ... 1.7825466 1.7825466 1.7825466]' has dtype incompatible with int64, please explicitly cast to a compatible dtype first.
  transformed.loc[:, feature_columns] = (values - self.mean) / self.std
/Users/pranav/Projects/Professional/College/DS340W/SETCN/train.py:58: FutureWarning: Setting an item of incompatible dtype is deprecated and will raise in a future error of pandas. Value '[ 3.0840073  3.0840073  3.0840073 ... -0.3242534 -0.3242534 -0.3242534]' has dtype incompatible with int64, please explicitly cast to a compatible dtype first.
  transformed.loc[:, feature_columns] = (values - self.mean) / self.std
/Users/pranav/Projects/Professional/College/DS340W/SETCN/train.py:58: FutureWarning: Setting an item of incompatible dtype is deprecated and will raise in a future error of pandas. Value '[-0.48818663 -0.48818663 -0.48818663 ... -0.48818663 -0.48818663
 -0.48818663]' has dtype incompatible with int64, please explicitly cast to a compatible dtype first.
  transformed.loc[:, feature_columns] = (values - self.mean) / self.std
/Users/pranav/Projects/Professional/College/DS340W/SETCN/train.py:58: FutureWarning: Setting an item of incompatible dtype is deprecated and will raise in a future error of pandas. Value '[-1.4271456  -1.4271456  -1.4271456  ...  0.70069927  0.70069927
  0.70069927]' has dtype incompatible with int64, please explicitly cast to a compatible dtype first.
  transformed.loc[:, feature_columns] = (values - self.mean) / self.std
/Users/pranav/Projects/Professional/College/DS340W/SETCN/train.py:58: FutureWarning: Setting an item of incompatible dtype is deprecated and will raise in a future error of pandas. Value '[-0.56099504 -0.56099504 -0.56099504 ... -0.56099504 -0.56099504
 -0.56099504]' has dtype incompatible with int64, please explicitly cast to a compatible dtype first.
  transformed.loc[:, feature_columns] = (values - self.mean) / self.std
/Users/pranav/Projects/Professional/College/DS340W/SETCN/train.py:58: FutureWarning: Setting an item of incompatible dtype is deprecated and will raise in a future error of pandas. Value '[-0.3242534 -0.3242534 -0.3242534 ... -0.3242534 -0.3242534 -0.3242534]' has dtype incompatible with int64, please explicitly cast to a compatible dtype first.
  transformed.loc[:, feature_columns] = (values - self.mean) / self.std
/Users/pranav/Projects/Professional/College/DS340W/SETCN/train.py:58: FutureWarning: Setting an item of incompatible dtype is deprecated and will raise in a future error of pandas. Value '[2.0483968 2.0483968 2.0483968 ... 2.0483968 2.0483968 2.0483968]' has dtype incompatible with int64, please explicitly cast to a compatible dtype first.
  transformed.loc[:, feature_columns] = (values - self.mean) / self.std
/Users/pranav/Projects/Professional/College/DS340W/SETCN/train.py:58: FutureWarning: Setting an item of incompatible dtype is deprecated and will raise in a future error of pandas. Value '[-1.4271456  -1.4271456  -1.4271456  ...  0.70069927  0.70069927
  0.70069927]' has dtype incompatible with int64, please explicitly cast to a compatible dtype first.
  transformed.loc[:, feature_columns] = (values - self.mean) / self.std
/Users/pranav/Projects/Professional/College/DS340W/SETCN/train.py:58: FutureWarning: Setting an item of incompatible dtype is deprecated and will raise in a future error of pandas. Value '[1.7825466 1.7825466 1.7825466 ... 1.7825466 1.7825466 1.7825466]' has dtype incompatible with int64, please explicitly cast to a compatible dtype first.
  transformed.loc[:, feature_columns] = (values - self.mean) / self.std
/Users/pranav/Projects/Professional/College/DS340W/SETCN/train.py:58: FutureWarning: Setting an item of incompatible dtype is deprecated and will raise in a future error of pandas. Value '[3.0840073 3.0840073 3.0840073 ... 3.0840073 3.0840073 3.0840073]' has dtype incompatible with int64, please explicitly cast to a compatible dtype first.
  transformed.loc[:, feature_columns] = (values - self.mean) / self.std
/Users/pranav/Projects/Professional/College/DS340W/SETCN/train.py:58: FutureWarning: Setting an item of incompatible dtype is deprecated and will raise in a future error of pandas. Value '[-0.48818663 -0.48818663 -0.48818663 ... -0.48818663 -0.48818663
 -0.48818663]' has dtype incompatible with int64, please explicitly cast to a compatible dtype first.
  transformed.loc[:, feature_columns] = (values - self.mean) / self.std
/Users/pranav/Projects/Professional/College/DS340W/SETCN/train.py:58: FutureWarning: Setting an item of incompatible dtype is deprecated and will raise in a future error of pandas. Value '[-1.4271456 -1.4271456 -1.4271456 ... -1.4271456 -1.4271456 -1.4271456]' has dtype incompatible with int64, please explicitly cast to a compatible dtype first.
  transformed.loc[:, feature_columns] = (values - self.mean) / self.std
/Users/pranav/Projects/Professional/College/DS340W/SETCN/train.py:58: FutureWarning: Setting an item of incompatible dtype is deprecated and will raise in a future error of pandas. Value '[ 1.7825466  -0.56099504 -0.56099504 ... -0.56099504 -0.56099504
 -0.56099504]' has dtype incompatible with int64, please explicitly cast to a compatible dtype first.
  transformed.loc[:, feature_columns] = (values - self.mean) / self.std
/Users/pranav/Projects/Professional/College/DS340W/SETCN/train.py:58: FutureWarning: Setting an item of incompatible dtype is deprecated and will raise in a future error of pandas. Value '[-0.3242534 -0.3242534 -0.3242534 ... -0.3242534 -0.3242534 -0.3242534]' has dtype incompatible with int64, please explicitly cast to a compatible dtype first.
  transformed.loc[:, feature_columns] = (values - self.mean) / self.std
/Users/pranav/Projects/Professional/College/DS340W/SETCN/train.py:58: FutureWarning: Setting an item of incompatible dtype is deprecated and will raise in a future error of pandas. Value '[ 2.0483968   2.0483968   2.0483968  ... -0.48818663 -0.48818663
 -0.48818663]' has dtype incompatible with int64, please explicitly cast to a compatible dtype first.
  transformed.loc[:, feature_columns] = (values - self.mean) / self.std
/Users/pranav/Projects/Professional/College/DS340W/SETCN/train.py:58: FutureWarning: Setting an item of incompatible dtype is deprecated and will raise in a future error of pandas. Value '[-1.4271456  -1.4271456  -1.4271456  ...  0.70069927  0.70069927
  0.70069927]' has dtype incompatible with int64, please explicitly cast to a compatible dtype first.
  transformed.loc[:, feature_columns] = (values - self.mean) / self.std
/Users/pranav/Projects/Professional/College/DS340W/SETCN/train.py:58: FutureWarning: Setting an item of incompatible dtype is deprecated and will raise in a future error of pandas. Value '[ 1.7825466   1.7825466   1.7825466  ... -0.56099504 -0.56099504
 -0.56099504]' has dtype incompatible with int64, please explicitly cast to a compatible dtype first.
  transformed.loc[:, feature_columns] = (values - self.mean) / self.std
/Users/pranav/Projects/Professional/College/DS340W/SETCN/train.py:58: FutureWarning: Setting an item of incompatible dtype is deprecated and will raise in a future error of pandas. Value '[ 3.0840073  3.0840073  3.0840073 ... -0.3242534 -0.3242534 -0.3242534]' has dtype incompatible with int64, please explicitly cast to a compatible dtype first.
  transformed.loc[:, feature_columns] = (values - self.mean) / self.std
/Users/pranav/Projects/Professional/College/DS340W/SETCN/train.py:58: FutureWarning: Setting an item of incompatible dtype is deprecated and will raise in a future error of pandas. Value '[2.0483968 2.0483968 2.0483968 ... 2.0483968 2.0483968 2.0483968]' has dtype incompatible with int64, please explicitly cast to a compatible dtype first.
  transformed.loc[:, feature_columns] = (values - self.mean) / self.std
/Users/pranav/Projects/Professional/College/DS340W/SETCN/train.py:58: FutureWarning: Setting an item of incompatible dtype is deprecated and will raise in a future error of pandas. Value '[0.70069927 0.70069927 0.70069927 ... 0.70069927 0.70069927 0.70069927]' has dtype incompatible with int64, please explicitly cast to a compatible dtype first.
  transformed.loc[:, feature_columns] = (values - self.mean) / self.std
/Users/pranav/Projects/Professional/College/DS340W/SETCN/train.py:58: FutureWarning: Setting an item of incompatible dtype is deprecated and will raise in a future error of pandas. Value '[1.7825466 1.7825466 1.7825466 ... 1.7825466 1.7825466 1.7825466]' has dtype incompatible with int64, please explicitly cast to a compatible dtype first.
  transformed.loc[:, feature_columns] = (values - self.mean) / self.std
/Users/pranav/Projects/Professional/College/DS340W/SETCN/train.py:58: FutureWarning: Setting an item of incompatible dtype is deprecated and will raise in a future error of pandas. Value '[ 3.0840073  3.0840073  3.0840073 ... -0.3242534 -0.3242534 -0.3242534]' has dtype incompatible with int64, please explicitly cast to a compatible dtype first.
  transformed.loc[:, feature_columns] = (values - self.mean) / self.std
/Users/pranav/Projects/Professional/College/DS340W/SETCN/train.py:58: FutureWarning: Setting an item of incompatible dtype is deprecated and will raise in a future error of pandas. Value '[ 2.0483968   2.0483968   2.0483968  ... -0.48818663 -0.48818663
 -0.48818663]' has dtype incompatible with int64, please explicitly cast to a compatible dtype first.
  transformed.loc[:, feature_columns] = (values - self.mean) / self.std
/Users/pranav/Projects/Professional/College/DS340W/SETCN/train.py:58: FutureWarning: Setting an item of incompatible dtype is deprecated and will raise in a future error of pandas. Value '[-1.4271456  -1.4271456  -1.4271456  ...  0.70069927  0.70069927
  0.70069927]' has dtype incompatible with int64, please explicitly cast to a compatible dtype first.
  transformed.loc[:, feature_columns] = (values - self.mean) / self.std
/Users/pranav/Projects/Professional/College/DS340W/SETCN/train.py:58: FutureWarning: Setting an item of incompatible dtype is deprecated and will raise in a future error of pandas. Value '[ 1.7825466   1.7825466   1.7825466  ...  1.7825466  -0.56099504
 -0.56099504]' has dtype incompatible with int64, please explicitly cast to a compatible dtype first.
  transformed.loc[:, feature_columns] = (values - self.mean) / self.std
/Users/pranav/Projects/Professional/College/DS340W/SETCN/train.py:58: FutureWarning: Setting an item of incompatible dtype is deprecated and will raise in a future error of pandas. Value '[ 3.0840073  3.0840073  3.0840073 ... -0.3242534 -0.3242534 -0.3242534]' has dtype incompatible with int64, please explicitly cast to a compatible dtype first.
  transformed.loc[:, feature_columns] = (values - self.mean) / self.std
/Users/pranav/Projects/Professional/College/DS340W/SETCN/train.py:58: FutureWarning: Setting an item of incompatible dtype is deprecated and will raise in a future error of pandas. Value '[-0.48818663 -0.48818663 -0.48818663 ... -0.48818663 -0.48818663
 -0.48818663]' has dtype incompatible with int64, please explicitly cast to a compatible dtype first.
  transformed.loc[:, feature_columns] = (values - self.mean) / self.std
/Users/pranav/Projects/Professional/College/DS340W/SETCN/train.py:58: FutureWarning: Setting an item of incompatible dtype is deprecated and will raise in a future error of pandas. Value '[0.70069927 0.70069927 0.70069927 ... 0.70069927 0.70069927 0.70069927]' has dtype incompatible with int64, please explicitly cast to a compatible dtype first.
  transformed.loc[:, feature_columns] = (values - self.mean) / self.std
/Users/pranav/Projects/Professional/College/DS340W/SETCN/train.py:58: FutureWarning: Setting an item of incompatible dtype is deprecated and will raise in a future error of pandas. Value '[-0.56099504  1.7825466   1.7825466  ...  1.7825466   1.7825466
  1.7825466 ]' has dtype incompatible with int64, please explicitly cast to a compatible dtype first.
  transformed.loc[:, feature_columns] = (values - self.mean) / self.std
/Users/pranav/Projects/Professional/College/DS340W/SETCN/train.py:58: FutureWarning: Setting an item of incompatible dtype is deprecated and will raise in a future error of pandas. Value '[-0.3242534  3.0840073  3.0840073 ...  3.0840073  3.0840073  3.0840073]' has dtype incompatible with int64, please explicitly cast to a compatible dtype first.
  transformed.loc[:, feature_columns] = (values - self.mean) / self.std
/Users/pranav/Projects/Professional/College/DS340W/SETCN/train.py:58: FutureWarning: Setting an item of incompatible dtype is deprecated and will raise in a future error of pandas. Value '[-0.48818663 -0.48818663 -0.48818663 ...  2.0483968   2.0483968
  2.0483968 ]' has dtype incompatible with int64, please explicitly cast to a compatible dtype first.
  transformed.loc[:, feature_columns] = (values - self.mean) / self.std
/Users/pranav/Projects/Professional/College/DS340W/SETCN/train.py:58: FutureWarning: Setting an item of incompatible dtype is deprecated and will raise in a future error of pandas. Value '[0.70069927 0.70069927 0.70069927 ... 0.70069927 0.70069927 0.70069927]' has dtype incompatible with int64, please explicitly cast to a compatible dtype first.
  transformed.loc[:, feature_columns] = (values - self.mean) / self.std
/Users/pranav/Projects/Professional/College/DS340W/SETCN/train.py:58: FutureWarning: Setting an item of incompatible dtype is deprecated and will raise in a future error of pandas. Value '[1.7825466 1.7825466 1.7825466 ... 1.7825466 1.7825466 1.7825466]' has dtype incompatible with int64, please explicitly cast to a compatible dtype first.
  transformed.loc[:, feature_columns] = (values - self.mean) / self.std
/Users/pranav/Projects/Professional/College/DS340W/SETCN/train.py:58: FutureWarning: Setting an item of incompatible dtype is deprecated and will raise in a future error of pandas. Value '[3.0840073 3.0840073 3.0840073 ... 3.0840073 3.0840073 3.0840073]' has dtype incompatible with int64, please explicitly cast to a compatible dtype first.
  transformed.loc[:, feature_columns] = (values - self.mean) / self.std
/Users/pranav/Projects/Professional/College/DS340W/SETCN/train.py:58: FutureWarning: Setting an item of incompatible dtype is deprecated and will raise in a future error of pandas. Value '[ 2.0483968   2.0483968   2.0483968  ... -0.48818663 -0.48818663
 -0.48818663]' has dtype incompatible with int64, please explicitly cast to a compatible dtype first.
  transformed.loc[:, feature_columns] = (values - self.mean) / self.std
/Users/pranav/Projects/Professional/College/DS340W/SETCN/train.py:58: FutureWarning: Setting an item of incompatible dtype is deprecated and will raise in a future error of pandas. Value '[0.70069927 0.70069927 0.70069927 ... 0.70069927 0.70069927 0.70069927]' has dtype incompatible with int64, please explicitly cast to a compatible dtype first.
  transformed.loc[:, feature_columns] = (values - self.mean) / self.std
/Users/pranav/Projects/Professional/College/DS340W/SETCN/train.py:58: FutureWarning: Setting an item of incompatible dtype is deprecated and will raise in a future error of pandas. Value '[1.7825466 1.7825466 1.7825466 ... 1.7825466 1.7825466 1.7825466]' has dtype incompatible with int64, please explicitly cast to a compatible dtype first.
  transformed.loc[:, feature_columns] = (values - self.mean) / self.std
/Users/pranav/Projects/Professional/College/DS340W/SETCN/train.py:58: FutureWarning: Setting an item of incompatible dtype is deprecated and will raise in a future error of pandas. Value '[ 3.0840073  3.0840073  3.0840073 ... -0.3242534 -0.3242534 -0.3242534]' has dtype incompatible with int64, please explicitly cast to a compatible dtype first.
  transformed.loc[:, feature_columns] = (values - self.mean) / self.std
/Users/pranav/Projects/Professional/College/DS340W/SETCN/train.py:58: FutureWarning: Setting an item of incompatible dtype is deprecated and will raise in a future error of pandas. Value '[-0.48818663 -0.48818663 -0.48818663 ...  2.0483968   2.0483968
  2.0483968 ]' has dtype incompatible with int64, please explicitly cast to a compatible dtype first.
  transformed.loc[:, feature_columns] = (values - self.mean) / self.std
/Users/pranav/Projects/Professional/College/DS340W/SETCN/train.py:58: FutureWarning: Setting an item of incompatible dtype is deprecated and will raise in a future error of pandas. Value '[-1.4271456  -1.4271456  -1.4271456  ...  0.70069927  0.70069927
  0.70069927]' has dtype incompatible with int64, please explicitly cast to a compatible dtype first.
  transformed.loc[:, feature_columns] = (values - self.mean) / self.std
/Users/pranav/Projects/Professional/College/DS340W/SETCN/train.py:58: FutureWarning: Setting an item of incompatible dtype is deprecated and will raise in a future error of pandas. Value '[ 1.7825466  -0.56099504 -0.56099504 ...  1.7825466   1.7825466
  1.7825466 ]' has dtype incompatible with int64, please explicitly cast to a compatible dtype first.
  transformed.loc[:, feature_columns] = (values - self.mean) / self.std
/Users/pranav/Projects/Professional/College/DS340W/SETCN/train.py:58: FutureWarning: Setting an item of incompatible dtype is deprecated and will raise in a future error of pandas. Value '[-0.3242534 -0.3242534 -0.3242534 ... -0.3242534 -0.3242534 -0.3242534]' has dtype incompatible with int64, please explicitly cast to a compatible dtype first.
  transformed.loc[:, feature_columns] = (values - self.mean) / self.std
/Users/pranav/Projects/Professional/College/DS340W/SETCN/train.py:58: FutureWarning: Setting an item of incompatible dtype is deprecated and will raise in a future error of pandas. Value '[ 2.0483968   2.0483968   2.0483968  ... -0.48818663 -0.48818663
 -0.48818663]' has dtype incompatible with int64, please explicitly cast to a compatible dtype first.
  transformed.loc[:, feature_columns] = (values - self.mean) / self.std
/Users/pranav/Projects/Professional/College/DS340W/SETCN/train.py:58: FutureWarning: Setting an item of incompatible dtype is deprecated and will raise in a future error of pandas. Value '[-1.4271456 -1.4271456 -1.4271456 ... -1.4271456 -1.4271456 -1.4271456]' has dtype incompatible with int64, please explicitly cast to a compatible dtype first.
  transformed.loc[:, feature_columns] = (values - self.mean) / self.std
/Users/pranav/Projects/Professional/College/DS340W/SETCN/train.py:58: FutureWarning: Setting an item of incompatible dtype is deprecated and will raise in a future error of pandas. Value '[ 1.7825466   1.7825466   1.7825466  ... -0.56099504 -0.56099504
 -0.56099504]' has dtype incompatible with int64, please explicitly cast to a compatible dtype first.
  transformed.loc[:, feature_columns] = (values - self.mean) / self.std
/Users/pranav/Projects/Professional/College/DS340W/SETCN/train.py:58: FutureWarning: Setting an item of incompatible dtype is deprecated and will raise in a future error of pandas. Value '[ 3.0840073  3.0840073  3.0840073 ... -0.3242534 -0.3242534 -0.3242534]' has dtype incompatible with int64, please explicitly cast to a compatible dtype first.
  transformed.loc[:, feature_columns] = (values - self.mean) / self.std
/Users/pranav/Projects/Professional/College/DS340W/SETCN/train.py:58: FutureWarning: Setting an item of incompatible dtype is deprecated and will raise in a future error of pandas. Value '[-0.48818663 -0.48818663 -0.48818663 ... -0.48818663 -0.48818663
 -0.48818663]' has dtype incompatible with int64, please explicitly cast to a compatible dtype first.
  transformed.loc[:, feature_columns] = (values - self.mean) / self.std
/Users/pranav/Projects/Professional/College/DS340W/SETCN/train.py:58: FutureWarning: Setting an item of incompatible dtype is deprecated and will raise in a future error of pandas. Value '[-1.4271456 -1.4271456 -1.4271456 ... -1.4271456 -1.4271456 -1.4271456]' has dtype incompatible with int64, please explicitly cast to a compatible dtype first.
  transformed.loc[:, feature_columns] = (values - self.mean) / self.std
/Users/pranav/Projects/Professional/College/DS340W/SETCN/train.py:58: FutureWarning: Setting an item of incompatible dtype is deprecated and will raise in a future error of pandas. Value '[-0.56099504 -0.56099504 -0.56099504 ...  1.7825466   1.7825466
 -0.56099504]' has dtype incompatible with int64, please explicitly cast to a compatible dtype first.
  transformed.loc[:, feature_columns] = (values - self.mean) / self.std
/Users/pranav/Projects/Professional/College/DS340W/SETCN/train.py:58: FutureWarning: Setting an item of incompatible dtype is deprecated and will raise in a future error of pandas. Value '[-0.3242534 -0.3242534 -0.3242534 ... -0.3242534 -0.3242534 -0.3242534]' has dtype incompatible with int64, please explicitly cast to a compatible dtype first.
  transformed.loc[:, feature_columns] = (values - self.mean) / self.std
/Users/pranav/Projects/Professional/College/DS340W/SETCN/train.py:58: FutureWarning: Setting an item of incompatible dtype is deprecated and will raise in a future error of pandas. Value '[ 2.0483968   2.0483968   2.0483968  ... -0.48818663 -0.48818663
 -0.48818663]' has dtype incompatible with int64, please explicitly cast to a compatible dtype first.
  transformed.loc[:, feature_columns] = (values - self.mean) / self.std
/Users/pranav/Projects/Professional/College/DS340W/SETCN/train.py:58: FutureWarning: Setting an item of incompatible dtype is deprecated and will raise in a future error of pandas. Value '[-1.4271456  -1.4271456  -1.4271456  ...  0.70069927  0.70069927
  0.70069927]' has dtype incompatible with int64, please explicitly cast to a compatible dtype first.
  transformed.loc[:, feature_columns] = (values - self.mean) / self.std
/Users/pranav/Projects/Professional/College/DS340W/SETCN/train.py:58: FutureWarning: Setting an item of incompatible dtype is deprecated and will raise in a future error of pandas. Value '[1.7825466 1.7825466 1.7825466 ... 1.7825466 1.7825466 1.7825466]' has dtype incompatible with int64, please explicitly cast to a compatible dtype first.
  transformed.loc[:, feature_columns] = (values - self.mean) / self.std
/Users/pranav/Projects/Professional/College/DS340W/SETCN/train.py:58: FutureWarning: Setting an item of incompatible dtype is deprecated and will raise in a future error of pandas. Value '[ 3.0840073  3.0840073  3.0840073 ... -0.3242534 -0.3242534 -0.3242534]' has dtype incompatible with int64, please explicitly cast to a compatible dtype first.
  transformed.loc[:, feature_columns] = (values - self.mean) / self.std
/Users/pranav/Projects/Professional/College/DS340W/SETCN/train.py:58: FutureWarning: Setting an item of incompatible dtype is deprecated and will raise in a future error of pandas. Value '[-0.48818663 -0.48818663 -0.48818663 ... -0.48818663 -0.48818663
 -0.48818663]' has dtype incompatible with int64, please explicitly cast to a compatible dtype first.
  transformed.loc[:, feature_columns] = (values - self.mean) / self.std
/Users/pranav/Projects/Professional/College/DS340W/SETCN/train.py:58: FutureWarning: Setting an item of incompatible dtype is deprecated and will raise in a future error of pandas. Value '[-1.4271456  -1.4271456  -1.4271456  ...  0.70069927  0.70069927
  0.70069927]' has dtype incompatible with int64, please explicitly cast to a compatible dtype first.
  transformed.loc[:, feature_columns] = (values - self.mean) / self.std
/Users/pranav/Projects/Professional/College/DS340W/SETCN/train.py:58: FutureWarning: Setting an item of incompatible dtype is deprecated and will raise in a future error of pandas. Value '[-0.56099504 -0.56099504  1.7825466  ...  1.7825466   1.7825466
  1.7825466 ]' has dtype incompatible with int64, please explicitly cast to a compatible dtype first.
  transformed.loc[:, feature_columns] = (values - self.mean) / self.std
/Users/pranav/Projects/Professional/College/DS340W/SETCN/train.py:58: FutureWarning: Setting an item of incompatible dtype is deprecated and will raise in a future error of pandas. Value '[-0.3242534 -0.3242534 -0.3242534 ... -0.3242534 -0.3242534 -0.3242534]' has dtype incompatible with int64, please explicitly cast to a compatible dtype first.
  transformed.loc[:, feature_columns] = (values - self.mean) / self.std
/Users/pranav/Projects/Professional/College/DS340W/SETCN/train.py:58: FutureWarning: Setting an item of incompatible dtype is deprecated and will raise in a future error of pandas. Value '[-0.48818663 -0.48818663 -0.48818663 ... -0.48818663 -0.48818663
 -0.48818663]' has dtype incompatible with int64, please explicitly cast to a compatible dtype first.
  transformed.loc[:, feature_columns] = (values - self.mean) / self.std
/Users/pranav/Projects/Professional/College/DS340W/SETCN/train.py:58: FutureWarning: Setting an item of incompatible dtype is deprecated and will raise in a future error of pandas. Value '[-1.4271456  -1.4271456  -1.4271456  ...  0.70069927  0.70069927
  0.70069927]' has dtype incompatible with int64, please explicitly cast to a compatible dtype first.
  transformed.loc[:, feature_columns] = (values - self.mean) / self.std
/Users/pranav/Projects/Professional/College/DS340W/SETCN/train.py:58: FutureWarning: Setting an item of incompatible dtype is deprecated and will raise in a future error of pandas. Value '[-0.56099504 -0.56099504 -0.56099504 ... -0.56099504 -0.56099504
 -0.56099504]' has dtype incompatible with int64, please explicitly cast to a compatible dtype first.
  transformed.loc[:, feature_columns] = (values - self.mean) / self.std
/Users/pranav/Projects/Professional/College/DS340W/SETCN/train.py:58: FutureWarning: Setting an item of incompatible dtype is deprecated and will raise in a future error of pandas. Value '[-0.3242534 -0.3242534 -0.3242534 ... -0.3242534 -0.3242534 -0.3242534]' has dtype incompatible with int64, please explicitly cast to a compatible dtype first.
  transformed.loc[:, feature_columns] = (values - self.mean) / self.std
/Users/pranav/Projects/Professional/College/DS340W/SETCN/train.py:58: FutureWarning: Setting an item of incompatible dtype is deprecated and will raise in a future error of pandas. Value '[ 2.0483968   2.0483968   2.0483968  ... -0.48818663 -0.48818663
 -0.48818663]' has dtype incompatible with int64, please explicitly cast to a compatible dtype first.
  transformed.loc[:, feature_columns] = (values - self.mean) / self.std
/Users/pranav/Projects/Professional/College/DS340W/SETCN/train.py:58: FutureWarning: Setting an item of incompatible dtype is deprecated and will raise in a future error of pandas. Value '[-1.4271456  -1.4271456  -1.4271456  ...  0.70069927  0.70069927
  0.70069927]' has dtype incompatible with int64, please explicitly cast to a compatible dtype first.
  transformed.loc[:, feature_columns] = (values - self.mean) / self.std
/Users/pranav/Projects/Professional/College/DS340W/SETCN/train.py:58: FutureWarning: Setting an item of incompatible dtype is deprecated and will raise in a future error of pandas. Value '[ 1.7825466   1.7825466   1.7825466  ... -0.56099504 -0.56099504
 -0.56099504]' has dtype incompatible with int64, please explicitly cast to a compatible dtype first.
  transformed.loc[:, feature_columns] = (values - self.mean) / self.std
/Users/pranav/Projects/Professional/College/DS340W/SETCN/train.py:58: FutureWarning: Setting an item of incompatible dtype is deprecated and will raise in a future error of pandas. Value '[ 3.0840073  3.0840073  3.0840073 ... -0.3242534 -0.3242534 -0.3242534]' has dtype incompatible with int64, please explicitly cast to a compatible dtype first.
  transformed.loc[:, feature_columns] = (values - self.mean) / self.std
/Users/pranav/Projects/Professional/College/DS340W/SETCN/train.py:58: FutureWarning: Setting an item of incompatible dtype is deprecated and will raise in a future error of pandas. Value '[-0.48818663 -0.48818663 -0.48818663 ... -0.48818663  2.0483968
  2.0483968 ]' has dtype incompatible with int64, please explicitly cast to a compatible dtype first.
  transformed.loc[:, feature_columns] = (values - self.mean) / self.std
/Users/pranav/Projects/Professional/College/DS340W/SETCN/train.py:58: FutureWarning: Setting an item of incompatible dtype is deprecated and will raise in a future error of pandas. Value '[-1.4271456  -1.4271456  -1.4271456  ...  0.70069927  0.70069927
  0.70069927]' has dtype incompatible with int64, please explicitly cast to a compatible dtype first.
  transformed.loc[:, feature_columns] = (values - self.mean) / self.std
/Users/pranav/Projects/Professional/College/DS340W/SETCN/train.py:58: FutureWarning: Setting an item of incompatible dtype is deprecated and will raise in a future error of pandas. Value '[-0.56099504 -0.56099504 -0.56099504 ... -0.56099504  1.7825466
  1.7825466 ]' has dtype incompatible with int64, please explicitly cast to a compatible dtype first.
  transformed.loc[:, feature_columns] = (values - self.mean) / self.std
/Users/pranav/Projects/Professional/College/DS340W/SETCN/train.py:58: FutureWarning: Setting an item of incompatible dtype is deprecated and will raise in a future error of pandas. Value '[-0.3242534 -0.3242534 -0.3242534 ... -0.3242534 -0.3242534 -0.3242534]' has dtype incompatible with int64, please explicitly cast to a compatible dtype first.
  transformed.loc[:, feature_columns] = (values - self.mean) / self.std
/Users/pranav/Projects/Professional/College/DS340W/SETCN/train.py:58: FutureWarning: Setting an item of incompatible dtype is deprecated and will raise in a future error of pandas. Value '[-0.48818663 -0.48818663 -0.48818663 ... -0.48818663 -0.48818663
 -0.48818663]' has dtype incompatible with int64, please explicitly cast to a compatible dtype first.
  transformed.loc[:, feature_columns] = (values - self.mean) / self.std
/Users/pranav/Projects/Professional/College/DS340W/SETCN/train.py:58: FutureWarning: Setting an item of incompatible dtype is deprecated and will raise in a future error of pandas. Value '[0.70069927 0.70069927 0.70069927 ... 0.70069927 0.70069927 0.70069927]' has dtype incompatible with int64, please explicitly cast to a compatible dtype first.
  transformed.loc[:, feature_columns] = (values - self.mean) / self.std
/Users/pranav/Projects/Professional/College/DS340W/SETCN/train.py:58: FutureWarning: Setting an item of incompatible dtype is deprecated and will raise in a future error of pandas. Value '[-0.56099504 -0.56099504 -0.56099504 ... -0.56099504 -0.56099504
 -0.56099504]' has dtype incompatible with int64, please explicitly cast to a compatible dtype first.
  transformed.loc[:, feature_columns] = (values - self.mean) / self.std
/Users/pranav/Projects/Professional/College/DS340W/SETCN/train.py:58: FutureWarning: Setting an item of incompatible dtype is deprecated and will raise in a future error of pandas. Value '[-0.3242534 -0.3242534 -0.3242534 ... -0.3242534 -0.3242534 -0.3242534]' has dtype incompatible with int64, please explicitly cast to a compatible dtype first.
  transformed.loc[:, feature_columns] = (values - self.mean) / self.std
/Users/pranav/Projects/Professional/College/DS340W/SETCN/train.py:58: FutureWarning: Setting an item of incompatible dtype is deprecated and will raise in a future error of pandas. Value '[-0.48818663 -0.48818663 -0.48818663 ... -0.48818663 -0.48818663
 -0.48818663]' has dtype incompatible with int64, please explicitly cast to a compatible dtype first.
  transformed.loc[:, feature_columns] = (values - self.mean) / self.std
/Users/pranav/Projects/Professional/College/DS340W/SETCN/train.py:58: FutureWarning: Setting an item of incompatible dtype is deprecated and will raise in a future error of pandas. Value '[0.70069927 0.70069927 0.70069927 ... 0.70069927 0.70069927 0.70069927]' has dtype incompatible with int64, please explicitly cast to a compatible dtype first.
  transformed.loc[:, feature_columns] = (values - self.mean) / self.std
/Users/pranav/Projects/Professional/College/DS340W/SETCN/train.py:58: FutureWarning: Setting an item of incompatible dtype is deprecated and will raise in a future error of pandas. Value '[ 1.7825466   1.7825466   1.7825466  ... -0.56099504 -0.56099504
 -0.56099504]' has dtype incompatible with int64, please explicitly cast to a compatible dtype first.
  transformed.loc[:, feature_columns] = (values - self.mean) / self.std
/Users/pranav/Projects/Professional/College/DS340W/SETCN/train.py:58: FutureWarning: Setting an item of incompatible dtype is deprecated and will raise in a future error of pandas. Value '[-0.3242534 -0.3242534 -0.3242534 ... -0.3242534 -0.3242534 -0.3242534]' has dtype incompatible with int64, please explicitly cast to a compatible dtype first.
  transformed.loc[:, feature_columns] = (values - self.mean) / self.std
/Users/pranav/Projects/Professional/College/DS340W/SETCN/train.py:58: FutureWarning: Setting an item of incompatible dtype is deprecated and will raise in a future error of pandas. Value '[-0.48818663 -0.48818663 -0.48818663 ... -0.48818663 -0.48818663
 -0.48818663]' has dtype incompatible with int64, please explicitly cast to a compatible dtype first.
  transformed.loc[:, feature_columns] = (values - self.mean) / self.std
/Users/pranav/Projects/Professional/College/DS340W/SETCN/train.py:58: FutureWarning: Setting an item of incompatible dtype is deprecated and will raise in a future error of pandas. Value '[-1.4271456 -1.4271456 -1.4271456 ... -1.4271456 -1.4271456 -1.4271456]' has dtype incompatible with int64, please explicitly cast to a compatible dtype first.
  transformed.loc[:, feature_columns] = (values - self.mean) / self.std
/Users/pranav/Projects/Professional/College/DS340W/SETCN/train.py:58: FutureWarning: Setting an item of incompatible dtype is deprecated and will raise in a future error of pandas. Value '[-0.56099504 -0.56099504 -0.56099504 ... -0.56099504 -0.56099504
 -0.56099504]' has dtype incompatible with int64, please explicitly cast to a compatible dtype first.
  transformed.loc[:, feature_columns] = (values - self.mean) / self.std
/Users/pranav/Projects/Professional/College/DS340W/SETCN/train.py:58: FutureWarning: Setting an item of incompatible dtype is deprecated and will raise in a future error of pandas. Value '[-0.3242534 -0.3242534 -0.3242534 ... -0.3242534 -0.3242534 -0.3242534]' has dtype incompatible with int64, please explicitly cast to a compatible dtype first.
  transformed.loc[:, feature_columns] = (values - self.mean) / self.std
/Users/pranav/Projects/Professional/College/DS340W/SETCN/train.py:58: FutureWarning: Setting an item of incompatible dtype is deprecated and will raise in a future error of pandas. Value '[-0.48818663 -0.48818663 -0.48818663 ... -0.48818663 -0.48818663
 -0.48818663]' has dtype incompatible with int64, please explicitly cast to a compatible dtype first.
  transformed.loc[:, feature_columns] = (values - self.mean) / self.std
/Users/pranav/Projects/Professional/College/DS340W/SETCN/train.py:58: FutureWarning: Setting an item of incompatible dtype is deprecated and will raise in a future error of pandas. Value '[-1.4271456  -1.4271456  -1.4271456  ...  0.70069927  0.70069927
  0.70069927]' has dtype incompatible with int64, please explicitly cast to a compatible dtype first.
  transformed.loc[:, feature_columns] = (values - self.mean) / self.std
/Users/pranav/Projects/Professional/College/DS340W/SETCN/train.py:58: FutureWarning: Setting an item of incompatible dtype is deprecated and will raise in a future error of pandas. Value '[ 1.7825466  -0.56099504 -0.56099504 ... -0.56099504 -0.56099504
 -0.56099504]' has dtype incompatible with int64, please explicitly cast to a compatible dtype first.
  transformed.loc[:, feature_columns] = (values - self.mean) / self.std
/Users/pranav/Projects/Professional/College/DS340W/SETCN/train.py:58: FutureWarning: Setting an item of incompatible dtype is deprecated and will raise in a future error of pandas. Value '[-0.3242534 -0.3242534 -0.3242534 ... -0.3242534 -0.3242534 -0.3242534]' has dtype incompatible with int64, please explicitly cast to a compatible dtype first.
  transformed.loc[:, feature_columns] = (values - self.mean) / self.std
/Users/pranav/Projects/Professional/College/DS340W/SETCN/train.py:58: FutureWarning: Setting an item of incompatible dtype is deprecated and will raise in a future error of pandas. Value '[-0.48818663 -0.48818663 -0.48818663 ... -0.48818663 -0.48818663
 -0.48818663]' has dtype incompatible with int64, please explicitly cast to a compatible dtype first.
  transformed.loc[:, feature_columns] = (values - self.mean) / self.std
/Users/pranav/Projects/Professional/College/DS340W/SETCN/train.py:58: FutureWarning: Setting an item of incompatible dtype is deprecated and will raise in a future error of pandas. Value '[-1.4271456  -1.4271456  -1.4271456  ...  0.70069927  0.70069927
  0.70069927]' has dtype incompatible with int64, please explicitly cast to a compatible dtype first.
  transformed.loc[:, feature_columns] = (values - self.mean) / self.std
/Users/pranav/Projects/Professional/College/DS340W/SETCN/train.py:58: FutureWarning: Setting an item of incompatible dtype is deprecated and will raise in a future error of pandas. Value '[-0.56099504 -0.56099504 -0.56099504 ... -0.56099504 -0.56099504
 -0.56099504]' has dtype incompatible with int64, please explicitly cast to a compatible dtype first.
  transformed.loc[:, feature_columns] = (values - self.mean) / self.std
/Users/pranav/Projects/Professional/College/DS340W/SETCN/train.py:58: FutureWarning: Setting an item of incompatible dtype is deprecated and will raise in a future error of pandas. Value '[-0.3242534 -0.3242534 -0.3242534 ... -0.3242534 -0.3242534 -0.3242534]' has dtype incompatible with int64, please explicitly cast to a compatible dtype first.
  transformed.loc[:, feature_columns] = (values - self.mean) / self.std
/Users/pranav/Projects/Professional/College/DS340W/SETCN/train.py:58: FutureWarning: Setting an item of incompatible dtype is deprecated and will raise in a future error of pandas. Value '[ 2.0483968   2.0483968   2.0483968  ... -0.48818663 -0.48818663
  2.0483968 ]' has dtype incompatible with int64, please explicitly cast to a compatible dtype first.
  transformed.loc[:, feature_columns] = (values - self.mean) / self.std
/Users/pranav/Projects/Professional/College/DS340W/SETCN/train.py:58: FutureWarning: Setting an item of incompatible dtype is deprecated and will raise in a future error of pandas. Value '[-1.4271456 -1.4271456 -1.4271456 ... -1.4271456 -1.4271456 -1.4271456]' has dtype incompatible with int64, please explicitly cast to a compatible dtype first.
  transformed.loc[:, feature_columns] = (values - self.mean) / self.std
/Users/pranav/Projects/Professional/College/DS340W/SETCN/train.py:58: FutureWarning: Setting an item of incompatible dtype is deprecated and will raise in a future error of pandas. Value '[ 1.7825466   1.7825466   1.7825466  ... -0.56099504 -0.56099504
  1.7825466 ]' has dtype incompatible with int64, please explicitly cast to a compatible dtype first.
  transformed.loc[:, feature_columns] = (values - self.mean) / self.std
/Users/pranav/Projects/Professional/College/DS340W/SETCN/train.py:58: FutureWarning: Setting an item of incompatible dtype is deprecated and will raise in a future error of pandas. Value '[ 3.0840073  3.0840073  3.0840073 ... -0.3242534 -0.3242534 -0.3242534]' has dtype incompatible with int64, please explicitly cast to a compatible dtype first.
  transformed.loc[:, feature_columns] = (values - self.mean) / self.std
/Users/pranav/Projects/Professional/College/DS340W/SETCN/train.py:58: FutureWarning: Setting an item of incompatible dtype is deprecated and will raise in a future error of pandas. Value '[-0.48818663 -0.48818663 -0.48818663 ... -0.48818663  2.0483968
  2.0483968 ]' has dtype incompatible with int64, please explicitly cast to a compatible dtype first.
  transformed.loc[:, feature_columns] = (values - self.mean) / self.std
/Users/pranav/Projects/Professional/College/DS340W/SETCN/train.py:58: FutureWarning: Setting an item of incompatible dtype is deprecated and will raise in a future error of pandas. Value '[-1.4271456  -1.4271456  -1.4271456  ...  0.70069927  0.70069927
  0.70069927]' has dtype incompatible with int64, please explicitly cast to a compatible dtype first.
  transformed.loc[:, feature_columns] = (values - self.mean) / self.std
/Users/pranav/Projects/Professional/College/DS340W/SETCN/train.py:58: FutureWarning: Setting an item of incompatible dtype is deprecated and will raise in a future error of pandas. Value '[-0.56099504 -0.56099504 -0.56099504 ...  1.7825466   1.7825466
  1.7825466 ]' has dtype incompatible with int64, please explicitly cast to a compatible dtype first.
  transformed.loc[:, feature_columns] = (values - self.mean) / self.std
/Users/pranav/Projects/Professional/College/DS340W/SETCN/train.py:58: FutureWarning: Setting an item of incompatible dtype is deprecated and will raise in a future error of pandas. Value '[-0.3242534 -0.3242534 -0.3242534 ... -0.3242534 -0.3242534 -0.3242534]' has dtype incompatible with int64, please explicitly cast to a compatible dtype first.
  transformed.loc[:, feature_columns] = (values - self.mean) / self.std
Using directory mode.
Loading train trips...
Loaded 120 train trip CSVs.
Loading validation trips...
Loaded 30 validation trip CSVs.
Loading test trips...
Loaded 50 test trip CSVs.
Validation enabled: True
Train trip count: 120
Val trip count: 30
Test trip count: 50
Train raw rows: 240000
Val raw rows: 60000
Test raw rows: 100000
max_rows_per_trip: 2000
Selected feature columns:
  - gnss_latitude
  - gnss_longitude
  - odometry_articulationAngle
  - odometry_steeringAngle
  - odometry_vehicleSpeed
  - odometry_wheelSpeed_fl
  - odometry_wheelSpeed_fr
  - odometry_wheelSpeed_ml
  - odometry_wheelSpeed_mr
  - odometry_wheelSpeed_rl
  - odometry_wheelSpeed_rr
  - status_doorIsOpen
  - status_gridIsAvailable
  - status_haltBrakeIsActive
  - status_parkBrakeIsActive
  - temperature_ambient
  - traction_brakePressure
  - traction_tractionForce
train: processed trips 1/120 - cumulative windows: 1990
train: processed trips 2/120 - cumulative windows: 3980
train: processed trips 3/120 - cumulative windows: 5970
train: processed trips 4/120 - cumulative windows: 7960
train: processed trips 5/120 - cumulative windows: 9950
train: processed trips 6/120 - cumulative windows: 11940
train: processed trips 7/120 - cumulative windows: 13930
train: processed trips 8/120 - cumulative windows: 15920
train: processed trips 9/120 - cumulative windows: 17910
train: processed trips 10/120 - cumulative windows: 19900
train: processed trips 11/120 - cumulative windows: 21890
train: processed trips 12/120 - cumulative windows: 23880
train: processed trips 13/120 - cumulative windows: 25870
train: processed trips 14/120 - cumulative windows: 27860
train: processed trips 15/120 - cumulative windows: 29850
train: processed trips 16/120 - cumulative windows: 31840
train: processed trips 17/120 - cumulative windows: 33830
train: processed trips 18/120 - cumulative windows: 35820
train: processed trips 19/120 - cumulative windows: 37810
train: processed trips 20/120 - cumulative windows: 39800
train: processed trips 21/120 - cumulative windows: 41790
train: processed trips 22/120 - cumulative windows: 43780
train: processed trips 23/120 - cumulative windows: 45770
train: processed trips 24/120 - cumulative windows: 47760
train: processed trips 25/120 - cumulative windows: 49750
train: processed trips 26/120 - cumulative windows: 51740
train: processed trips 27/120 - cumulative windows: 53730
train: processed trips 28/120 - cumulative windows: 55720
train: processed trips 29/120 - cumulative windows: 57710
train: processed trips 30/120 - cumulative windows: 59700
train: processed trips 31/120 - cumulative windows: 61690
train: processed trips 32/120 - cumulative windows: 63680
train: processed trips 33/120 - cumulative windows: 65670
train: processed trips 34/120 - cumulative windows: 67660
train: processed trips 35/120 - cumulative windows: 69650
train: processed trips 36/120 - cumulative windows: 71640
train: processed trips 37/120 - cumulative windows: 73630
train: processed trips 38/120 - cumulative windows: 75620
train: processed trips 39/120 - cumulative windows: 77610
train: processed trips 40/120 - cumulative windows: 79600
train: processed trips 41/120 - cumulative windows: 81590
train: processed trips 42/120 - cumulative windows: 83580
train: processed trips 43/120 - cumulative windows: 85570
train: processed trips 44/120 - cumulative windows: 87560
train: processed trips 45/120 - cumulative windows: 89550
train: processed trips 46/120 - cumulative windows: 91540
train: processed trips 47/120 - cumulative windows: 93530
train: processed trips 48/120 - cumulative windows: 95520
train: processed trips 49/120 - cumulative windows: 97510
train: processed trips 50/120 - cumulative windows: 99500
train: processed trips 51/120 - cumulative windows: 101490
train: processed trips 52/120 - cumulative windows: 103480
train: processed trips 53/120 - cumulative windows: 105470
train: processed trips 54/120 - cumulative windows: 107460
train: processed trips 55/120 - cumulative windows: 109450
train: processed trips 56/120 - cumulative windows: 111440
train: processed trips 57/120 - cumulative windows: 113430
train: processed trips 58/120 - cumulative windows: 115420
train: processed trips 59/120 - cumulative windows: 117410
train: processed trips 60/120 - cumulative windows: 119400
train: processed trips 61/120 - cumulative windows: 121390
train: processed trips 62/120 - cumulative windows: 123380
train: processed trips 63/120 - cumulative windows: 125370
train: processed trips 64/120 - cumulative windows: 127360
train: processed trips 65/120 - cumulative windows: 129350
train: processed trips 66/120 - cumulative windows: 131340
train: processed trips 67/120 - cumulative windows: 133330
train: processed trips 68/120 - cumulative windows: 135320
train: processed trips 69/120 - cumulative windows: 137310
train: processed trips 70/120 - cumulative windows: 139300
train: processed trips 71/120 - cumulative windows: 141290
train: processed trips 72/120 - cumulative windows: 143280
train: processed trips 73/120 - cumulative windows: 145270
train: processed trips 74/120 - cumulative windows: 147260
train: processed trips 75/120 - cumulative windows: 149250
train: processed trips 76/120 - cumulative windows: 151240
train: processed trips 77/120 - cumulative windows: 153230
train: processed trips 78/120 - cumulative windows: 155220
train: processed trips 79/120 - cumulative windows: 157210
train: processed trips 80/120 - cumulative windows: 159200
train: processed trips 81/120 - cumulative windows: 161190
train: processed trips 82/120 - cumulative windows: 163180
train: processed trips 83/120 - cumulative windows: 165170
train: processed trips 84/120 - cumulative windows: 167160
train: processed trips 85/120 - cumulative windows: 169150
train: processed trips 86/120 - cumulative windows: 171140
train: processed trips 87/120 - cumulative windows: 173130
train: processed trips 88/120 - cumulative windows: 175120
train: processed trips 89/120 - cumulative windows: 177110
train: processed trips 90/120 - cumulative windows: 179100
train: processed trips 91/120 - cumulative windows: 181090
train: processed trips 92/120 - cumulative windows: 183080
train: processed trips 93/120 - cumulative windows: 185070
train: processed trips 94/120 - cumulative windows: 187060
train: processed trips 95/120 - cumulative windows: 189050
train: processed trips 96/120 - cumulative windows: 191040
train: processed trips 97/120 - cumulative windows: 193030
train: processed trips 98/120 - cumulative windows: 195020
train: processed trips 99/120 - cumulative windows: 197010
train: processed trips 100/120 - cumulative windows: 199000
train: processed trips 101/120 - cumulative windows: 200990
train: processed trips 102/120 - cumulative windows: 202980
train: processed trips 103/120 - cumulative windows: 204970
train: processed trips 104/120 - cumulative windows: 206960
train: processed trips 105/120 - cumulative windows: 208950
train: processed trips 106/120 - cumulative windows: 210940
train: processed trips 107/120 - cumulative windows: 212930
train: processed trips 108/120 - cumulative windows: 214920
train: processed trips 109/120 - cumulative windows: 216910
train: processed trips 110/120 - cumulative windows: 218900
train: processed trips 111/120 - cumulative windows: 220890
train: processed trips 112/120 - cumulative windows: 222880
train: processed trips 113/120 - cumulative windows: 224870
train: processed trips 114/120 - cumulative windows: 226860
train: processed trips 115/120 - cumulative windows: 228850
train: processed trips 116/120 - cumulative windows: 230840
train: processed trips 117/120 - cumulative windows: 232830
train: processed trips 118/120 - cumulative windows: 234820
train: processed trips 119/120 - cumulative windows: 236810
train: processed trips 120/120 - cumulative windows: 238800
val: processed trips 1/30 - cumulative windows: 1990
val: processed trips 2/30 - cumulative windows: 3980
val: processed trips 3/30 - cumulative windows: 5970
val: processed trips 4/30 - cumulative windows: 7960
val: processed trips 5/30 - cumulative windows: 9950
/Users/pranav/Projects/Professional/College/DS340W/SETCN/venv/lib/python3.10/site-packages/torch/nn/utils/weight_norm.py:28: UserWarning: torch.nn.utils.weight_norm is deprecated in favor of torch.nn.utils.parametrizations.weight_norm.
  warnings.warn("torch.nn.utils.weight_norm is deprecated in favor of torch.nn.utils.parametrizations.weight_norm.")
val: processed trips 6/30 - cumulative windows: 11940
val: processed trips 7/30 - cumulative windows: 13930
val: processed trips 8/30 - cumulative windows: 15920
val: processed trips 9/30 - cumulative windows: 17910
val: processed trips 10/30 - cumulative windows: 19900
val: processed trips 11/30 - cumulative windows: 21890
val: processed trips 12/30 - cumulative windows: 23880
val: processed trips 13/30 - cumulative windows: 25870
val: processed trips 14/30 - cumulative windows: 27860
val: processed trips 15/30 - cumulative windows: 29850
val: processed trips 16/30 - cumulative windows: 31840
val: processed trips 17/30 - cumulative windows: 33830
val: processed trips 18/30 - cumulative windows: 35820
val: processed trips 19/30 - cumulative windows: 37810
val: processed trips 20/30 - cumulative windows: 39800
val: processed trips 21/30 - cumulative windows: 41790
val: processed trips 22/30 - cumulative windows: 43780
val: processed trips 23/30 - cumulative windows: 45770
val: processed trips 24/30 - cumulative windows: 47760
val: processed trips 25/30 - cumulative windows: 49750
val: processed trips 26/30 - cumulative windows: 51740
val: processed trips 27/30 - cumulative windows: 53730
val: processed trips 28/30 - cumulative windows: 55720
val: processed trips 29/30 - cumulative windows: 57710
val: processed trips 30/30 - cumulative windows: 59700
test: processed trips 1/50 - cumulative windows: 1990
test: processed trips 2/50 - cumulative windows: 3980
test: processed trips 3/50 - cumulative windows: 5970
test: processed trips 4/50 - cumulative windows: 7960
test: processed trips 5/50 - cumulative windows: 9950
test: processed trips 6/50 - cumulative windows: 11940
test: processed trips 7/50 - cumulative windows: 13930
test: processed trips 8/50 - cumulative windows: 15920
test: processed trips 9/50 - cumulative windows: 17910
test: processed trips 10/50 - cumulative windows: 19900
test: processed trips 11/50 - cumulative windows: 21890
test: processed trips 12/50 - cumulative windows: 23880
test: processed trips 13/50 - cumulative windows: 25870
test: processed trips 14/50 - cumulative windows: 27860
test: processed trips 15/50 - cumulative windows: 29850
test: processed trips 16/50 - cumulative windows: 31840
test: processed trips 17/50 - cumulative windows: 33830
test: processed trips 18/50 - cumulative windows: 35820
test: processed trips 19/50 - cumulative windows: 37810
test: processed trips 20/50 - cumulative windows: 39800
test: processed trips 21/50 - cumulative windows: 41790
test: processed trips 22/50 - cumulative windows: 43780
test: processed trips 23/50 - cumulative windows: 45770
test: processed trips 24/50 - cumulative windows: 47760
test: processed trips 25/50 - cumulative windows: 49750
test: processed trips 26/50 - cumulative windows: 51740
test: processed trips 27/50 - cumulative windows: 53730
test: processed trips 28/50 - cumulative windows: 55720
test: processed trips 29/50 - cumulative windows: 57710
test: processed trips 30/50 - cumulative windows: 59700
test: processed trips 31/50 - cumulative windows: 61690
test: processed trips 32/50 - cumulative windows: 63680
test: processed trips 33/50 - cumulative windows: 65670
test: processed trips 34/50 - cumulative windows: 67660
test: processed trips 35/50 - cumulative windows: 69650
test: processed trips 36/50 - cumulative windows: 71640
test: processed trips 37/50 - cumulative windows: 73630
test: processed trips 38/50 - cumulative windows: 75620
test: processed trips 39/50 - cumulative windows: 77610
test: processed trips 40/50 - cumulative windows: 79600
test: processed trips 41/50 - cumulative windows: 81590
test: processed trips 42/50 - cumulative windows: 83580
test: processed trips 43/50 - cumulative windows: 85570
test: processed trips 44/50 - cumulative windows: 87560
test: processed trips 45/50 - cumulative windows: 89550
test: processed trips 46/50 - cumulative windows: 91540
test: processed trips 47/50 - cumulative windows: 93530
test: processed trips 48/50 - cumulative windows: 95520
test: processed trips 49/50 - cumulative windows: 97510
test: processed trips 50/50 - cumulative windows: 99500
Final train window count: 238800
Final val window count: 59700
Final test window count: 99500
Using date column: time_unix
  batch 500/3732 - running_train_mae: 43472.685574
  batch 1000/3732 - running_train_mae: 43162.012750
  batch 1500/3732 - running_train_mae: 42880.321141
  batch 2000/3732 - running_train_mae: 42659.962227
  batch 2500/3732 - running_train_mae: 42519.781452
  batch 3000/3732 - running_train_mae: 42340.857994
  batch 3500/3732 - running_train_mae: 42267.776884
Epoch 1/10 - train_mae: 42235.192306 - val_mae: 41468.348777
  batch 500/3732 - running_train_mae: 41620.245441
  batch 1000/3732 - running_train_mae: 41366.107746
  batch 1500/3732 - running_train_mae: 41260.105324
  batch 2000/3732 - running_train_mae: 41345.565964
  batch 2500/3732 - running_train_mae: 41289.002957
  batch 3000/3732 - running_train_mae: 41218.448145
  batch 3500/3732 - running_train_mae: 41148.116271
Epoch 2/10 - train_mae: 41140.630830 - val_mae: 40599.644015
  batch 500/3732 - running_train_mae: 40744.390340
  batch 1000/3732 - running_train_mae: 40532.074449
  batch 1500/3732 - running_train_mae: 40399.230013
  batch 2000/3732 - running_train_mae: 40308.486837
  batch 2500/3732 - running_train_mae: 40202.087807
  batch 3000/3732 - running_train_mae: 40084.888617
  batch 3500/3732 - running_train_mae: 40034.630900
Epoch 3/10 - train_mae: 39970.655680 - val_mae: 39464.026574
  batch 500/3732 - running_train_mae: 39284.179605
  batch 1000/3732 - running_train_mae: 39087.472920
  batch 1500/3732 - running_train_mae: 39217.927872
  batch 2000/3732 - running_train_mae: 39063.461374
  batch 2500/3732 - running_train_mae: 39061.023119
  batch 3000/3732 - running_train_mae: 39082.748391
  batch 3500/3732 - running_train_mae: 39025.341163
Epoch 4/10 - train_mae: 38990.333127 - val_mae: 38454.726265
  batch 500/3732 - running_train_mae: 38460.905984
  batch 1000/3732 - running_train_mae: 38439.453824
  batch 1500/3732 - running_train_mae: 38417.626922
  batch 2000/3732 - running_train_mae: 38481.870385
  batch 2500/3732 - running_train_mae: 38499.814703
  batch 3000/3732 - running_train_mae: 38509.464673
  batch 3500/3732 - running_train_mae: 38506.587568
Epoch 5/10 - train_mae: 38481.615702 - val_mae: 37974.398608
  batch 500/3732 - running_train_mae: 38138.146504
  batch 1000/3732 - running_train_mae: 37842.496188
  batch 1500/3732 - running_train_mae: 37842.970301
  batch 2000/3732 - running_train_mae: 37962.318572
  batch 2500/3732 - running_train_mae: 38002.587926
  batch 3000/3732 - running_train_mae: 38009.954143
  batch 3500/3732 - running_train_mae: 38020.674653
Epoch 6/10 - train_mae: 38049.598285 - val_mae: 38080.190487
  batch 500/3732 - running_train_mae: 37861.755695
  batch 1000/3732 - running_train_mae: 37668.672357
  batch 1500/3732 - running_train_mae: 37640.144914
  batch 2000/3732 - running_train_mae: 37765.102062
  batch 2500/3732 - running_train_mae: 37735.193821
  batch 3000/3732 - running_train_mae: 37697.412221
  batch 3500/3732 - running_train_mae: 37773.615161
Epoch 7/10 - train_mae: 37802.462469 - val_mae: 37654.714675
  batch 500/3732 - running_train_mae: 37489.203633
  batch 1000/3732 - running_train_mae: 37458.921512
  batch 1500/3732 - running_train_mae: 37393.059902
  batch 2000/3732 - running_train_mae: 37577.788844
  batch 2500/3732 - running_train_mae: 37669.686319
  batch 3000/3732 - running_train_mae: 37687.805441
  batch 3500/3732 - running_train_mae: 37744.193278
Epoch 8/10 - train_mae: 37691.551612 - val_mae: 37512.426774
  batch 500/3732 - running_train_mae: 37830.443344
  batch 1000/3732 - running_train_mae: 37634.987590
  batch 1500/3732 - running_train_mae: 37613.318275
  batch 2000/3732 - running_train_mae: 37507.993744
  batch 2500/3732 - running_train_mae: 37445.841263
  batch 3000/3732 - running_train_mae: 37407.196291
  batch 3500/3732 - running_train_mae: 37415.602275
Epoch 9/10 - train_mae: 37433.960567 - val_mae: 37091.896040
  batch 500/3732 - running_train_mae: 37731.820203
  batch 1000/3732 - running_train_mae: 37562.776934
  batch 1500/3732 - running_train_mae: 37435.532982
  batch 2000/3732 - running_train_mae: 37452.686769
  batch 2500/3732 - running_train_mae: 37454.156675
  batch 3000/3732 - running_train_mae: 37399.278516
  batch 3500/3732 - running_train_mae: 37286.608457
Epoch 10/10 - train_mae: 37271.382787 - val_mae: 36946.554127
Loaded best validation checkpoint from outputs/sparse5x_setcn_10ep/best_model.pt
Test MAE: 36834.914062
Test RMSE: 56244.906250
Test MAPE: 829.100132
Saved test predictions to outputs/sparse5x_setcn_10ep/test_predictions.csv
Saved metrics to outputs/sparse5x_setcn_10ep/metrics.json
Saved run config to outputs/sparse5x_setcn_10ep/run_config.json
Saved best checkpoint to outputs/sparse5x_setcn_10ep/best_model.pt
