/Users/pranav/Projects/Professional/College/DS340W/SETCN/train.py:58: FutureWarning: Setting an item of incompatible dtype is deprecated and will raise in a future error of pandas. Value '[-0.4535049 -0.4535049 -0.4535049 ... -0.4535049 -0.4535049 -0.4535049]' has dtype incompatible with int64, please explicitly cast to a compatible dtype first.
  transformed.loc[:, feature_columns] = (values - self.mean) / self.std
/Users/pranav/Projects/Professional/College/DS340W/SETCN/train.py:58: FutureWarning: Setting an item of incompatible dtype is deprecated and will raise in a future error of pandas. Value '[0.77159756 0.77159756 0.77159756 ... 0.77159756 0.77159756 0.77159756]' has dtype incompatible with int64, please explicitly cast to a compatible dtype first.
  transformed.loc[:, feature_columns] = (values - self.mean) / self.std
/Users/pranav/Projects/Professional/College/DS340W/SETCN/train.py:58: FutureWarning: Setting an item of incompatible dtype is deprecated and will raise in a future error of pandas. Value '[-0.53670406 -0.53670406 -0.53670406 ... -0.53670406 -0.53670406
 -0.53670406]' has dtype incompatible with int64, please explicitly cast to a compatible dtype first.
  transformed.loc[:, feature_columns] = (values - self.mean) / self.std
/Users/pranav/Projects/Professional/College/DS340W/SETCN/train.py:58: FutureWarning: Setting an item of incompatible dtype is deprecated and will raise in a future error of pandas. Value '[ 3.0677755  3.0677755  3.0677755 ... -0.3259692 -0.3259692 -0.3259692]' has dtype incompatible with int64, please explicitly cast to a compatible dtype first.
  transformed.loc[:, feature_columns] = (values - self.mean) / self.std
/Users/pranav/Projects/Professional/College/DS340W/SETCN/train.py:58: FutureWarning: Setting an item of incompatible dtype is deprecated and will raise in a future error of pandas. Value '[-0.4535049 -0.4535049 -0.4535049 ... -0.4535049 -0.4535049 -0.4535049]' has dtype incompatible with int64, please explicitly cast to a compatible dtype first.
  transformed.loc[:, feature_columns] = (values - self.mean) / self.std
/Users/pranav/Projects/Professional/College/DS340W/SETCN/train.py:58: FutureWarning: Setting an item of incompatible dtype is deprecated and will raise in a future error of pandas. Value '[-1.2960125  -1.2960125  -1.2960125  ...  0.77159756  0.77159756
  0.77159756]' has dtype incompatible with int64, please explicitly cast to a compatible dtype first.
  transformed.loc[:, feature_columns] = (values - self.mean) / self.std
/Users/pranav/Projects/Professional/College/DS340W/SETCN/train.py:58: FutureWarning: Setting an item of incompatible dtype is deprecated and will raise in a future error of pandas. Value '[-0.53670406 -0.53670406 -0.53670406 ... -0.53670406 -0.53670406
 -0.53670406]' has dtype incompatible with int64, please explicitly cast to a compatible dtype first.
  transformed.loc[:, feature_columns] = (values - self.mean) / self.std
/Users/pranav/Projects/Professional/College/DS340W/SETCN/train.py:58: FutureWarning: Setting an item of incompatible dtype is deprecated and will raise in a future error of pandas. Value '[-0.3259692 -0.3259692 -0.3259692 ... -0.3259692 -0.3259692 -0.3259692]' has dtype incompatible with int64, please explicitly cast to a compatible dtype first.
  transformed.loc[:, feature_columns] = (values - self.mean) / self.std
/Users/pranav/Projects/Professional/College/DS340W/SETCN/train.py:58: FutureWarning: Setting an item of incompatible dtype is deprecated and will raise in a future error of pandas. Value '[-0.4535049 -0.4535049 -0.4535049 ... -0.4535049 -0.4535049 -0.4535049]' has dtype incompatible with int64, please explicitly cast to a compatible dtype first.
  transformed.loc[:, feature_columns] = (values - self.mean) / self.std
/Users/pranav/Projects/Professional/College/DS340W/SETCN/train.py:58: FutureWarning: Setting an item of incompatible dtype is deprecated and will raise in a future error of pandas. Value '[-1.2960125  -1.2960125  -1.2960125  ...  0.77159756  0.77159756
  0.77159756]' has dtype incompatible with int64, please explicitly cast to a compatible dtype first.
  transformed.loc[:, feature_columns] = (values - self.mean) / self.std
/Users/pranav/Projects/Professional/College/DS340W/SETCN/train.py:58: FutureWarning: Setting an item of incompatible dtype is deprecated and will raise in a future error of pandas. Value '[-0.53670406 -0.53670406 -0.53670406 ... -0.53670406 -0.53670406
 -0.53670406]' has dtype incompatible with int64, please explicitly cast to a compatible dtype first.
  transformed.loc[:, feature_columns] = (values - self.mean) / self.std
/Users/pranav/Projects/Professional/College/DS340W/SETCN/train.py:58: FutureWarning: Setting an item of incompatible dtype is deprecated and will raise in a future error of pandas. Value '[ 3.0677755  3.0677755  3.0677755 ... -0.3259692 -0.3259692 -0.3259692]' has dtype incompatible with int64, please explicitly cast to a compatible dtype first.
  transformed.loc[:, feature_columns] = (values - self.mean) / self.std
/Users/pranav/Projects/Professional/College/DS340W/SETCN/train.py:58: FutureWarning: Setting an item of incompatible dtype is deprecated and will raise in a future error of pandas. Value '[-0.4535049 -0.4535049 -0.4535049 ... -0.4535049  2.2050483  2.2050483]' has dtype incompatible with int64, please explicitly cast to a compatible dtype first.
  transformed.loc[:, feature_columns] = (values - self.mean) / self.std
/Users/pranav/Projects/Professional/College/DS340W/SETCN/train.py:58: FutureWarning: Setting an item of incompatible dtype is deprecated and will raise in a future error of pandas. Value '[-1.2960125  -1.2960125  -1.2960125  ...  0.77159756  0.77159756
  0.77159756]' has dtype incompatible with int64, please explicitly cast to a compatible dtype first.
  transformed.loc[:, feature_columns] = (values - self.mean) / self.std
/Users/pranav/Projects/Professional/College/DS340W/SETCN/train.py:58: FutureWarning: Setting an item of incompatible dtype is deprecated and will raise in a future error of pandas. Value '[-0.53670406 -0.53670406 -0.53670406 ... -0.53670406 -0.53670406
 -0.53670406]' has dtype incompatible with int64, please explicitly cast to a compatible dtype first.
  transformed.loc[:, feature_columns] = (values - self.mean) / self.std
/Users/pranav/Projects/Professional/College/DS340W/SETCN/train.py:58: FutureWarning: Setting an item of incompatible dtype is deprecated and will raise in a future error of pandas. Value '[-0.3259692 -0.3259692 -0.3259692 ... -0.3259692 -0.3259692 -0.3259692]' has dtype incompatible with int64, please explicitly cast to a compatible dtype first.
  transformed.loc[:, feature_columns] = (values - self.mean) / self.std
/Users/pranav/Projects/Professional/College/DS340W/SETCN/train.py:58: FutureWarning: Setting an item of incompatible dtype is deprecated and will raise in a future error of pandas. Value '[-0.4535049 -0.4535049 -0.4535049 ... -0.4535049 -0.4535049 -0.4535049]' has dtype incompatible with int64, please explicitly cast to a compatible dtype first.
  transformed.loc[:, feature_columns] = (values - self.mean) / self.std
/Users/pranav/Projects/Professional/College/DS340W/SETCN/train.py:58: FutureWarning: Setting an item of incompatible dtype is deprecated and will raise in a future error of pandas. Value '[-1.2960125  -1.2960125  -1.2960125  ...  0.77159756  0.77159756
  0.77159756]' has dtype incompatible with int64, please explicitly cast to a compatible dtype first.
  transformed.loc[:, feature_columns] = (values - self.mean) / self.std
/Users/pranav/Projects/Professional/College/DS340W/SETCN/train.py:58: FutureWarning: Setting an item of incompatible dtype is deprecated and will raise in a future error of pandas. Value '[-0.53670406 -0.53670406 -0.53670406 ... -0.53670406 -0.53670406
 -0.53670406]' has dtype incompatible with int64, please explicitly cast to a compatible dtype first.
  transformed.loc[:, feature_columns] = (values - self.mean) / self.std
/Users/pranav/Projects/Professional/College/DS340W/SETCN/train.py:58: FutureWarning: Setting an item of incompatible dtype is deprecated and will raise in a future error of pandas. Value '[-0.3259692 -0.3259692 -0.3259692 ... -0.3259692 -0.3259692 -0.3259692]' has dtype incompatible with int64, please explicitly cast to a compatible dtype first.
  transformed.loc[:, feature_columns] = (values - self.mean) / self.std
/Users/pranav/Projects/Professional/College/DS340W/SETCN/train.py:58: FutureWarning: Setting an item of incompatible dtype is deprecated and will raise in a future error of pandas. Value '[-0.4535049 -0.4535049 -0.4535049 ... -0.4535049 -0.4535049 -0.4535049]' has dtype incompatible with int64, please explicitly cast to a compatible dtype first.
  transformed.loc[:, feature_columns] = (values - self.mean) / self.std
/Users/pranav/Projects/Professional/College/DS340W/SETCN/train.py:58: FutureWarning: Setting an item of incompatible dtype is deprecated and will raise in a future error of pandas. Value '[-1.2960125  -1.2960125  -1.2960125  ...  0.77159756  0.77159756
  0.77159756]' has dtype incompatible with int64, please explicitly cast to a compatible dtype first.
  transformed.loc[:, feature_columns] = (values - self.mean) / self.std
/Users/pranav/Projects/Professional/College/DS340W/SETCN/train.py:58: FutureWarning: Setting an item of incompatible dtype is deprecated and will raise in a future error of pandas. Value '[-0.53670406 -0.53670406 -0.53670406 ... -0.53670406 -0.53670406
 -0.53670406]' has dtype incompatible with int64, please explicitly cast to a compatible dtype first.
  transformed.loc[:, feature_columns] = (values - self.mean) / self.std
/Users/pranav/Projects/Professional/College/DS340W/SETCN/train.py:58: FutureWarning: Setting an item of incompatible dtype is deprecated and will raise in a future error of pandas. Value '[3.0677755 3.0677755 3.0677755 ... 3.0677755 3.0677755 3.0677755]' has dtype incompatible with int64, please explicitly cast to a compatible dtype first.
  transformed.loc[:, feature_columns] = (values - self.mean) / self.std
/Users/pranav/Projects/Professional/College/DS340W/SETCN/train.py:58: FutureWarning: Setting an item of incompatible dtype is deprecated and will raise in a future error of pandas. Value '[-0.4535049 -0.4535049 -0.4535049 ... -0.4535049 -0.4535049 -0.4535049]' has dtype incompatible with int64, please explicitly cast to a compatible dtype first.
  transformed.loc[:, feature_columns] = (values - self.mean) / self.std
/Users/pranav/Projects/Professional/College/DS340W/SETCN/train.py:58: FutureWarning: Setting an item of incompatible dtype is deprecated and will raise in a future error of pandas. Value '[-1.2960125  -1.2960125  -1.2960125  ...  0.77159756  0.77159756
  0.77159756]' has dtype incompatible with int64, please explicitly cast to a compatible dtype first.
  transformed.loc[:, feature_columns] = (values - self.mean) / self.std
/Users/pranav/Projects/Professional/College/DS340W/SETCN/train.py:58: FutureWarning: Setting an item of incompatible dtype is deprecated and will raise in a future error of pandas. Value '[-0.53670406 -0.53670406 -0.53670406 ... -0.53670406 -0.53670406
 -0.53670406]' has dtype incompatible with int64, please explicitly cast to a compatible dtype first.
  transformed.loc[:, feature_columns] = (values - self.mean) / self.std
/Users/pranav/Projects/Professional/College/DS340W/SETCN/train.py:58: FutureWarning: Setting an item of incompatible dtype is deprecated and will raise in a future error of pandas. Value '[-0.3259692 -0.3259692 -0.3259692 ... -0.3259692 -0.3259692 -0.3259692]' has dtype incompatible with int64, please explicitly cast to a compatible dtype first.
  transformed.loc[:, feature_columns] = (values - self.mean) / self.std
/Users/pranav/Projects/Professional/College/DS340W/SETCN/train.py:58: FutureWarning: Setting an item of incompatible dtype is deprecated and will raise in a future error of pandas. Value '[-0.4535049 -0.4535049 -0.4535049 ... -0.4535049 -0.4535049 -0.4535049]' has dtype incompatible with int64, please explicitly cast to a compatible dtype first.
  transformed.loc[:, feature_columns] = (values - self.mean) / self.std
/Users/pranav/Projects/Professional/College/DS340W/SETCN/train.py:58: FutureWarning: Setting an item of incompatible dtype is deprecated and will raise in a future error of pandas. Value '[0.77159756 0.77159756 0.77159756 ... 0.77159756 0.77159756 0.77159756]' has dtype incompatible with int64, please explicitly cast to a compatible dtype first.
  transformed.loc[:, feature_columns] = (values - self.mean) / self.std
/Users/pranav/Projects/Professional/College/DS340W/SETCN/train.py:58: FutureWarning: Setting an item of incompatible dtype is deprecated and will raise in a future error of pandas. Value '[-0.53670406 -0.53670406 -0.53670406 ... -0.53670406 -0.53670406
 -0.53670406]' has dtype incompatible with int64, please explicitly cast to a compatible dtype first.
  transformed.loc[:, feature_columns] = (values - self.mean) / self.std
/Users/pranav/Projects/Professional/College/DS340W/SETCN/train.py:58: FutureWarning: Setting an item of incompatible dtype is deprecated and will raise in a future error of pandas. Value '[-0.3259692 -0.3259692 -0.3259692 ... -0.3259692 -0.3259692 -0.3259692]' has dtype incompatible with int64, please explicitly cast to a compatible dtype first.
  transformed.loc[:, feature_columns] = (values - self.mean) / self.std
/Users/pranav/Projects/Professional/College/DS340W/SETCN/train.py:58: FutureWarning: Setting an item of incompatible dtype is deprecated and will raise in a future error of pandas. Value '[ 2.2050483  2.2050483  2.2050483 ... -0.4535049 -0.4535049 -0.4535049]' has dtype incompatible with int64, please explicitly cast to a compatible dtype first.
  transformed.loc[:, feature_columns] = (values - self.mean) / self.std
/Users/pranav/Projects/Professional/College/DS340W/SETCN/train.py:58: FutureWarning: Setting an item of incompatible dtype is deprecated and will raise in a future error of pandas. Value '[0.77159756 0.77159756 0.77159756 ... 0.77159756 0.77159756 0.77159756]' has dtype incompatible with int64, please explicitly cast to a compatible dtype first.
  transformed.loc[:, feature_columns] = (values - self.mean) / self.std
/Users/pranav/Projects/Professional/College/DS340W/SETCN/train.py:58: FutureWarning: Setting an item of incompatible dtype is deprecated and will raise in a future error of pandas. Value '[-0.53670406 -0.53670406 -0.53670406 ... -0.53670406 -0.53670406
 -0.53670406]' has dtype incompatible with int64, please explicitly cast to a compatible dtype first.
  transformed.loc[:, feature_columns] = (values - self.mean) / self.std
/Users/pranav/Projects/Professional/College/DS340W/SETCN/train.py:58: FutureWarning: Setting an item of incompatible dtype is deprecated and will raise in a future error of pandas. Value '[ 3.0677755  3.0677755  3.0677755 ... -0.3259692 -0.3259692 -0.3259692]' has dtype incompatible with int64, please explicitly cast to a compatible dtype first.
  transformed.loc[:, feature_columns] = (values - self.mean) / self.std
/Users/pranav/Projects/Professional/College/DS340W/SETCN/train.py:58: FutureWarning: Setting an item of incompatible dtype is deprecated and will raise in a future error of pandas. Value '[ 2.2050483  2.2050483  2.2050483 ... -0.4535049 -0.4535049 -0.4535049]' has dtype incompatible with int64, please explicitly cast to a compatible dtype first.
  transformed.loc[:, feature_columns] = (values - self.mean) / self.std
/Users/pranav/Projects/Professional/College/DS340W/SETCN/train.py:58: FutureWarning: Setting an item of incompatible dtype is deprecated and will raise in a future error of pandas. Value '[ 0.77159756  0.77159756  0.77159756 ... -1.2960125  -1.2960125
 -1.2960125 ]' has dtype incompatible with int64, please explicitly cast to a compatible dtype first.
  transformed.loc[:, feature_columns] = (values - self.mean) / self.std
/Users/pranav/Projects/Professional/College/DS340W/SETCN/train.py:58: FutureWarning: Setting an item of incompatible dtype is deprecated and will raise in a future error of pandas. Value '[-0.53670406 -0.53670406 -0.53670406 ... -0.53670406 -0.53670406
 -0.53670406]' has dtype incompatible with int64, please explicitly cast to a compatible dtype first.
  transformed.loc[:, feature_columns] = (values - self.mean) / self.std
/Users/pranav/Projects/Professional/College/DS340W/SETCN/train.py:58: FutureWarning: Setting an item of incompatible dtype is deprecated and will raise in a future error of pandas. Value '[ 3.0677755  3.0677755  3.0677755 ... -0.3259692 -0.3259692 -0.3259692]' has dtype incompatible with int64, please explicitly cast to a compatible dtype first.
  transformed.loc[:, feature_columns] = (values - self.mean) / self.std
/Users/pranav/Projects/Professional/College/DS340W/SETCN/train.py:58: FutureWarning: Setting an item of incompatible dtype is deprecated and will raise in a future error of pandas. Value '[-0.4535049 -0.4535049 -0.4535049 ...  2.2050483  2.2050483  2.2050483]' has dtype incompatible with int64, please explicitly cast to a compatible dtype first.
  transformed.loc[:, feature_columns] = (values - self.mean) / self.std
/Users/pranav/Projects/Professional/College/DS340W/SETCN/train.py:58: FutureWarning: Setting an item of incompatible dtype is deprecated and will raise in a future error of pandas. Value '[0.77159756 0.77159756 0.77159756 ... 0.77159756 0.77159756 0.77159756]' has dtype incompatible with int64, please explicitly cast to a compatible dtype first.
  transformed.loc[:, feature_columns] = (values - self.mean) / self.std
/Users/pranav/Projects/Professional/College/DS340W/SETCN/train.py:58: FutureWarning: Setting an item of incompatible dtype is deprecated and will raise in a future error of pandas. Value '[-0.53670406 -0.53670406 -0.53670406 ... -0.53670406 -0.53670406
 -0.53670406]' has dtype incompatible with int64, please explicitly cast to a compatible dtype first.
  transformed.loc[:, feature_columns] = (values - self.mean) / self.std
/Users/pranav/Projects/Professional/College/DS340W/SETCN/train.py:58: FutureWarning: Setting an item of incompatible dtype is deprecated and will raise in a future error of pandas. Value '[ 3.0677755 -0.3259692 -0.3259692 ...  3.0677755  3.0677755  3.0677755]' has dtype incompatible with int64, please explicitly cast to a compatible dtype first.
  transformed.loc[:, feature_columns] = (values - self.mean) / self.std
/Users/pranav/Projects/Professional/College/DS340W/SETCN/train.py:58: FutureWarning: Setting an item of incompatible dtype is deprecated and will raise in a future error of pandas. Value '[-0.4535049 -0.4535049 -0.4535049 ... -0.4535049 -0.4535049 -0.4535049]' has dtype incompatible with int64, please explicitly cast to a compatible dtype first.
  transformed.loc[:, feature_columns] = (values - self.mean) / self.std
/Users/pranav/Projects/Professional/College/DS340W/SETCN/train.py:58: FutureWarning: Setting an item of incompatible dtype is deprecated and will raise in a future error of pandas. Value '[-1.2960125  -1.2960125  -1.2960125  ...  0.77159756  0.77159756
  0.77159756]' has dtype incompatible with int64, please explicitly cast to a compatible dtype first.
  transformed.loc[:, feature_columns] = (values - self.mean) / self.std
/Users/pranav/Projects/Professional/College/DS340W/SETCN/train.py:58: FutureWarning: Setting an item of incompatible dtype is deprecated and will raise in a future error of pandas. Value '[-0.53670406 -0.53670406 -0.53670406 ... -0.53670406 -0.53670406
 -0.53670406]' has dtype incompatible with int64, please explicitly cast to a compatible dtype first.
  transformed.loc[:, feature_columns] = (values - self.mean) / self.std
/Users/pranav/Projects/Professional/College/DS340W/SETCN/train.py:58: FutureWarning: Setting an item of incompatible dtype is deprecated and will raise in a future error of pandas. Value '[-0.3259692 -0.3259692 -0.3259692 ... -0.3259692 -0.3259692 -0.3259692]' has dtype incompatible with int64, please explicitly cast to a compatible dtype first.
  transformed.loc[:, feature_columns] = (values - self.mean) / self.std
/Users/pranav/Projects/Professional/College/DS340W/SETCN/train.py:58: FutureWarning: Setting an item of incompatible dtype is deprecated and will raise in a future error of pandas. Value '[-0.4535049 -0.4535049 -0.4535049 ...  2.2050483 -0.4535049 -0.4535049]' has dtype incompatible with int64, please explicitly cast to a compatible dtype first.
  transformed.loc[:, feature_columns] = (values - self.mean) / self.std
/Users/pranav/Projects/Professional/College/DS340W/SETCN/train.py:58: FutureWarning: Setting an item of incompatible dtype is deprecated and will raise in a future error of pandas. Value '[0.77159756 0.77159756 0.77159756 ... 0.77159756 0.77159756 0.77159756]' has dtype incompatible with int64, please explicitly cast to a compatible dtype first.
  transformed.loc[:, feature_columns] = (values - self.mean) / self.std
/Users/pranav/Projects/Professional/College/DS340W/SETCN/train.py:58: FutureWarning: Setting an item of incompatible dtype is deprecated and will raise in a future error of pandas. Value '[-0.53670406 -0.53670406 -0.53670406 ... -0.53670406 -0.53670406
 -0.53670406]' has dtype incompatible with int64, please explicitly cast to a compatible dtype first.
  transformed.loc[:, feature_columns] = (values - self.mean) / self.std
/Users/pranav/Projects/Professional/College/DS340W/SETCN/train.py:58: FutureWarning: Setting an item of incompatible dtype is deprecated and will raise in a future error of pandas. Value '[-0.3259692 -0.3259692 -0.3259692 ... -0.3259692 -0.3259692 -0.3259692]' has dtype incompatible with int64, please explicitly cast to a compatible dtype first.
  transformed.loc[:, feature_columns] = (values - self.mean) / self.std
/Users/pranav/Projects/Professional/College/DS340W/SETCN/train.py:58: FutureWarning: Setting an item of incompatible dtype is deprecated and will raise in a future error of pandas. Value '[ 2.2050483  2.2050483  2.2050483 ... -0.4535049 -0.4535049 -0.4535049]' has dtype incompatible with int64, please explicitly cast to a compatible dtype first.
  transformed.loc[:, feature_columns] = (values - self.mean) / self.std
/Users/pranav/Projects/Professional/College/DS340W/SETCN/train.py:58: FutureWarning: Setting an item of incompatible dtype is deprecated and will raise in a future error of pandas. Value '[ 0.77159756  0.77159756  0.77159756 ... -1.2960125  -1.2960125
 -1.2960125 ]' has dtype incompatible with int64, please explicitly cast to a compatible dtype first.
  transformed.loc[:, feature_columns] = (values - self.mean) / self.std
/Users/pranav/Projects/Professional/College/DS340W/SETCN/train.py:58: FutureWarning: Setting an item of incompatible dtype is deprecated and will raise in a future error of pandas. Value '[-0.53670406 -0.53670406 -0.53670406 ... -0.53670406 -0.53670406
 -0.53670406]' has dtype incompatible with int64, please explicitly cast to a compatible dtype first.
  transformed.loc[:, feature_columns] = (values - self.mean) / self.std
/Users/pranav/Projects/Professional/College/DS340W/SETCN/train.py:58: FutureWarning: Setting an item of incompatible dtype is deprecated and will raise in a future error of pandas. Value '[ 3.0677755  3.0677755  3.0677755 ... -0.3259692 -0.3259692 -0.3259692]' has dtype incompatible with int64, please explicitly cast to a compatible dtype first.
  transformed.loc[:, feature_columns] = (values - self.mean) / self.std
/Users/pranav/Projects/Professional/College/DS340W/SETCN/train.py:58: FutureWarning: Setting an item of incompatible dtype is deprecated and will raise in a future error of pandas. Value '[-0.4535049 -0.4535049 -0.4535049 ... -0.4535049 -0.4535049 -0.4535049]' has dtype incompatible with int64, please explicitly cast to a compatible dtype first.
  transformed.loc[:, feature_columns] = (values - self.mean) / self.std
/Users/pranav/Projects/Professional/College/DS340W/SETCN/train.py:58: FutureWarning: Setting an item of incompatible dtype is deprecated and will raise in a future error of pandas. Value '[0.77159756 0.77159756 0.77159756 ... 0.77159756 0.77159756 0.77159756]' has dtype incompatible with int64, please explicitly cast to a compatible dtype first.
  transformed.loc[:, feature_columns] = (values - self.mean) / self.std
/Users/pranav/Projects/Professional/College/DS340W/SETCN/train.py:58: FutureWarning: Setting an item of incompatible dtype is deprecated and will raise in a future error of pandas. Value '[-0.53670406 -0.53670406 -0.53670406 ... -0.53670406 -0.53670406
 -0.53670406]' has dtype incompatible with int64, please explicitly cast to a compatible dtype first.
  transformed.loc[:, feature_columns] = (values - self.mean) / self.std
/Users/pranav/Projects/Professional/College/DS340W/SETCN/train.py:58: FutureWarning: Setting an item of incompatible dtype is deprecated and will raise in a future error of pandas. Value '[ 3.0677755  3.0677755  3.0677755 ... -0.3259692 -0.3259692 -0.3259692]' has dtype incompatible with int64, please explicitly cast to a compatible dtype first.
  transformed.loc[:, feature_columns] = (values - self.mean) / self.std
/Users/pranav/Projects/Professional/College/DS340W/SETCN/train.py:58: FutureWarning: Setting an item of incompatible dtype is deprecated and will raise in a future error of pandas. Value '[-0.4535049 -0.4535049 -0.4535049 ...  2.2050483  2.2050483  2.2050483]' has dtype incompatible with int64, please explicitly cast to a compatible dtype first.
  transformed.loc[:, feature_columns] = (values - self.mean) / self.std
/Users/pranav/Projects/Professional/College/DS340W/SETCN/train.py:58: FutureWarning: Setting an item of incompatible dtype is deprecated and will raise in a future error of pandas. Value '[0.77159756 0.77159756 0.77159756 ... 0.77159756 0.77159756 0.77159756]' has dtype incompatible with int64, please explicitly cast to a compatible dtype first.
  transformed.loc[:, feature_columns] = (values - self.mean) / self.std
/Users/pranav/Projects/Professional/College/DS340W/SETCN/train.py:58: FutureWarning: Setting an item of incompatible dtype is deprecated and will raise in a future error of pandas. Value '[-0.53670406 -0.53670406 -0.53670406 ... -0.53670406 -0.53670406
 -0.53670406]' has dtype incompatible with int64, please explicitly cast to a compatible dtype first.
  transformed.loc[:, feature_columns] = (values - self.mean) / self.std
/Users/pranav/Projects/Professional/College/DS340W/SETCN/train.py:58: FutureWarning: Setting an item of incompatible dtype is deprecated and will raise in a future error of pandas. Value '[3.0677755 3.0677755 3.0677755 ... 3.0677755 3.0677755 3.0677755]' has dtype incompatible with int64, please explicitly cast to a compatible dtype first.
  transformed.loc[:, feature_columns] = (values - self.mean) / self.std
/Users/pranav/Projects/Professional/College/DS340W/SETCN/train.py:58: FutureWarning: Setting an item of incompatible dtype is deprecated and will raise in a future error of pandas. Value '[ 2.2050483  2.2050483  2.2050483 ... -0.4535049 -0.4535049 -0.4535049]' has dtype incompatible with int64, please explicitly cast to a compatible dtype first.
  transformed.loc[:, feature_columns] = (values - self.mean) / self.std
/Users/pranav/Projects/Professional/College/DS340W/SETCN/train.py:58: FutureWarning: Setting an item of incompatible dtype is deprecated and will raise in a future error of pandas. Value '[0.77159756 0.77159756 0.77159756 ... 0.77159756 0.77159756 0.77159756]' has dtype incompatible with int64, please explicitly cast to a compatible dtype first.
  transformed.loc[:, feature_columns] = (values - self.mean) / self.std
/Users/pranav/Projects/Professional/College/DS340W/SETCN/train.py:58: FutureWarning: Setting an item of incompatible dtype is deprecated and will raise in a future error of pandas. Value '[-0.53670406 -0.53670406 -0.53670406 ... -0.53670406 -0.53670406
 -0.53670406]' has dtype incompatible with int64, please explicitly cast to a compatible dtype first.
  transformed.loc[:, feature_columns] = (values - self.mean) / self.std
/Users/pranav/Projects/Professional/College/DS340W/SETCN/train.py:58: FutureWarning: Setting an item of incompatible dtype is deprecated and will raise in a future error of pandas. Value '[ 3.0677755  3.0677755  3.0677755 ... -0.3259692 -0.3259692 -0.3259692]' has dtype incompatible with int64, please explicitly cast to a compatible dtype first.
  transformed.loc[:, feature_columns] = (values - self.mean) / self.std
/Users/pranav/Projects/Professional/College/DS340W/SETCN/train.py:58: FutureWarning: Setting an item of incompatible dtype is deprecated and will raise in a future error of pandas. Value '[ 2.2050483  2.2050483  2.2050483 ... -0.4535049 -0.4535049 -0.4535049]' has dtype incompatible with int64, please explicitly cast to a compatible dtype first.
  transformed.loc[:, feature_columns] = (values - self.mean) / self.std
/Users/pranav/Projects/Professional/College/DS340W/SETCN/train.py:58: FutureWarning: Setting an item of incompatible dtype is deprecated and will raise in a future error of pandas. Value '[-1.2960125  -1.2960125  -1.2960125  ...  0.77159756  0.77159756
  0.77159756]' has dtype incompatible with int64, please explicitly cast to a compatible dtype first.
  transformed.loc[:, feature_columns] = (values - self.mean) / self.std
/Users/pranav/Projects/Professional/College/DS340W/SETCN/train.py:58: FutureWarning: Setting an item of incompatible dtype is deprecated and will raise in a future error of pandas. Value '[-0.53670406 -0.53670406 -0.53670406 ... -0.53670406 -0.53670406
 -0.53670406]' has dtype incompatible with int64, please explicitly cast to a compatible dtype first.
  transformed.loc[:, feature_columns] = (values - self.mean) / self.std
/Users/pranav/Projects/Professional/College/DS340W/SETCN/train.py:58: FutureWarning: Setting an item of incompatible dtype is deprecated and will raise in a future error of pandas. Value '[ 3.0677755  3.0677755  3.0677755 ... -0.3259692 -0.3259692 -0.3259692]' has dtype incompatible with int64, please explicitly cast to a compatible dtype first.
  transformed.loc[:, feature_columns] = (values - self.mean) / self.std
/Users/pranav/Projects/Professional/College/DS340W/SETCN/train.py:58: FutureWarning: Setting an item of incompatible dtype is deprecated and will raise in a future error of pandas. Value '[2.2050483 2.2050483 2.2050483 ... 2.2050483 2.2050483 2.2050483]' has dtype incompatible with int64, please explicitly cast to a compatible dtype first.
  transformed.loc[:, feature_columns] = (values - self.mean) / self.std
/Users/pranav/Projects/Professional/College/DS340W/SETCN/train.py:58: FutureWarning: Setting an item of incompatible dtype is deprecated and will raise in a future error of pandas. Value '[-1.2960125  -1.2960125  -1.2960125  ...  0.77159756  0.77159756
  0.77159756]' has dtype incompatible with int64, please explicitly cast to a compatible dtype first.
  transformed.loc[:, feature_columns] = (values - self.mean) / self.std
/Users/pranav/Projects/Professional/College/DS340W/SETCN/train.py:58: FutureWarning: Setting an item of incompatible dtype is deprecated and will raise in a future error of pandas. Value '[-0.53670406 -0.53670406 -0.53670406 ... -0.53670406 -0.53670406
 -0.53670406]' has dtype incompatible with int64, please explicitly cast to a compatible dtype first.
  transformed.loc[:, feature_columns] = (values - self.mean) / self.std
/Users/pranav/Projects/Professional/College/DS340W/SETCN/train.py:58: FutureWarning: Setting an item of incompatible dtype is deprecated and will raise in a future error of pandas. Value '[ 3.0677755  3.0677755  3.0677755 ... -0.3259692 -0.3259692 -0.3259692]' has dtype incompatible with int64, please explicitly cast to a compatible dtype first.
  transformed.loc[:, feature_columns] = (values - self.mean) / self.std
/Users/pranav/Projects/Professional/College/DS340W/SETCN/train.py:58: FutureWarning: Setting an item of incompatible dtype is deprecated and will raise in a future error of pandas. Value '[-0.4535049 -0.4535049 -0.4535049 ... -0.4535049 -0.4535049 -0.4535049]' has dtype incompatible with int64, please explicitly cast to a compatible dtype first.
  transformed.loc[:, feature_columns] = (values - self.mean) / self.std
/Users/pranav/Projects/Professional/College/DS340W/SETCN/train.py:58: FutureWarning: Setting an item of incompatible dtype is deprecated and will raise in a future error of pandas. Value '[0.77159756 0.77159756 0.77159756 ... 0.77159756 0.77159756 0.77159756]' has dtype incompatible with int64, please explicitly cast to a compatible dtype first.
  transformed.loc[:, feature_columns] = (values - self.mean) / self.std
/Users/pranav/Projects/Professional/College/DS340W/SETCN/train.py:58: FutureWarning: Setting an item of incompatible dtype is deprecated and will raise in a future error of pandas. Value '[-0.53670406 -0.53670406 -0.53670406 ... -0.53670406 -0.53670406
 -0.53670406]' has dtype incompatible with int64, please explicitly cast to a compatible dtype first.
  transformed.loc[:, feature_columns] = (values - self.mean) / self.std
/Users/pranav/Projects/Professional/College/DS340W/SETCN/train.py:58: FutureWarning: Setting an item of incompatible dtype is deprecated and will raise in a future error of pandas. Value '[ 3.0677755  3.0677755  3.0677755 ... -0.3259692 -0.3259692 -0.3259692]' has dtype incompatible with int64, please explicitly cast to a compatible dtype first.
  transformed.loc[:, feature_columns] = (values - self.mean) / self.std
/Users/pranav/Projects/Professional/College/DS340W/SETCN/train.py:58: FutureWarning: Setting an item of incompatible dtype is deprecated and will raise in a future error of pandas. Value '[-0.4535049 -0.4535049 -0.4535049 ... -0.4535049 -0.4535049 -0.4535049]' has dtype incompatible with int64, please explicitly cast to a compatible dtype first.
  transformed.loc[:, feature_columns] = (values - self.mean) / self.std
/Users/pranav/Projects/Professional/College/DS340W/SETCN/train.py:58: FutureWarning: Setting an item of incompatible dtype is deprecated and will raise in a future error of pandas. Value '[0.77159756 0.77159756 0.77159756 ... 0.77159756 0.77159756 0.77159756]' has dtype incompatible with int64, please explicitly cast to a compatible dtype first.
  transformed.loc[:, feature_columns] = (values - self.mean) / self.std
/Users/pranav/Projects/Professional/College/DS340W/SETCN/train.py:58: FutureWarning: Setting an item of incompatible dtype is deprecated and will raise in a future error of pandas. Value '[-0.53670406 -0.53670406 -0.53670406 ... -0.53670406 -0.53670406
 -0.53670406]' has dtype incompatible with int64, please explicitly cast to a compatible dtype first.
  transformed.loc[:, feature_columns] = (values - self.mean) / self.std
/Users/pranav/Projects/Professional/College/DS340W/SETCN/train.py:58: FutureWarning: Setting an item of incompatible dtype is deprecated and will raise in a future error of pandas. Value '[-0.3259692 -0.3259692 -0.3259692 ... -0.3259692 -0.3259692 -0.3259692]' has dtype incompatible with int64, please explicitly cast to a compatible dtype first.
  transformed.loc[:, feature_columns] = (values - self.mean) / self.std
/Users/pranav/Projects/Professional/College/DS340W/SETCN/train.py:58: FutureWarning: Setting an item of incompatible dtype is deprecated and will raise in a future error of pandas. Value '[ 2.2050483  2.2050483  2.2050483 ... -0.4535049 -0.4535049 -0.4535049]' has dtype incompatible with int64, please explicitly cast to a compatible dtype first.
  transformed.loc[:, feature_columns] = (values - self.mean) / self.std
/Users/pranav/Projects/Professional/College/DS340W/SETCN/train.py:58: FutureWarning: Setting an item of incompatible dtype is deprecated and will raise in a future error of pandas. Value '[0.77159756 0.77159756 0.77159756 ... 0.77159756 0.77159756 0.77159756]' has dtype incompatible with int64, please explicitly cast to a compatible dtype first.
  transformed.loc[:, feature_columns] = (values - self.mean) / self.std
/Users/pranav/Projects/Professional/College/DS340W/SETCN/train.py:58: FutureWarning: Setting an item of incompatible dtype is deprecated and will raise in a future error of pandas. Value '[-0.53670406 -0.53670406 -0.53670406 ... -0.53670406 -0.53670406
 -0.53670406]' has dtype incompatible with int64, please explicitly cast to a compatible dtype first.
  transformed.loc[:, feature_columns] = (values - self.mean) / self.std
/Users/pranav/Projects/Professional/College/DS340W/SETCN/train.py:58: FutureWarning: Setting an item of incompatible dtype is deprecated and will raise in a future error of pandas. Value '[ 3.0677755  3.0677755  3.0677755 ... -0.3259692 -0.3259692 -0.3259692]' has dtype incompatible with int64, please explicitly cast to a compatible dtype first.
  transformed.loc[:, feature_columns] = (values - self.mean) / self.std
/Users/pranav/Projects/Professional/College/DS340W/SETCN/train.py:58: FutureWarning: Setting an item of incompatible dtype is deprecated and will raise in a future error of pandas. Value '[ 2.2050483  2.2050483  2.2050483 ... -0.4535049 -0.4535049 -0.4535049]' has dtype incompatible with int64, please explicitly cast to a compatible dtype first.
  transformed.loc[:, feature_columns] = (values - self.mean) / self.std
/Users/pranav/Projects/Professional/College/DS340W/SETCN/train.py:58: FutureWarning: Setting an item of incompatible dtype is deprecated and will raise in a future error of pandas. Value '[-1.2960125  -1.2960125  -1.2960125  ...  0.77159756  0.77159756
  0.77159756]' has dtype incompatible with int64, please explicitly cast to a compatible dtype first.
  transformed.loc[:, feature_columns] = (values - self.mean) / self.std
/Users/pranav/Projects/Professional/College/DS340W/SETCN/train.py:58: FutureWarning: Setting an item of incompatible dtype is deprecated and will raise in a future error of pandas. Value '[-0.53670406 -0.53670406 -0.53670406 ... -0.53670406 -0.53670406
 -0.53670406]' has dtype incompatible with int64, please explicitly cast to a compatible dtype first.
  transformed.loc[:, feature_columns] = (values - self.mean) / self.std
/Users/pranav/Projects/Professional/College/DS340W/SETCN/train.py:58: FutureWarning: Setting an item of incompatible dtype is deprecated and will raise in a future error of pandas. Value '[ 3.0677755  3.0677755  3.0677755 ... -0.3259692 -0.3259692 -0.3259692]' has dtype incompatible with int64, please explicitly cast to a compatible dtype first.
  transformed.loc[:, feature_columns] = (values - self.mean) / self.std
/Users/pranav/Projects/Professional/College/DS340W/SETCN/train.py:58: FutureWarning: Setting an item of incompatible dtype is deprecated and will raise in a future error of pandas. Value '[-0.4535049 -0.4535049 -0.4535049 ... -0.4535049 -0.4535049 -0.4535049]' has dtype incompatible with int64, please explicitly cast to a compatible dtype first.
  transformed.loc[:, feature_columns] = (values - self.mean) / self.std
/Users/pranav/Projects/Professional/College/DS340W/SETCN/train.py:58: FutureWarning: Setting an item of incompatible dtype is deprecated and will raise in a future error of pandas. Value '[-1.2960125  -1.2960125  -1.2960125  ...  0.77159756  0.77159756
  0.77159756]' has dtype incompatible with int64, please explicitly cast to a compatible dtype first.
  transformed.loc[:, feature_columns] = (values - self.mean) / self.std
/Users/pranav/Projects/Professional/College/DS340W/SETCN/train.py:58: FutureWarning: Setting an item of incompatible dtype is deprecated and will raise in a future error of pandas. Value '[-0.53670406 -0.53670406 -0.53670406 ... -0.53670406 -0.53670406
 -0.53670406]' has dtype incompatible with int64, please explicitly cast to a compatible dtype first.
  transformed.loc[:, feature_columns] = (values - self.mean) / self.std
/Users/pranav/Projects/Professional/College/DS340W/SETCN/train.py:58: FutureWarning: Setting an item of incompatible dtype is deprecated and will raise in a future error of pandas. Value '[-0.3259692 -0.3259692 -0.3259692 ... -0.3259692 -0.3259692 -0.3259692]' has dtype incompatible with int64, please explicitly cast to a compatible dtype first.
  transformed.loc[:, feature_columns] = (values - self.mean) / self.std
/Users/pranav/Projects/Professional/College/DS340W/SETCN/train.py:58: FutureWarning: Setting an item of incompatible dtype is deprecated and will raise in a future error of pandas. Value '[-0.4535049 -0.4535049 -0.4535049 ... -0.4535049 -0.4535049 -0.4535049]' has dtype incompatible with int64, please explicitly cast to a compatible dtype first.
  transformed.loc[:, feature_columns] = (values - self.mean) / self.std
/Users/pranav/Projects/Professional/College/DS340W/SETCN/train.py:58: FutureWarning: Setting an item of incompatible dtype is deprecated and will raise in a future error of pandas. Value '[-1.2960125  -1.2960125  -1.2960125  ...  0.77159756  0.77159756
  0.77159756]' has dtype incompatible with int64, please explicitly cast to a compatible dtype first.
  transformed.loc[:, feature_columns] = (values - self.mean) / self.std
/Users/pranav/Projects/Professional/College/DS340W/SETCN/train.py:58: FutureWarning: Setting an item of incompatible dtype is deprecated and will raise in a future error of pandas. Value '[-0.53670406 -0.53670406 -0.53670406 ... -0.53670406 -0.53670406
 -0.53670406]' has dtype incompatible with int64, please explicitly cast to a compatible dtype first.
  transformed.loc[:, feature_columns] = (values - self.mean) / self.std
/Users/pranav/Projects/Professional/College/DS340W/SETCN/train.py:58: FutureWarning: Setting an item of incompatible dtype is deprecated and will raise in a future error of pandas. Value '[-0.3259692 -0.3259692 -0.3259692 ... -0.3259692 -0.3259692 -0.3259692]' has dtype incompatible with int64, please explicitly cast to a compatible dtype first.
  transformed.loc[:, feature_columns] = (values - self.mean) / self.std
/Users/pranav/Projects/Professional/College/DS340W/SETCN/train.py:58: FutureWarning: Setting an item of incompatible dtype is deprecated and will raise in a future error of pandas. Value '[-0.4535049 -0.4535049 -0.4535049 ... -0.4535049 -0.4535049 -0.4535049]' has dtype incompatible with int64, please explicitly cast to a compatible dtype first.
  transformed.loc[:, feature_columns] = (values - self.mean) / self.std
/Users/pranav/Projects/Professional/College/DS340W/SETCN/train.py:58: FutureWarning: Setting an item of incompatible dtype is deprecated and will raise in a future error of pandas. Value '[0.77159756 0.77159756 0.77159756 ... 0.77159756 0.77159756 0.77159756]' has dtype incompatible with int64, please explicitly cast to a compatible dtype first.
  transformed.loc[:, feature_columns] = (values - self.mean) / self.std
/Users/pranav/Projects/Professional/College/DS340W/SETCN/train.py:58: FutureWarning: Setting an item of incompatible dtype is deprecated and will raise in a future error of pandas. Value '[-0.53670406 -0.53670406 -0.53670406 ... -0.53670406 -0.53670406
 -0.53670406]' has dtype incompatible with int64, please explicitly cast to a compatible dtype first.
  transformed.loc[:, feature_columns] = (values - self.mean) / self.std
/Users/pranav/Projects/Professional/College/DS340W/SETCN/train.py:58: FutureWarning: Setting an item of incompatible dtype is deprecated and will raise in a future error of pandas. Value '[-0.3259692 -0.3259692 -0.3259692 ... -0.3259692 -0.3259692 -0.3259692]' has dtype incompatible with int64, please explicitly cast to a compatible dtype first.
  transformed.loc[:, feature_columns] = (values - self.mean) / self.std
/Users/pranav/Projects/Professional/College/DS340W/SETCN/train.py:58: FutureWarning: Setting an item of incompatible dtype is deprecated and will raise in a future error of pandas. Value '[-0.4535049 -0.4535049 -0.4535049 ... -0.4535049 -0.4535049 -0.4535049]' has dtype incompatible with int64, please explicitly cast to a compatible dtype first.
  transformed.loc[:, feature_columns] = (values - self.mean) / self.std
/Users/pranav/Projects/Professional/College/DS340W/SETCN/train.py:58: FutureWarning: Setting an item of incompatible dtype is deprecated and will raise in a future error of pandas. Value '[-1.2960125  -1.2960125  -1.2960125  ...  0.77159756  0.77159756
  0.77159756]' has dtype incompatible with int64, please explicitly cast to a compatible dtype first.
  transformed.loc[:, feature_columns] = (values - self.mean) / self.std
/Users/pranav/Projects/Professional/College/DS340W/SETCN/train.py:58: FutureWarning: Setting an item of incompatible dtype is deprecated and will raise in a future error of pandas. Value '[-0.53670406 -0.53670406 -0.53670406 ... -0.53670406 -0.53670406
 -0.53670406]' has dtype incompatible with int64, please explicitly cast to a compatible dtype first.
  transformed.loc[:, feature_columns] = (values - self.mean) / self.std
/Users/pranav/Projects/Professional/College/DS340W/SETCN/train.py:58: FutureWarning: Setting an item of incompatible dtype is deprecated and will raise in a future error of pandas. Value '[ 3.0677755  3.0677755  3.0677755 ... -0.3259692 -0.3259692 -0.3259692]' has dtype incompatible with int64, please explicitly cast to a compatible dtype first.
  transformed.loc[:, feature_columns] = (values - self.mean) / self.std
/Users/pranav/Projects/Professional/College/DS340W/SETCN/train.py:58: FutureWarning: Setting an item of incompatible dtype is deprecated and will raise in a future error of pandas. Value '[ 2.2050483  2.2050483  2.2050483 ... -0.4535049 -0.4535049 -0.4535049]' has dtype incompatible with int64, please explicitly cast to a compatible dtype first.
  transformed.loc[:, feature_columns] = (values - self.mean) / self.std
/Users/pranav/Projects/Professional/College/DS340W/SETCN/train.py:58: FutureWarning: Setting an item of incompatible dtype is deprecated and will raise in a future error of pandas. Value '[-1.2960125  -1.2960125  -1.2960125  ...  0.77159756  0.77159756
  0.77159756]' has dtype incompatible with int64, please explicitly cast to a compatible dtype first.
  transformed.loc[:, feature_columns] = (values - self.mean) / self.std
/Users/pranav/Projects/Professional/College/DS340W/SETCN/train.py:58: FutureWarning: Setting an item of incompatible dtype is deprecated and will raise in a future error of pandas. Value '[-0.53670406 -0.53670406 -0.53670406 ... -0.53670406 -0.53670406
 -0.53670406]' has dtype incompatible with int64, please explicitly cast to a compatible dtype first.
  transformed.loc[:, feature_columns] = (values - self.mean) / self.std
/Users/pranav/Projects/Professional/College/DS340W/SETCN/train.py:58: FutureWarning: Setting an item of incompatible dtype is deprecated and will raise in a future error of pandas. Value '[3.0677755 3.0677755 3.0677755 ... 3.0677755 3.0677755 3.0677755]' has dtype incompatible with int64, please explicitly cast to a compatible dtype first.
  transformed.loc[:, feature_columns] = (values - self.mean) / self.std
/Users/pranav/Projects/Professional/College/DS340W/SETCN/train.py:58: FutureWarning: Setting an item of incompatible dtype is deprecated and will raise in a future error of pandas. Value '[-0.4535049 -0.4535049 -0.4535049 ... -0.4535049 -0.4535049 -0.4535049]' has dtype incompatible with int64, please explicitly cast to a compatible dtype first.
  transformed.loc[:, feature_columns] = (values - self.mean) / self.std
/Users/pranav/Projects/Professional/College/DS340W/SETCN/train.py:58: FutureWarning: Setting an item of incompatible dtype is deprecated and will raise in a future error of pandas. Value '[0.77159756 0.77159756 0.77159756 ... 0.77159756 0.77159756 0.77159756]' has dtype incompatible with int64, please explicitly cast to a compatible dtype first.
  transformed.loc[:, feature_columns] = (values - self.mean) / self.std
/Users/pranav/Projects/Professional/College/DS340W/SETCN/train.py:58: FutureWarning: Setting an item of incompatible dtype is deprecated and will raise in a future error of pandas. Value '[-0.53670406 -0.53670406 -0.53670406 ... -0.53670406 -0.53670406
 -0.53670406]' has dtype incompatible with int64, please explicitly cast to a compatible dtype first.
  transformed.loc[:, feature_columns] = (values - self.mean) / self.std
/Users/pranav/Projects/Professional/College/DS340W/SETCN/train.py:58: FutureWarning: Setting an item of incompatible dtype is deprecated and will raise in a future error of pandas. Value '[-0.3259692 -0.3259692 -0.3259692 ... -0.3259692 -0.3259692 -0.3259692]' has dtype incompatible with int64, please explicitly cast to a compatible dtype first.
  transformed.loc[:, feature_columns] = (values - self.mean) / self.std
/Users/pranav/Projects/Professional/College/DS340W/SETCN/train.py:58: FutureWarning: Setting an item of incompatible dtype is deprecated and will raise in a future error of pandas. Value '[-0.4535049 -0.4535049 -0.4535049 ... -0.4535049 -0.4535049 -0.4535049]' has dtype incompatible with int64, please explicitly cast to a compatible dtype first.
  transformed.loc[:, feature_columns] = (values - self.mean) / self.std
/Users/pranav/Projects/Professional/College/DS340W/SETCN/train.py:58: FutureWarning: Setting an item of incompatible dtype is deprecated and will raise in a future error of pandas. Value '[-1.2960125  -1.2960125  -1.2960125  ...  0.77159756  0.77159756
  0.77159756]' has dtype incompatible with int64, please explicitly cast to a compatible dtype first.
  transformed.loc[:, feature_columns] = (values - self.mean) / self.std
/Users/pranav/Projects/Professional/College/DS340W/SETCN/train.py:58: FutureWarning: Setting an item of incompatible dtype is deprecated and will raise in a future error of pandas. Value '[-0.53670406 -0.53670406 -0.53670406 ... -0.53670406 -0.53670406
 -0.53670406]' has dtype incompatible with int64, please explicitly cast to a compatible dtype first.
  transformed.loc[:, feature_columns] = (values - self.mean) / self.std
/Users/pranav/Projects/Professional/College/DS340W/SETCN/train.py:58: FutureWarning: Setting an item of incompatible dtype is deprecated and will raise in a future error of pandas. Value '[-0.3259692 -0.3259692 -0.3259692 ... -0.3259692 -0.3259692 -0.3259692]' has dtype incompatible with int64, please explicitly cast to a compatible dtype first.
  transformed.loc[:, feature_columns] = (values - self.mean) / self.std
/Users/pranav/Projects/Professional/College/DS340W/SETCN/train.py:58: FutureWarning: Setting an item of incompatible dtype is deprecated and will raise in a future error of pandas. Value '[-0.4535049 -0.4535049 -0.4535049 ... -0.4535049 -0.4535049 -0.4535049]' has dtype incompatible with int64, please explicitly cast to a compatible dtype first.
  transformed.loc[:, feature_columns] = (values - self.mean) / self.std
/Users/pranav/Projects/Professional/College/DS340W/SETCN/train.py:58: FutureWarning: Setting an item of incompatible dtype is deprecated and will raise in a future error of pandas. Value '[-1.2960125  -1.2960125  -1.2960125  ...  0.77159756  0.77159756
  0.77159756]' has dtype incompatible with int64, please explicitly cast to a compatible dtype first.
  transformed.loc[:, feature_columns] = (values - self.mean) / self.std
/Users/pranav/Projects/Professional/College/DS340W/SETCN/train.py:58: FutureWarning: Setting an item of incompatible dtype is deprecated and will raise in a future error of pandas. Value '[-0.53670406 -0.53670406 -0.53670406 ... -0.53670406 -0.53670406
 -0.53670406]' has dtype incompatible with int64, please explicitly cast to a compatible dtype first.
  transformed.loc[:, feature_columns] = (values - self.mean) / self.std
/Users/pranav/Projects/Professional/College/DS340W/SETCN/train.py:58: FutureWarning: Setting an item of incompatible dtype is deprecated and will raise in a future error of pandas. Value '[ 3.0677755 -0.3259692 -0.3259692 ... -0.3259692 -0.3259692 -0.3259692]' has dtype incompatible with int64, please explicitly cast to a compatible dtype first.
  transformed.loc[:, feature_columns] = (values - self.mean) / self.std
/Users/pranav/Projects/Professional/College/DS340W/SETCN/train.py:58: FutureWarning: Setting an item of incompatible dtype is deprecated and will raise in a future error of pandas. Value '[-0.4535049 -0.4535049 -0.4535049 ... -0.4535049 -0.4535049 -0.4535049]' has dtype incompatible with int64, please explicitly cast to a compatible dtype first.
  transformed.loc[:, feature_columns] = (values - self.mean) / self.std
/Users/pranav/Projects/Professional/College/DS340W/SETCN/train.py:58: FutureWarning: Setting an item of incompatible dtype is deprecated and will raise in a future error of pandas. Value '[-1.2960125  -1.2960125  -1.2960125  ...  0.77159756  0.77159756
  0.77159756]' has dtype incompatible with int64, please explicitly cast to a compatible dtype first.
  transformed.loc[:, feature_columns] = (values - self.mean) / self.std
/Users/pranav/Projects/Professional/College/DS340W/SETCN/train.py:58: FutureWarning: Setting an item of incompatible dtype is deprecated and will raise in a future error of pandas. Value '[-0.53670406 -0.53670406 -0.53670406 ... -0.53670406 -0.53670406
 -0.53670406]' has dtype incompatible with int64, please explicitly cast to a compatible dtype first.
  transformed.loc[:, feature_columns] = (values - self.mean) / self.std
/Users/pranav/Projects/Professional/College/DS340W/SETCN/train.py:58: FutureWarning: Setting an item of incompatible dtype is deprecated and will raise in a future error of pandas. Value '[-0.3259692 -0.3259692 -0.3259692 ... -0.3259692 -0.3259692 -0.3259692]' has dtype incompatible with int64, please explicitly cast to a compatible dtype first.
  transformed.loc[:, feature_columns] = (values - self.mean) / self.std
/Users/pranav/Projects/Professional/College/DS340W/SETCN/train.py:58: FutureWarning: Setting an item of incompatible dtype is deprecated and will raise in a future error of pandas. Value '[-0.4535049 -0.4535049 -0.4535049 ... -0.4535049 -0.4535049 -0.4535049]' has dtype incompatible with int64, please explicitly cast to a compatible dtype first.
  transformed.loc[:, feature_columns] = (values - self.mean) / self.std
/Users/pranav/Projects/Professional/College/DS340W/SETCN/train.py:58: FutureWarning: Setting an item of incompatible dtype is deprecated and will raise in a future error of pandas. Value '[-1.2960125  -1.2960125  -1.2960125  ...  0.77159756  0.77159756
  0.77159756]' has dtype incompatible with int64, please explicitly cast to a compatible dtype first.
  transformed.loc[:, feature_columns] = (values - self.mean) / self.std
/Users/pranav/Projects/Professional/College/DS340W/SETCN/train.py:58: FutureWarning: Setting an item of incompatible dtype is deprecated and will raise in a future error of pandas. Value '[-0.53670406 -0.53670406 -0.53670406 ...  1.8632246   1.8632246
  1.8632246 ]' has dtype incompatible with int64, please explicitly cast to a compatible dtype first.
  transformed.loc[:, feature_columns] = (values - self.mean) / self.std
/Users/pranav/Projects/Professional/College/DS340W/SETCN/train.py:58: FutureWarning: Setting an item of incompatible dtype is deprecated and will raise in a future error of pandas. Value '[-0.3259692 -0.3259692 -0.3259692 ... -0.3259692 -0.3259692 -0.3259692]' has dtype incompatible with int64, please explicitly cast to a compatible dtype first.
  transformed.loc[:, feature_columns] = (values - self.mean) / self.std
/Users/pranav/Projects/Professional/College/DS340W/SETCN/train.py:58: FutureWarning: Setting an item of incompatible dtype is deprecated and will raise in a future error of pandas. Value '[-0.4535049 -0.4535049 -0.4535049 ... -0.4535049 -0.4535049 -0.4535049]' has dtype incompatible with int64, please explicitly cast to a compatible dtype first.
  transformed.loc[:, feature_columns] = (values - self.mean) / self.std
/Users/pranav/Projects/Professional/College/DS340W/SETCN/train.py:58: FutureWarning: Setting an item of incompatible dtype is deprecated and will raise in a future error of pandas. Value '[-1.2960125 -1.2960125 -1.2960125 ... -1.2960125 -1.2960125 -1.2960125]' has dtype incompatible with int64, please explicitly cast to a compatible dtype first.
  transformed.loc[:, feature_columns] = (values - self.mean) / self.std
/Users/pranav/Projects/Professional/College/DS340W/SETCN/train.py:58: FutureWarning: Setting an item of incompatible dtype is deprecated and will raise in a future error of pandas. Value '[-0.53670406 -0.53670406 -0.53670406 ...  1.8632246   1.8632246
  1.8632246 ]' has dtype incompatible with int64, please explicitly cast to a compatible dtype first.
  transformed.loc[:, feature_columns] = (values - self.mean) / self.std
/Users/pranav/Projects/Professional/College/DS340W/SETCN/train.py:58: FutureWarning: Setting an item of incompatible dtype is deprecated and will raise in a future error of pandas. Value '[-0.3259692 -0.3259692 -0.3259692 ...  3.0677755  3.0677755  3.0677755]' has dtype incompatible with int64, please explicitly cast to a compatible dtype first.
  transformed.loc[:, feature_columns] = (values - self.mean) / self.std
/Users/pranav/Projects/Professional/College/DS340W/SETCN/train.py:58: FutureWarning: Setting an item of incompatible dtype is deprecated and will raise in a future error of pandas. Value '[-0.4535049 -0.4535049 -0.4535049 ...  2.2050483  2.2050483  2.2050483]' has dtype incompatible with int64, please explicitly cast to a compatible dtype first.
  transformed.loc[:, feature_columns] = (values - self.mean) / self.std
/Users/pranav/Projects/Professional/College/DS340W/SETCN/train.py:58: FutureWarning: Setting an item of incompatible dtype is deprecated and will raise in a future error of pandas. Value '[0.77159756 0.77159756 0.77159756 ... 0.77159756 0.77159756 0.77159756]' has dtype incompatible with int64, please explicitly cast to a compatible dtype first.
  transformed.loc[:, feature_columns] = (values - self.mean) / self.std
/Users/pranav/Projects/Professional/College/DS340W/SETCN/train.py:58: FutureWarning: Setting an item of incompatible dtype is deprecated and will raise in a future error of pandas. Value '[-0.53670406 -0.53670406 -0.53670406 ...  1.8632246   1.8632246
  1.8632246 ]' has dtype incompatible with int64, please explicitly cast to a compatible dtype first.
  transformed.loc[:, feature_columns] = (values - self.mean) / self.std
/Users/pranav/Projects/Professional/College/DS340W/SETCN/train.py:58: FutureWarning: Setting an item of incompatible dtype is deprecated and will raise in a future error of pandas. Value '[-0.3259692 -0.3259692 -0.3259692 ... -0.3259692 -0.3259692 -0.3259692]' has dtype incompatible with int64, please explicitly cast to a compatible dtype first.
  transformed.loc[:, feature_columns] = (values - self.mean) / self.std
/Users/pranav/Projects/Professional/College/DS340W/SETCN/train.py:58: FutureWarning: Setting an item of incompatible dtype is deprecated and will raise in a future error of pandas. Value '[-0.4535049 -0.4535049 -0.4535049 ... -0.4535049 -0.4535049 -0.4535049]' has dtype incompatible with int64, please explicitly cast to a compatible dtype first.
  transformed.loc[:, feature_columns] = (values - self.mean) / self.std
/Users/pranav/Projects/Professional/College/DS340W/SETCN/train.py:58: FutureWarning: Setting an item of incompatible dtype is deprecated and will raise in a future error of pandas. Value '[-1.2960125  -1.2960125  -1.2960125  ...  0.77159756  0.77159756
  0.77159756]' has dtype incompatible with int64, please explicitly cast to a compatible dtype first.
  transformed.loc[:, feature_columns] = (values - self.mean) / self.std
/Users/pranav/Projects/Professional/College/DS340W/SETCN/train.py:58: FutureWarning: Setting an item of incompatible dtype is deprecated and will raise in a future error of pandas. Value '[-0.53670406 -0.53670406 -0.53670406 ...  1.8632246   1.8632246
  1.8632246 ]' has dtype incompatible with int64, please explicitly cast to a compatible dtype first.
  transformed.loc[:, feature_columns] = (values - self.mean) / self.std
/Users/pranav/Projects/Professional/College/DS340W/SETCN/train.py:58: FutureWarning: Setting an item of incompatible dtype is deprecated and will raise in a future error of pandas. Value '[-0.3259692 -0.3259692 -0.3259692 ...  3.0677755  3.0677755  3.0677755]' has dtype incompatible with int64, please explicitly cast to a compatible dtype first.
  transformed.loc[:, feature_columns] = (values - self.mean) / self.std
/Users/pranav/Projects/Professional/College/DS340W/SETCN/train.py:58: FutureWarning: Setting an item of incompatible dtype is deprecated and will raise in a future error of pandas. Value '[-0.4535049 -0.4535049 -0.4535049 ... -0.4535049 -0.4535049 -0.4535049]' has dtype incompatible with int64, please explicitly cast to a compatible dtype first.
  transformed.loc[:, feature_columns] = (values - self.mean) / self.std
/Users/pranav/Projects/Professional/College/DS340W/SETCN/train.py:58: FutureWarning: Setting an item of incompatible dtype is deprecated and will raise in a future error of pandas. Value '[0.77159756 0.77159756 0.77159756 ... 0.77159756 0.77159756 0.77159756]' has dtype incompatible with int64, please explicitly cast to a compatible dtype first.
  transformed.loc[:, feature_columns] = (values - self.mean) / self.std
/Users/pranav/Projects/Professional/College/DS340W/SETCN/train.py:58: FutureWarning: Setting an item of incompatible dtype is deprecated and will raise in a future error of pandas. Value '[-0.53670406 -0.53670406 -0.53670406 ... -0.53670406 -0.53670406
 -0.53670406]' has dtype incompatible with int64, please explicitly cast to a compatible dtype first.
  transformed.loc[:, feature_columns] = (values - self.mean) / self.std
/Users/pranav/Projects/Professional/College/DS340W/SETCN/train.py:58: FutureWarning: Setting an item of incompatible dtype is deprecated and will raise in a future error of pandas. Value '[-0.3259692 -0.3259692 -0.3259692 ... -0.3259692 -0.3259692 -0.3259692]' has dtype incompatible with int64, please explicitly cast to a compatible dtype first.
  transformed.loc[:, feature_columns] = (values - self.mean) / self.std
/Users/pranav/Projects/Professional/College/DS340W/SETCN/train.py:58: FutureWarning: Setting an item of incompatible dtype is deprecated and will raise in a future error of pandas. Value '[ 2.2050483  2.2050483  2.2050483 ... -0.4535049 -0.4535049 -0.4535049]' has dtype incompatible with int64, please explicitly cast to a compatible dtype first.
  transformed.loc[:, feature_columns] = (values - self.mean) / self.std
/Users/pranav/Projects/Professional/College/DS340W/SETCN/train.py:58: FutureWarning: Setting an item of incompatible dtype is deprecated and will raise in a future error of pandas. Value '[-1.2960125 -1.2960125 -1.2960125 ... -1.2960125 -1.2960125 -1.2960125]' has dtype incompatible with int64, please explicitly cast to a compatible dtype first.
  transformed.loc[:, feature_columns] = (values - self.mean) / self.std
/Users/pranav/Projects/Professional/College/DS340W/SETCN/train.py:58: FutureWarning: Setting an item of incompatible dtype is deprecated and will raise in a future error of pandas. Value '[ 1.8632246   1.8632246   1.8632246  ... -0.53670406 -0.53670406
 -0.53670406]' has dtype incompatible with int64, please explicitly cast to a compatible dtype first.
  transformed.loc[:, feature_columns] = (values - self.mean) / self.std
/Users/pranav/Projects/Professional/College/DS340W/SETCN/train.py:58: FutureWarning: Setting an item of incompatible dtype is deprecated and will raise in a future error of pandas. Value '[ 3.0677755  3.0677755  3.0677755 ... -0.3259692 -0.3259692 -0.3259692]' has dtype incompatible with int64, please explicitly cast to a compatible dtype first.
  transformed.loc[:, feature_columns] = (values - self.mean) / self.std
/Users/pranav/Projects/Professional/College/DS340W/SETCN/train.py:58: FutureWarning: Setting an item of incompatible dtype is deprecated and will raise in a future error of pandas. Value '[-0.4535049 -0.4535049 -0.4535049 ... -0.4535049 -0.4535049 -0.4535049]' has dtype incompatible with int64, please explicitly cast to a compatible dtype first.
  transformed.loc[:, feature_columns] = (values - self.mean) / self.std
/Users/pranav/Projects/Professional/College/DS340W/SETCN/train.py:58: FutureWarning: Setting an item of incompatible dtype is deprecated and will raise in a future error of pandas. Value '[0.77159756 0.77159756 0.77159756 ... 0.77159756 0.77159756 0.77159756]' has dtype incompatible with int64, please explicitly cast to a compatible dtype first.
  transformed.loc[:, feature_columns] = (values - self.mean) / self.std
/Users/pranav/Projects/Professional/College/DS340W/SETCN/train.py:58: FutureWarning: Setting an item of incompatible dtype is deprecated and will raise in a future error of pandas. Value '[1.8632246 1.8632246 1.8632246 ... 1.8632246 1.8632246 1.8632246]' has dtype incompatible with int64, please explicitly cast to a compatible dtype first.
  transformed.loc[:, feature_columns] = (values - self.mean) / self.std
/Users/pranav/Projects/Professional/College/DS340W/SETCN/train.py:58: FutureWarning: Setting an item of incompatible dtype is deprecated and will raise in a future error of pandas. Value '[-0.3259692 -0.3259692 -0.3259692 ...  3.0677755  3.0677755  3.0677755]' has dtype incompatible with int64, please explicitly cast to a compatible dtype first.
  transformed.loc[:, feature_columns] = (values - self.mean) / self.std
/Users/pranav/Projects/Professional/College/DS340W/SETCN/train.py:58: FutureWarning: Setting an item of incompatible dtype is deprecated and will raise in a future error of pandas. Value '[-0.4535049 -0.4535049 -0.4535049 ... -0.4535049 -0.4535049 -0.4535049]' has dtype incompatible with int64, please explicitly cast to a compatible dtype first.
  transformed.loc[:, feature_columns] = (values - self.mean) / self.std
/Users/pranav/Projects/Professional/College/DS340W/SETCN/train.py:58: FutureWarning: Setting an item of incompatible dtype is deprecated and will raise in a future error of pandas. Value '[-1.2960125 -1.2960125 -1.2960125 ... -1.2960125 -1.2960125 -1.2960125]' has dtype incompatible with int64, please explicitly cast to a compatible dtype first.
  transformed.loc[:, feature_columns] = (values - self.mean) / self.std
/Users/pranav/Projects/Professional/College/DS340W/SETCN/train.py:58: FutureWarning: Setting an item of incompatible dtype is deprecated and will raise in a future error of pandas. Value '[-0.53670406 -0.53670406 -0.53670406 ... -0.53670406 -0.53670406
 -0.53670406]' has dtype incompatible with int64, please explicitly cast to a compatible dtype first.
  transformed.loc[:, feature_columns] = (values - self.mean) / self.std
/Users/pranav/Projects/Professional/College/DS340W/SETCN/train.py:58: FutureWarning: Setting an item of incompatible dtype is deprecated and will raise in a future error of pandas. Value '[-0.3259692 -0.3259692 -0.3259692 ... -0.3259692 -0.3259692 -0.3259692]' has dtype incompatible with int64, please explicitly cast to a compatible dtype first.
  transformed.loc[:, feature_columns] = (values - self.mean) / self.std
/Users/pranav/Projects/Professional/College/DS340W/SETCN/train.py:58: FutureWarning: Setting an item of incompatible dtype is deprecated and will raise in a future error of pandas. Value '[-0.4535049 -0.4535049 -0.4535049 ... -0.4535049  2.2050483  2.2050483]' has dtype incompatible with int64, please explicitly cast to a compatible dtype first.
  transformed.loc[:, feature_columns] = (values - self.mean) / self.std
/Users/pranav/Projects/Professional/College/DS340W/SETCN/train.py:58: FutureWarning: Setting an item of incompatible dtype is deprecated and will raise in a future error of pandas. Value '[-1.2960125  -1.2960125  -1.2960125  ...  0.77159756  0.77159756
  0.77159756]' has dtype incompatible with int64, please explicitly cast to a compatible dtype first.
  transformed.loc[:, feature_columns] = (values - self.mean) / self.std
/Users/pranav/Projects/Professional/College/DS340W/SETCN/train.py:58: FutureWarning: Setting an item of incompatible dtype is deprecated and will raise in a future error of pandas. Value '[-0.53670406 -0.53670406 -0.53670406 ... -0.53670406  1.8632246
  1.8632246 ]' has dtype incompatible with int64, please explicitly cast to a compatible dtype first.
  transformed.loc[:, feature_columns] = (values - self.mean) / self.std
/Users/pranav/Projects/Professional/College/DS340W/SETCN/train.py:58: FutureWarning: Setting an item of incompatible dtype is deprecated and will raise in a future error of pandas. Value '[-0.3259692 -0.3259692 -0.3259692 ... -0.3259692 -0.3259692 -0.3259692]' has dtype incompatible with int64, please explicitly cast to a compatible dtype first.
  transformed.loc[:, feature_columns] = (values - self.mean) / self.std
/Users/pranav/Projects/Professional/College/DS340W/SETCN/train.py:58: FutureWarning: Setting an item of incompatible dtype is deprecated and will raise in a future error of pandas. Value '[-0.4535049 -0.4535049 -0.4535049 ...  2.2050483  2.2050483 -0.4535049]' has dtype incompatible with int64, please explicitly cast to a compatible dtype first.
  transformed.loc[:, feature_columns] = (values - self.mean) / self.std
/Users/pranav/Projects/Professional/College/DS340W/SETCN/train.py:58: FutureWarning: Setting an item of incompatible dtype is deprecated and will raise in a future error of pandas. Value '[0.77159756 0.77159756 0.77159756 ... 0.77159756 0.77159756 0.77159756]' has dtype incompatible with int64, please explicitly cast to a compatible dtype first.
  transformed.loc[:, feature_columns] = (values - self.mean) / self.std
/Users/pranav/Projects/Professional/College/DS340W/SETCN/train.py:58: FutureWarning: Setting an item of incompatible dtype is deprecated and will raise in a future error of pandas. Value '[-0.53670406  1.8632246   1.8632246  ...  1.8632246   1.8632246
  1.8632246 ]' has dtype incompatible with int64, please explicitly cast to a compatible dtype first.
  transformed.loc[:, feature_columns] = (values - self.mean) / self.std
/Users/pranav/Projects/Professional/College/DS340W/SETCN/train.py:58: FutureWarning: Setting an item of incompatible dtype is deprecated and will raise in a future error of pandas. Value '[-0.3259692 -0.3259692 -0.3259692 ... -0.3259692 -0.3259692 -0.3259692]' has dtype incompatible with int64, please explicitly cast to a compatible dtype first.
  transformed.loc[:, feature_columns] = (values - self.mean) / self.std
/Users/pranav/Projects/Professional/College/DS340W/SETCN/train.py:58: FutureWarning: Setting an item of incompatible dtype is deprecated and will raise in a future error of pandas. Value '[-0.4535049 -0.4535049 -0.4535049 ... -0.4535049 -0.4535049 -0.4535049]' has dtype incompatible with int64, please explicitly cast to a compatible dtype first.
  transformed.loc[:, feature_columns] = (values - self.mean) / self.std
/Users/pranav/Projects/Professional/College/DS340W/SETCN/train.py:58: FutureWarning: Setting an item of incompatible dtype is deprecated and will raise in a future error of pandas. Value '[ 0.77159756  0.77159756  0.77159756 ... -1.2960125  -1.2960125
 -1.2960125 ]' has dtype incompatible with int64, please explicitly cast to a compatible dtype first.
  transformed.loc[:, feature_columns] = (values - self.mean) / self.std
/Users/pranav/Projects/Professional/College/DS340W/SETCN/train.py:58: FutureWarning: Setting an item of incompatible dtype is deprecated and will raise in a future error of pandas. Value '[-0.53670406 -0.53670406 -0.53670406 ...  1.8632246   1.8632246
 -0.53670406]' has dtype incompatible with int64, please explicitly cast to a compatible dtype first.
  transformed.loc[:, feature_columns] = (values - self.mean) / self.std
/Users/pranav/Projects/Professional/College/DS340W/SETCN/train.py:58: FutureWarning: Setting an item of incompatible dtype is deprecated and will raise in a future error of pandas. Value '[-0.3259692 -0.3259692 -0.3259692 ... -0.3259692 -0.3259692 -0.3259692]' has dtype incompatible with int64, please explicitly cast to a compatible dtype first.
  transformed.loc[:, feature_columns] = (values - self.mean) / self.std
/Users/pranav/Projects/Professional/College/DS340W/SETCN/train.py:58: FutureWarning: Setting an item of incompatible dtype is deprecated and will raise in a future error of pandas. Value '[-0.4535049 -0.4535049 -0.4535049 ...  2.2050483  2.2050483  2.2050483]' has dtype incompatible with int64, please explicitly cast to a compatible dtype first.
  transformed.loc[:, feature_columns] = (values - self.mean) / self.std
/Users/pranav/Projects/Professional/College/DS340W/SETCN/train.py:58: FutureWarning: Setting an item of incompatible dtype is deprecated and will raise in a future error of pandas. Value '[-1.2960125 -1.2960125 -1.2960125 ... -1.2960125 -1.2960125 -1.2960125]' has dtype incompatible with int64, please explicitly cast to a compatible dtype first.
  transformed.loc[:, feature_columns] = (values - self.mean) / self.std
/Users/pranav/Projects/Professional/College/DS340W/SETCN/train.py:58: FutureWarning: Setting an item of incompatible dtype is deprecated and will raise in a future error of pandas. Value '[-0.53670406 -0.53670406 -0.53670406 ...  1.8632246   1.8632246
  1.8632246 ]' has dtype incompatible with int64, please explicitly cast to a compatible dtype first.
  transformed.loc[:, feature_columns] = (values - self.mean) / self.std
/Users/pranav/Projects/Professional/College/DS340W/SETCN/train.py:58: FutureWarning: Setting an item of incompatible dtype is deprecated and will raise in a future error of pandas. Value '[-0.3259692 -0.3259692 -0.3259692 ... -0.3259692 -0.3259692 -0.3259692]' has dtype incompatible with int64, please explicitly cast to a compatible dtype first.
  transformed.loc[:, feature_columns] = (values - self.mean) / self.std
/Users/pranav/Projects/Professional/College/DS340W/SETCN/train.py:58: FutureWarning: Setting an item of incompatible dtype is deprecated and will raise in a future error of pandas. Value '[ 2.2050483  2.2050483  2.2050483 ...  2.2050483 -0.4535049 -0.4535049]' has dtype incompatible with int64, please explicitly cast to a compatible dtype first.
  transformed.loc[:, feature_columns] = (values - self.mean) / self.std
/Users/pranav/Projects/Professional/College/DS340W/SETCN/train.py:58: FutureWarning: Setting an item of incompatible dtype is deprecated and will raise in a future error of pandas. Value '[0.77159756 0.77159756 0.77159756 ... 0.77159756 0.77159756 0.77159756]' has dtype incompatible with int64, please explicitly cast to a compatible dtype first.
  transformed.loc[:, feature_columns] = (values - self.mean) / self.std
/Users/pranav/Projects/Professional/College/DS340W/SETCN/train.py:58: FutureWarning: Setting an item of incompatible dtype is deprecated and will raise in a future error of pandas. Value '[ 1.8632246   1.8632246   1.8632246  ...  1.8632246   1.8632246
 -0.53670406]' has dtype incompatible with int64, please explicitly cast to a compatible dtype first.
  transformed.loc[:, feature_columns] = (values - self.mean) / self.std
/Users/pranav/Projects/Professional/College/DS340W/SETCN/train.py:58: FutureWarning: Setting an item of incompatible dtype is deprecated and will raise in a future error of pandas. Value '[ 3.0677755  3.0677755  3.0677755 ... -0.3259692 -0.3259692 -0.3259692]' has dtype incompatible with int64, please explicitly cast to a compatible dtype first.
  transformed.loc[:, feature_columns] = (values - self.mean) / self.std
/Users/pranav/Projects/Professional/College/DS340W/SETCN/train.py:58: FutureWarning: Setting an item of incompatible dtype is deprecated and will raise in a future error of pandas. Value '[ 2.2050483  2.2050483  2.2050483 ... -0.4535049 -0.4535049 -0.4535049]' has dtype incompatible with int64, please explicitly cast to a compatible dtype first.
  transformed.loc[:, feature_columns] = (values - self.mean) / self.std
/Users/pranav/Projects/Professional/College/DS340W/SETCN/train.py:58: FutureWarning: Setting an item of incompatible dtype is deprecated and will raise in a future error of pandas. Value '[ 0.77159756  0.77159756  0.77159756 ... -1.2960125  -1.2960125
 -1.2960125 ]' has dtype incompatible with int64, please explicitly cast to a compatible dtype first.
  transformed.loc[:, feature_columns] = (values - self.mean) / self.std
/Users/pranav/Projects/Professional/College/DS340W/SETCN/train.py:58: FutureWarning: Setting an item of incompatible dtype is deprecated and will raise in a future error of pandas. Value '[ 1.8632246   1.8632246   1.8632246  ... -0.53670406 -0.53670406
 -0.53670406]' has dtype incompatible with int64, please explicitly cast to a compatible dtype first.
  transformed.loc[:, feature_columns] = (values - self.mean) / self.std
/Users/pranav/Projects/Professional/College/DS340W/SETCN/train.py:58: FutureWarning: Setting an item of incompatible dtype is deprecated and will raise in a future error of pandas. Value '[ 3.0677755  3.0677755  3.0677755 ... -0.3259692 -0.3259692 -0.3259692]' has dtype incompatible with int64, please explicitly cast to a compatible dtype first.
  transformed.loc[:, feature_columns] = (values - self.mean) / self.std
/Users/pranav/Projects/Professional/College/DS340W/SETCN/train.py:58: FutureWarning: Setting an item of incompatible dtype is deprecated and will raise in a future error of pandas. Value '[ 2.2050483  2.2050483  2.2050483 ... -0.4535049 -0.4535049 -0.4535049]' has dtype incompatible with int64, please explicitly cast to a compatible dtype first.
  transformed.loc[:, feature_columns] = (values - self.mean) / self.std
/Users/pranav/Projects/Professional/College/DS340W/SETCN/train.py:58: FutureWarning: Setting an item of incompatible dtype is deprecated and will raise in a future error of pandas. Value '[ 0.77159756  0.77159756  0.77159756 ... -1.2960125  -1.2960125
 -1.2960125 ]' has dtype incompatible with int64, please explicitly cast to a compatible dtype first.
  transformed.loc[:, feature_columns] = (values - self.mean) / self.std
/Users/pranav/Projects/Professional/College/DS340W/SETCN/train.py:58: FutureWarning: Setting an item of incompatible dtype is deprecated and will raise in a future error of pandas. Value '[ 1.8632246   1.8632246   1.8632246  ... -0.53670406 -0.53670406
 -0.53670406]' has dtype incompatible with int64, please explicitly cast to a compatible dtype first.
  transformed.loc[:, feature_columns] = (values - self.mean) / self.std
/Users/pranav/Projects/Professional/College/DS340W/SETCN/train.py:58: FutureWarning: Setting an item of incompatible dtype is deprecated and will raise in a future error of pandas. Value '[-0.3259692 -0.3259692 -0.3259692 ... -0.3259692 -0.3259692 -0.3259692]' has dtype incompatible with int64, please explicitly cast to a compatible dtype first.
  transformed.loc[:, feature_columns] = (values - self.mean) / self.std
/Users/pranav/Projects/Professional/College/DS340W/SETCN/train.py:58: FutureWarning: Setting an item of incompatible dtype is deprecated and will raise in a future error of pandas. Value '[-0.4535049 -0.4535049 -0.4535049 ... -0.4535049 -0.4535049 -0.4535049]' has dtype incompatible with int64, please explicitly cast to a compatible dtype first.
  transformed.loc[:, feature_columns] = (values - self.mean) / self.std
/Users/pranav/Projects/Professional/College/DS340W/SETCN/train.py:58: FutureWarning: Setting an item of incompatible dtype is deprecated and will raise in a future error of pandas. Value '[0.77159756 0.77159756 0.77159756 ... 0.77159756 0.77159756 0.77159756]' has dtype incompatible with int64, please explicitly cast to a compatible dtype first.
  transformed.loc[:, feature_columns] = (values - self.mean) / self.std
/Users/pranav/Projects/Professional/College/DS340W/SETCN/train.py:58: FutureWarning: Setting an item of incompatible dtype is deprecated and will raise in a future error of pandas. Value '[ 1.8632246  -0.53670406 -0.53670406 ... -0.53670406 -0.53670406
 -0.53670406]' has dtype incompatible with int64, please explicitly cast to a compatible dtype first.
  transformed.loc[:, feature_columns] = (values - self.mean) / self.std
/Users/pranav/Projects/Professional/College/DS340W/SETCN/train.py:58: FutureWarning: Setting an item of incompatible dtype is deprecated and will raise in a future error of pandas. Value '[-0.3259692 -0.3259692 -0.3259692 ... -0.3259692 -0.3259692 -0.3259692]' has dtype incompatible with int64, please explicitly cast to a compatible dtype first.
  transformed.loc[:, feature_columns] = (values - self.mean) / self.std
/Users/pranav/Projects/Professional/College/DS340W/SETCN/train.py:58: FutureWarning: Setting an item of incompatible dtype is deprecated and will raise in a future error of pandas. Value '[-0.4535049 -0.4535049 -0.4535049 ... -0.4535049 -0.4535049 -0.4535049]' has dtype incompatible with int64, please explicitly cast to a compatible dtype first.
  transformed.loc[:, feature_columns] = (values - self.mean) / self.std
/Users/pranav/Projects/Professional/College/DS340W/SETCN/train.py:58: FutureWarning: Setting an item of incompatible dtype is deprecated and will raise in a future error of pandas. Value '[0.77159756 0.77159756 0.77159756 ... 0.77159756 0.77159756 0.77159756]' has dtype incompatible with int64, please explicitly cast to a compatible dtype first.
  transformed.loc[:, feature_columns] = (values - self.mean) / self.std
/Users/pranav/Projects/Professional/College/DS340W/SETCN/train.py:58: FutureWarning: Setting an item of incompatible dtype is deprecated and will raise in a future error of pandas. Value '[ 1.8632246   1.8632246   1.8632246  ... -0.53670406 -0.53670406
 -0.53670406]' has dtype incompatible with int64, please explicitly cast to a compatible dtype first.
  transformed.loc[:, feature_columns] = (values - self.mean) / self.std
/Users/pranav/Projects/Professional/College/DS340W/SETCN/train.py:58: FutureWarning: Setting an item of incompatible dtype is deprecated and will raise in a future error of pandas. Value '[ 3.0677755  3.0677755  3.0677755 ... -0.3259692 -0.3259692 -0.3259692]' has dtype incompatible with int64, please explicitly cast to a compatible dtype first.
  transformed.loc[:, feature_columns] = (values - self.mean) / self.std
/Users/pranav/Projects/Professional/College/DS340W/SETCN/train.py:58: FutureWarning: Setting an item of incompatible dtype is deprecated and will raise in a future error of pandas. Value '[-0.4535049 -0.4535049 -0.4535049 ...  2.2050483  2.2050483  2.2050483]' has dtype incompatible with int64, please explicitly cast to a compatible dtype first.
  transformed.loc[:, feature_columns] = (values - self.mean) / self.std
/Users/pranav/Projects/Professional/College/DS340W/SETCN/train.py:58: FutureWarning: Setting an item of incompatible dtype is deprecated and will raise in a future error of pandas. Value '[-1.2960125 -1.2960125 -1.2960125 ... -1.2960125 -1.2960125 -1.2960125]' has dtype incompatible with int64, please explicitly cast to a compatible dtype first.
  transformed.loc[:, feature_columns] = (values - self.mean) / self.std
/Users/pranav/Projects/Professional/College/DS340W/SETCN/train.py:58: FutureWarning: Setting an item of incompatible dtype is deprecated and will raise in a future error of pandas. Value '[1.8632246 1.8632246 1.8632246 ... 1.8632246 1.8632246 1.8632246]' has dtype incompatible with int64, please explicitly cast to a compatible dtype first.
  transformed.loc[:, feature_columns] = (values - self.mean) / self.std
/Users/pranav/Projects/Professional/College/DS340W/SETCN/train.py:58: FutureWarning: Setting an item of incompatible dtype is deprecated and will raise in a future error of pandas. Value '[-0.3259692 -0.3259692 -0.3259692 ... -0.3259692 -0.3259692 -0.3259692]' has dtype incompatible with int64, please explicitly cast to a compatible dtype first.
  transformed.loc[:, feature_columns] = (values - self.mean) / self.std
/Users/pranav/Projects/Professional/College/DS340W/SETCN/train.py:58: FutureWarning: Setting an item of incompatible dtype is deprecated and will raise in a future error of pandas. Value '[-0.4535049 -0.4535049 -0.4535049 ... -0.4535049 -0.4535049 -0.4535049]' has dtype incompatible with int64, please explicitly cast to a compatible dtype first.
  transformed.loc[:, feature_columns] = (values - self.mean) / self.std
/Users/pranav/Projects/Professional/College/DS340W/SETCN/train.py:58: FutureWarning: Setting an item of incompatible dtype is deprecated and will raise in a future error of pandas. Value '[0.77159756 0.77159756 0.77159756 ... 0.77159756 0.77159756 0.77159756]' has dtype incompatible with int64, please explicitly cast to a compatible dtype first.
  transformed.loc[:, feature_columns] = (values - self.mean) / self.std
/Users/pranav/Projects/Professional/College/DS340W/SETCN/train.py:58: FutureWarning: Setting an item of incompatible dtype is deprecated and will raise in a future error of pandas. Value '[1.8632246 1.8632246 1.8632246 ... 1.8632246 1.8632246 1.8632246]' has dtype incompatible with int64, please explicitly cast to a compatible dtype first.
  transformed.loc[:, feature_columns] = (values - self.mean) / self.std
/Users/pranav/Projects/Professional/College/DS340W/SETCN/train.py:58: FutureWarning: Setting an item of incompatible dtype is deprecated and will raise in a future error of pandas. Value '[-0.3259692 -0.3259692 -0.3259692 ... -0.3259692 -0.3259692 -0.3259692]' has dtype incompatible with int64, please explicitly cast to a compatible dtype first.
  transformed.loc[:, feature_columns] = (values - self.mean) / self.std
/Users/pranav/Projects/Professional/College/DS340W/SETCN/train.py:58: FutureWarning: Setting an item of incompatible dtype is deprecated and will raise in a future error of pandas. Value '[-0.4535049 -0.4535049 -0.4535049 ...  2.2050483  2.2050483  2.2050483]' has dtype incompatible with int64, please explicitly cast to a compatible dtype first.
  transformed.loc[:, feature_columns] = (values - self.mean) / self.std
/Users/pranav/Projects/Professional/College/DS340W/SETCN/train.py:58: FutureWarning: Setting an item of incompatible dtype is deprecated and will raise in a future error of pandas. Value '[ 0.77159756  0.77159756  0.77159756 ... -1.2960125  -1.2960125
 -1.2960125 ]' has dtype incompatible with int64, please explicitly cast to a compatible dtype first.
  transformed.loc[:, feature_columns] = (values - self.mean) / self.std
/Users/pranav/Projects/Professional/College/DS340W/SETCN/train.py:58: FutureWarning: Setting an item of incompatible dtype is deprecated and will raise in a future error of pandas. Value '[1.8632246 1.8632246 1.8632246 ... 1.8632246 1.8632246 1.8632246]' has dtype incompatible with int64, please explicitly cast to a compatible dtype first.
  transformed.loc[:, feature_columns] = (values - self.mean) / self.std
/Users/pranav/Projects/Professional/College/DS340W/SETCN/train.py:58: FutureWarning: Setting an item of incompatible dtype is deprecated and will raise in a future error of pandas. Value '[ 3.0677755  3.0677755  3.0677755 ... -0.3259692 -0.3259692 -0.3259692]' has dtype incompatible with int64, please explicitly cast to a compatible dtype first.
  transformed.loc[:, feature_columns] = (values - self.mean) / self.std
/Users/pranav/Projects/Professional/College/DS340W/SETCN/train.py:58: FutureWarning: Setting an item of incompatible dtype is deprecated and will raise in a future error of pandas. Value '[-0.4535049 -0.4535049 -0.4535049 ...  2.2050483  2.2050483  2.2050483]' has dtype incompatible with int64, please explicitly cast to a compatible dtype first.
  transformed.loc[:, feature_columns] = (values - self.mean) / self.std
/Users/pranav/Projects/Professional/College/DS340W/SETCN/train.py:58: FutureWarning: Setting an item of incompatible dtype is deprecated and will raise in a future error of pandas. Value '[-1.2960125 -1.2960125 -1.2960125 ... -1.2960125 -1.2960125 -1.2960125]' has dtype incompatible with int64, please explicitly cast to a compatible dtype first.
  transformed.loc[:, feature_columns] = (values - self.mean) / self.std
/Users/pranav/Projects/Professional/College/DS340W/SETCN/train.py:58: FutureWarning: Setting an item of incompatible dtype is deprecated and will raise in a future error of pandas. Value '[-0.53670406 -0.53670406 -0.53670406 ...  1.8632246   1.8632246
  1.8632246 ]' has dtype incompatible with int64, please explicitly cast to a compatible dtype first.
  transformed.loc[:, feature_columns] = (values - self.mean) / self.std
/Users/pranav/Projects/Professional/College/DS340W/SETCN/train.py:58: FutureWarning: Setting an item of incompatible dtype is deprecated and will raise in a future error of pandas. Value '[-0.3259692 -0.3259692 -0.3259692 ... -0.3259692 -0.3259692 -0.3259692]' has dtype incompatible with int64, please explicitly cast to a compatible dtype first.
  transformed.loc[:, feature_columns] = (values - self.mean) / self.std
/Users/pranav/Projects/Professional/College/DS340W/SETCN/train.py:58: FutureWarning: Setting an item of incompatible dtype is deprecated and will raise in a future error of pandas. Value '[-0.4535049 -0.4535049 -0.4535049 ... -0.4535049 -0.4535049 -0.4535049]' has dtype incompatible with int64, please explicitly cast to a compatible dtype first.
  transformed.loc[:, feature_columns] = (values - self.mean) / self.std
/Users/pranav/Projects/Professional/College/DS340W/SETCN/train.py:58: FutureWarning: Setting an item of incompatible dtype is deprecated and will raise in a future error of pandas. Value '[-1.2960125 -1.2960125 -1.2960125 ... -1.2960125 -1.2960125 -1.2960125]' has dtype incompatible with int64, please explicitly cast to a compatible dtype first.
  transformed.loc[:, feature_columns] = (values - self.mean) / self.std
/Users/pranav/Projects/Professional/College/DS340W/SETCN/train.py:58: FutureWarning: Setting an item of incompatible dtype is deprecated and will raise in a future error of pandas. Value '[-0.53670406 -0.53670406 -0.53670406 ... -0.53670406 -0.53670406
 -0.53670406]' has dtype incompatible with int64, please explicitly cast to a compatible dtype first.
  transformed.loc[:, feature_columns] = (values - self.mean) / self.std
/Users/pranav/Projects/Professional/College/DS340W/SETCN/train.py:58: FutureWarning: Setting an item of incompatible dtype is deprecated and will raise in a future error of pandas. Value '[-0.3259692 -0.3259692 -0.3259692 ... -0.3259692 -0.3259692 -0.3259692]' has dtype incompatible with int64, please explicitly cast to a compatible dtype first.
  transformed.loc[:, feature_columns] = (values - self.mean) / self.std
/Users/pranav/Projects/Professional/College/DS340W/SETCN/train.py:58: FutureWarning: Setting an item of incompatible dtype is deprecated and will raise in a future error of pandas. Value '[ 2.2050483 -0.4535049 -0.4535049 ... -0.4535049 -0.4535049 -0.4535049]' has dtype incompatible with int64, please explicitly cast to a compatible dtype first.
  transformed.loc[:, feature_columns] = (values - self.mean) / self.std
/Users/pranav/Projects/Professional/College/DS340W/SETCN/train.py:58: FutureWarning: Setting an item of incompatible dtype is deprecated and will raise in a future error of pandas. Value '[-1.2960125  -1.2960125  -1.2960125  ...  0.77159756  0.77159756
  0.77159756]' has dtype incompatible with int64, please explicitly cast to a compatible dtype first.
  transformed.loc[:, feature_columns] = (values - self.mean) / self.std
/Users/pranav/Projects/Professional/College/DS340W/SETCN/train.py:58: FutureWarning: Setting an item of incompatible dtype is deprecated and will raise in a future error of pandas. Value '[ 1.8632246  -0.53670406 -0.53670406 ... -0.53670406 -0.53670406
 -0.53670406]' has dtype incompatible with int64, please explicitly cast to a compatible dtype first.
  transformed.loc[:, feature_columns] = (values - self.mean) / self.std
/Users/pranav/Projects/Professional/College/DS340W/SETCN/train.py:58: FutureWarning: Setting an item of incompatible dtype is deprecated and will raise in a future error of pandas. Value '[ 3.0677755 -0.3259692 -0.3259692 ... -0.3259692 -0.3259692 -0.3259692]' has dtype incompatible with int64, please explicitly cast to a compatible dtype first.
  transformed.loc[:, feature_columns] = (values - self.mean) / self.std
/Users/pranav/Projects/Professional/College/DS340W/SETCN/train.py:58: FutureWarning: Setting an item of incompatible dtype is deprecated and will raise in a future error of pandas. Value '[-0.4535049 -0.4535049 -0.4535049 ... -0.4535049 -0.4535049 -0.4535049]' has dtype incompatible with int64, please explicitly cast to a compatible dtype first.
  transformed.loc[:, feature_columns] = (values - self.mean) / self.std
/Users/pranav/Projects/Professional/College/DS340W/SETCN/train.py:58: FutureWarning: Setting an item of incompatible dtype is deprecated and will raise in a future error of pandas. Value '[-1.2960125 -1.2960125 -1.2960125 ... -1.2960125 -1.2960125 -1.2960125]' has dtype incompatible with int64, please explicitly cast to a compatible dtype first.
  transformed.loc[:, feature_columns] = (values - self.mean) / self.std
/Users/pranav/Projects/Professional/College/DS340W/SETCN/train.py:58: FutureWarning: Setting an item of incompatible dtype is deprecated and will raise in a future error of pandas. Value '[-0.53670406 -0.53670406 -0.53670406 ... -0.53670406 -0.53670406
 -0.53670406]' has dtype incompatible with int64, please explicitly cast to a compatible dtype first.
  transformed.loc[:, feature_columns] = (values - self.mean) / self.std
/Users/pranav/Projects/Professional/College/DS340W/SETCN/train.py:58: FutureWarning: Setting an item of incompatible dtype is deprecated and will raise in a future error of pandas. Value '[-0.3259692 -0.3259692 -0.3259692 ... -0.3259692 -0.3259692 -0.3259692]' has dtype incompatible with int64, please explicitly cast to a compatible dtype first.
  transformed.loc[:, feature_columns] = (values - self.mean) / self.std
/Users/pranav/Projects/Professional/College/DS340W/SETCN/train.py:58: FutureWarning: Setting an item of incompatible dtype is deprecated and will raise in a future error of pandas. Value '[ 2.2050483  2.2050483  2.2050483 ... -0.4535049 -0.4535049 -0.4535049]' has dtype incompatible with int64, please explicitly cast to a compatible dtype first.
  transformed.loc[:, feature_columns] = (values - self.mean) / self.std
/Users/pranav/Projects/Professional/College/DS340W/SETCN/train.py:58: FutureWarning: Setting an item of incompatible dtype is deprecated and will raise in a future error of pandas. Value '[-1.2960125 -1.2960125 -1.2960125 ... -1.2960125 -1.2960125 -1.2960125]' has dtype incompatible with int64, please explicitly cast to a compatible dtype first.
  transformed.loc[:, feature_columns] = (values - self.mean) / self.std
/Users/pranav/Projects/Professional/College/DS340W/SETCN/train.py:58: FutureWarning: Setting an item of incompatible dtype is deprecated and will raise in a future error of pandas. Value '[ 1.8632246   1.8632246   1.8632246  ... -0.53670406 -0.53670406
 -0.53670406]' has dtype incompatible with int64, please explicitly cast to a compatible dtype first.
  transformed.loc[:, feature_columns] = (values - self.mean) / self.std
/Users/pranav/Projects/Professional/College/DS340W/SETCN/train.py:58: FutureWarning: Setting an item of incompatible dtype is deprecated and will raise in a future error of pandas. Value '[ 3.0677755  3.0677755  3.0677755 ... -0.3259692 -0.3259692 -0.3259692]' has dtype incompatible with int64, please explicitly cast to a compatible dtype first.
  transformed.loc[:, feature_columns] = (values - self.mean) / self.std
/Users/pranav/Projects/Professional/College/DS340W/SETCN/train.py:58: FutureWarning: Setting an item of incompatible dtype is deprecated and will raise in a future error of pandas. Value '[-0.4535049 -0.4535049 -0.4535049 ... -0.4535049 -0.4535049 -0.4535049]' has dtype incompatible with int64, please explicitly cast to a compatible dtype first.
  transformed.loc[:, feature_columns] = (values - self.mean) / self.std
/Users/pranav/Projects/Professional/College/DS340W/SETCN/train.py:58: FutureWarning: Setting an item of incompatible dtype is deprecated and will raise in a future error of pandas. Value '[-1.2960125 -1.2960125 -1.2960125 ... -1.2960125 -1.2960125 -1.2960125]' has dtype incompatible with int64, please explicitly cast to a compatible dtype first.
  transformed.loc[:, feature_columns] = (values - self.mean) / self.std
/Users/pranav/Projects/Professional/College/DS340W/SETCN/train.py:58: FutureWarning: Setting an item of incompatible dtype is deprecated and will raise in a future error of pandas. Value '[-0.53670406 -0.53670406 -0.53670406 ... -0.53670406 -0.53670406
 -0.53670406]' has dtype incompatible with int64, please explicitly cast to a compatible dtype first.
  transformed.loc[:, feature_columns] = (values - self.mean) / self.std
/Users/pranav/Projects/Professional/College/DS340W/SETCN/train.py:58: FutureWarning: Setting an item of incompatible dtype is deprecated and will raise in a future error of pandas. Value '[-0.3259692 -0.3259692 -0.3259692 ... -0.3259692 -0.3259692 -0.3259692]' has dtype incompatible with int64, please explicitly cast to a compatible dtype first.
  transformed.loc[:, feature_columns] = (values - self.mean) / self.std
/Users/pranav/Projects/Professional/College/DS340W/SETCN/train.py:58: FutureWarning: Setting an item of incompatible dtype is deprecated and will raise in a future error of pandas. Value '[-0.4535049 -0.4535049 -0.4535049 ... -0.4535049 -0.4535049 -0.4535049]' has dtype incompatible with int64, please explicitly cast to a compatible dtype first.
  transformed.loc[:, feature_columns] = (values - self.mean) / self.std
/Users/pranav/Projects/Professional/College/DS340W/SETCN/train.py:58: FutureWarning: Setting an item of incompatible dtype is deprecated and will raise in a future error of pandas. Value '[ 0.77159756  0.77159756  0.77159756 ... -1.2960125  -1.2960125
 -1.2960125 ]' has dtype incompatible with int64, please explicitly cast to a compatible dtype first.
  transformed.loc[:, feature_columns] = (values - self.mean) / self.std
/Users/pranav/Projects/Professional/College/DS340W/SETCN/train.py:58: FutureWarning: Setting an item of incompatible dtype is deprecated and will raise in a future error of pandas. Value '[-0.53670406 -0.53670406 -0.53670406 ... -0.53670406 -0.53670406
 -0.53670406]' has dtype incompatible with int64, please explicitly cast to a compatible dtype first.
  transformed.loc[:, feature_columns] = (values - self.mean) / self.std
/Users/pranav/Projects/Professional/College/DS340W/SETCN/train.py:58: FutureWarning: Setting an item of incompatible dtype is deprecated and will raise in a future error of pandas. Value '[-0.3259692 -0.3259692 -0.3259692 ... -0.3259692 -0.3259692 -0.3259692]' has dtype incompatible with int64, please explicitly cast to a compatible dtype first.
  transformed.loc[:, feature_columns] = (values - self.mean) / self.std
/Users/pranav/Projects/Professional/College/DS340W/SETCN/train.py:58: FutureWarning: Setting an item of incompatible dtype is deprecated and will raise in a future error of pandas. Value '[ 2.2050483  2.2050483 -0.4535049 ... -0.4535049 -0.4535049 -0.4535049]' has dtype incompatible with int64, please explicitly cast to a compatible dtype first.
  transformed.loc[:, feature_columns] = (values - self.mean) / self.std
/Users/pranav/Projects/Professional/College/DS340W/SETCN/train.py:58: FutureWarning: Setting an item of incompatible dtype is deprecated and will raise in a future error of pandas. Value '[-1.2960125  -1.2960125  -1.2960125  ...  0.77159756  0.77159756
  0.77159756]' has dtype incompatible with int64, please explicitly cast to a compatible dtype first.
  transformed.loc[:, feature_columns] = (values - self.mean) / self.std
/Users/pranav/Projects/Professional/College/DS340W/SETCN/train.py:58: FutureWarning: Setting an item of incompatible dtype is deprecated and will raise in a future error of pandas. Value '[ 1.8632246   1.8632246   1.8632246  ... -0.53670406 -0.53670406
 -0.53670406]' has dtype incompatible with int64, please explicitly cast to a compatible dtype first.
  transformed.loc[:, feature_columns] = (values - self.mean) / self.std
/Users/pranav/Projects/Professional/College/DS340W/SETCN/train.py:58: FutureWarning: Setting an item of incompatible dtype is deprecated and will raise in a future error of pandas. Value '[ 3.0677755  3.0677755  3.0677755 ... -0.3259692 -0.3259692 -0.3259692]' has dtype incompatible with int64, please explicitly cast to a compatible dtype first.
  transformed.loc[:, feature_columns] = (values - self.mean) / self.std
/Users/pranav/Projects/Professional/College/DS340W/SETCN/train.py:58: FutureWarning: Setting an item of incompatible dtype is deprecated and will raise in a future error of pandas. Value '[-0.4535049 -0.4535049 -0.4535049 ... -0.4535049 -0.4535049 -0.4535049]' has dtype incompatible with int64, please explicitly cast to a compatible dtype first.
  transformed.loc[:, feature_columns] = (values - self.mean) / self.std
/Users/pranav/Projects/Professional/College/DS340W/SETCN/train.py:58: FutureWarning: Setting an item of incompatible dtype is deprecated and will raise in a future error of pandas. Value '[-1.2960125 -1.2960125 -1.2960125 ... -1.2960125 -1.2960125 -1.2960125]' has dtype incompatible with int64, please explicitly cast to a compatible dtype first.
  transformed.loc[:, feature_columns] = (values - self.mean) / self.std
/Users/pranav/Projects/Professional/College/DS340W/SETCN/train.py:58: FutureWarning: Setting an item of incompatible dtype is deprecated and will raise in a future error of pandas. Value '[-0.53670406 -0.53670406 -0.53670406 ... -0.53670406 -0.53670406
 -0.53670406]' has dtype incompatible with int64, please explicitly cast to a compatible dtype first.
  transformed.loc[:, feature_columns] = (values - self.mean) / self.std
/Users/pranav/Projects/Professional/College/DS340W/SETCN/train.py:58: FutureWarning: Setting an item of incompatible dtype is deprecated and will raise in a future error of pandas. Value '[-0.3259692 -0.3259692 -0.3259692 ... -0.3259692 -0.3259692 -0.3259692]' has dtype incompatible with int64, please explicitly cast to a compatible dtype first.
  transformed.loc[:, feature_columns] = (values - self.mean) / self.std
/Users/pranav/Projects/Professional/College/DS340W/SETCN/train.py:58: FutureWarning: Setting an item of incompatible dtype is deprecated and will raise in a future error of pandas. Value '[-0.4535049 -0.4535049 -0.4535049 ... -0.4535049 -0.4535049 -0.4535049]' has dtype incompatible with int64, please explicitly cast to a compatible dtype first.
  transformed.loc[:, feature_columns] = (values - self.mean) / self.std
/Users/pranav/Projects/Professional/College/DS340W/SETCN/train.py:58: FutureWarning: Setting an item of incompatible dtype is deprecated and will raise in a future error of pandas. Value '[-1.2960125  -1.2960125  -1.2960125  ...  0.77159756  0.77159756
  0.77159756]' has dtype incompatible with int64, please explicitly cast to a compatible dtype first.
  transformed.loc[:, feature_columns] = (values - self.mean) / self.std
/Users/pranav/Projects/Professional/College/DS340W/SETCN/train.py:58: FutureWarning: Setting an item of incompatible dtype is deprecated and will raise in a future error of pandas. Value '[-0.53670406 -0.53670406 -0.53670406 ... -0.53670406 -0.53670406
 -0.53670406]' has dtype incompatible with int64, please explicitly cast to a compatible dtype first.
  transformed.loc[:, feature_columns] = (values - self.mean) / self.std
/Users/pranav/Projects/Professional/College/DS340W/SETCN/train.py:58: FutureWarning: Setting an item of incompatible dtype is deprecated and will raise in a future error of pandas. Value '[-0.3259692 -0.3259692 -0.3259692 ... -0.3259692 -0.3259692 -0.3259692]' has dtype incompatible with int64, please explicitly cast to a compatible dtype first.
  transformed.loc[:, feature_columns] = (values - self.mean) / self.std
/Users/pranav/Projects/Professional/College/DS340W/SETCN/train.py:58: FutureWarning: Setting an item of incompatible dtype is deprecated and will raise in a future error of pandas. Value '[-0.4535049 -0.4535049 -0.4535049 ... -0.4535049 -0.4535049 -0.4535049]' has dtype incompatible with int64, please explicitly cast to a compatible dtype first.
  transformed.loc[:, feature_columns] = (values - self.mean) / self.std
/Users/pranav/Projects/Professional/College/DS340W/SETCN/train.py:58: FutureWarning: Setting an item of incompatible dtype is deprecated and will raise in a future error of pandas. Value '[-1.2960125  -1.2960125  -1.2960125  ...  0.77159756  0.77159756
  0.77159756]' has dtype incompatible with int64, please explicitly cast to a compatible dtype first.
  transformed.loc[:, feature_columns] = (values - self.mean) / self.std
/Users/pranav/Projects/Professional/College/DS340W/SETCN/train.py:58: FutureWarning: Setting an item of incompatible dtype is deprecated and will raise in a future error of pandas. Value '[-0.53670406 -0.53670406 -0.53670406 ...  1.8632246  -0.53670406
 -0.53670406]' has dtype incompatible with int64, please explicitly cast to a compatible dtype first.
  transformed.loc[:, feature_columns] = (values - self.mean) / self.std
/Users/pranav/Projects/Professional/College/DS340W/SETCN/train.py:58: FutureWarning: Setting an item of incompatible dtype is deprecated and will raise in a future error of pandas. Value '[-0.3259692 -0.3259692 -0.3259692 ... -0.3259692 -0.3259692 -0.3259692]' has dtype incompatible with int64, please explicitly cast to a compatible dtype first.
  transformed.loc[:, feature_columns] = (values - self.mean) / self.std
/Users/pranav/Projects/Professional/College/DS340W/SETCN/train.py:58: FutureWarning: Setting an item of incompatible dtype is deprecated and will raise in a future error of pandas. Value '[-0.4535049  2.2050483  2.2050483 ... -0.4535049 -0.4535049 -0.4535049]' has dtype incompatible with int64, please explicitly cast to a compatible dtype first.
  transformed.loc[:, feature_columns] = (values - self.mean) / self.std
/Users/pranav/Projects/Professional/College/DS340W/SETCN/train.py:58: FutureWarning: Setting an item of incompatible dtype is deprecated and will raise in a future error of pandas. Value '[-1.2960125 -1.2960125 -1.2960125 ... -1.2960125 -1.2960125 -1.2960125]' has dtype incompatible with int64, please explicitly cast to a compatible dtype first.
  transformed.loc[:, feature_columns] = (values - self.mean) / self.std
/Users/pranav/Projects/Professional/College/DS340W/SETCN/train.py:58: FutureWarning: Setting an item of incompatible dtype is deprecated and will raise in a future error of pandas. Value '[-0.53670406 -0.53670406  1.8632246  ... -0.53670406 -0.53670406
 -0.53670406]' has dtype incompatible with int64, please explicitly cast to a compatible dtype first.
  transformed.loc[:, feature_columns] = (values - self.mean) / self.std
/Users/pranav/Projects/Professional/College/DS340W/SETCN/train.py:58: FutureWarning: Setting an item of incompatible dtype is deprecated and will raise in a future error of pandas. Value '[-0.3259692 -0.3259692 -0.3259692 ... -0.3259692 -0.3259692 -0.3259692]' has dtype incompatible with int64, please explicitly cast to a compatible dtype first.
  transformed.loc[:, feature_columns] = (values - self.mean) / self.std
/Users/pranav/Projects/Professional/College/DS340W/SETCN/train.py:58: FutureWarning: Setting an item of incompatible dtype is deprecated and will raise in a future error of pandas. Value '[-0.4535049 -0.4535049 -0.4535049 ... -0.4535049 -0.4535049 -0.4535049]' has dtype incompatible with int64, please explicitly cast to a compatible dtype first.
  transformed.loc[:, feature_columns] = (values - self.mean) / self.std
/Users/pranav/Projects/Professional/College/DS340W/SETCN/train.py:58: FutureWarning: Setting an item of incompatible dtype is deprecated and will raise in a future error of pandas. Value '[-1.2960125   0.77159756  0.77159756 ... -1.2960125  -1.2960125
 -1.2960125 ]' has dtype incompatible with int64, please explicitly cast to a compatible dtype first.
  transformed.loc[:, feature_columns] = (values - self.mean) / self.std
/Users/pranav/Projects/Professional/College/DS340W/SETCN/train.py:58: FutureWarning: Setting an item of incompatible dtype is deprecated and will raise in a future error of pandas. Value '[ 1.8632246   1.8632246   1.8632246  ... -0.53670406 -0.53670406
 -0.53670406]' has dtype incompatible with int64, please explicitly cast to a compatible dtype first.
  transformed.loc[:, feature_columns] = (values - self.mean) / self.std
/Users/pranav/Projects/Professional/College/DS340W/SETCN/train.py:58: FutureWarning: Setting an item of incompatible dtype is deprecated and will raise in a future error of pandas. Value '[-0.3259692 -0.3259692 -0.3259692 ... -0.3259692 -0.3259692 -0.3259692]' has dtype incompatible with int64, please explicitly cast to a compatible dtype first.
  transformed.loc[:, feature_columns] = (values - self.mean) / self.std
/Users/pranav/Projects/Professional/College/DS340W/SETCN/train.py:58: FutureWarning: Setting an item of incompatible dtype is deprecated and will raise in a future error of pandas. Value '[-0.4535049 -0.4535049 -0.4535049 ... -0.4535049 -0.4535049 -0.4535049]' has dtype incompatible with int64, please explicitly cast to a compatible dtype first.
  transformed.loc[:, feature_columns] = (values - self.mean) / self.std
/Users/pranav/Projects/Professional/College/DS340W/SETCN/train.py:58: FutureWarning: Setting an item of incompatible dtype is deprecated and will raise in a future error of pandas. Value '[-1.2960125 -1.2960125 -1.2960125 ... -1.2960125 -1.2960125 -1.2960125]' has dtype incompatible with int64, please explicitly cast to a compatible dtype first.
  transformed.loc[:, feature_columns] = (values - self.mean) / self.std
/Users/pranav/Projects/Professional/College/DS340W/SETCN/train.py:58: FutureWarning: Setting an item of incompatible dtype is deprecated and will raise in a future error of pandas. Value '[-0.53670406 -0.53670406 -0.53670406 ... -0.53670406 -0.53670406
 -0.53670406]' has dtype incompatible with int64, please explicitly cast to a compatible dtype first.
  transformed.loc[:, feature_columns] = (values - self.mean) / self.std
/Users/pranav/Projects/Professional/College/DS340W/SETCN/train.py:58: FutureWarning: Setting an item of incompatible dtype is deprecated and will raise in a future error of pandas. Value '[-0.3259692 -0.3259692 -0.3259692 ... -0.3259692 -0.3259692 -0.3259692]' has dtype incompatible with int64, please explicitly cast to a compatible dtype first.
  transformed.loc[:, feature_columns] = (values - self.mean) / self.std
/Users/pranav/Projects/Professional/College/DS340W/SETCN/train.py:58: FutureWarning: Setting an item of incompatible dtype is deprecated and will raise in a future error of pandas. Value '[-0.4535049 -0.4535049 -0.4535049 ... -0.4535049 -0.4535049 -0.4535049]' has dtype incompatible with int64, please explicitly cast to a compatible dtype first.
  transformed.loc[:, feature_columns] = (values - self.mean) / self.std
/Users/pranav/Projects/Professional/College/DS340W/SETCN/train.py:58: FutureWarning: Setting an item of incompatible dtype is deprecated and will raise in a future error of pandas. Value '[-1.2960125 -1.2960125 -1.2960125 ... -1.2960125 -1.2960125 -1.2960125]' has dtype incompatible with int64, please explicitly cast to a compatible dtype first.
  transformed.loc[:, feature_columns] = (values - self.mean) / self.std
/Users/pranav/Projects/Professional/College/DS340W/SETCN/train.py:58: FutureWarning: Setting an item of incompatible dtype is deprecated and will raise in a future error of pandas. Value '[-0.53670406  1.8632246   1.8632246  ... -0.53670406 -0.53670406
 -0.53670406]' has dtype incompatible with int64, please explicitly cast to a compatible dtype first.
  transformed.loc[:, feature_columns] = (values - self.mean) / self.std
/Users/pranav/Projects/Professional/College/DS340W/SETCN/train.py:58: FutureWarning: Setting an item of incompatible dtype is deprecated and will raise in a future error of pandas. Value '[-0.3259692 -0.3259692 -0.3259692 ... -0.3259692 -0.3259692 -0.3259692]' has dtype incompatible with int64, please explicitly cast to a compatible dtype first.
  transformed.loc[:, feature_columns] = (values - self.mean) / self.std
/Users/pranav/Projects/Professional/College/DS340W/SETCN/train.py:58: FutureWarning: Setting an item of incompatible dtype is deprecated and will raise in a future error of pandas. Value '[-0.4535049 -0.4535049 -0.4535049 ... -0.4535049 -0.4535049 -0.4535049]' has dtype incompatible with int64, please explicitly cast to a compatible dtype first.
  transformed.loc[:, feature_columns] = (values - self.mean) / self.std
/Users/pranav/Projects/Professional/College/DS340W/SETCN/train.py:58: FutureWarning: Setting an item of incompatible dtype is deprecated and will raise in a future error of pandas. Value '[-1.2960125  -1.2960125  -1.2960125  ...  0.77159756  0.77159756
  0.77159756]' has dtype incompatible with int64, please explicitly cast to a compatible dtype first.
  transformed.loc[:, feature_columns] = (values - self.mean) / self.std
/Users/pranav/Projects/Professional/College/DS340W/SETCN/train.py:58: FutureWarning: Setting an item of incompatible dtype is deprecated and will raise in a future error of pandas. Value '[-0.53670406 -0.53670406 -0.53670406 ... -0.53670406 -0.53670406
 -0.53670406]' has dtype incompatible with int64, please explicitly cast to a compatible dtype first.
  transformed.loc[:, feature_columns] = (values - self.mean) / self.std
/Users/pranav/Projects/Professional/College/DS340W/SETCN/train.py:58: FutureWarning: Setting an item of incompatible dtype is deprecated and will raise in a future error of pandas. Value '[-0.3259692 -0.3259692 -0.3259692 ... -0.3259692 -0.3259692 -0.3259692]' has dtype incompatible with int64, please explicitly cast to a compatible dtype first.
  transformed.loc[:, feature_columns] = (values - self.mean) / self.std
/Users/pranav/Projects/Professional/College/DS340W/SETCN/train.py:58: FutureWarning: Setting an item of incompatible dtype is deprecated and will raise in a future error of pandas. Value '[ 2.2050483  2.2050483  2.2050483 ... -0.4535049 -0.4535049 -0.4535049]' has dtype incompatible with int64, please explicitly cast to a compatible dtype first.
  transformed.loc[:, feature_columns] = (values - self.mean) / self.std
/Users/pranav/Projects/Professional/College/DS340W/SETCN/train.py:58: FutureWarning: Setting an item of incompatible dtype is deprecated and will raise in a future error of pandas. Value '[-1.2960125  -1.2960125  -1.2960125  ...  0.77159756  0.77159756
  0.77159756]' has dtype incompatible with int64, please explicitly cast to a compatible dtype first.
  transformed.loc[:, feature_columns] = (values - self.mean) / self.std
/Users/pranav/Projects/Professional/College/DS340W/SETCN/train.py:58: FutureWarning: Setting an item of incompatible dtype is deprecated and will raise in a future error of pandas. Value '[1.8632246 1.8632246 1.8632246 ... 1.8632246 1.8632246 1.8632246]' has dtype incompatible with int64, please explicitly cast to a compatible dtype first.
  transformed.loc[:, feature_columns] = (values - self.mean) / self.std
/Users/pranav/Projects/Professional/College/DS340W/SETCN/train.py:58: FutureWarning: Setting an item of incompatible dtype is deprecated and will raise in a future error of pandas. Value '[3.0677755 3.0677755 3.0677755 ... 3.0677755 3.0677755 3.0677755]' has dtype incompatible with int64, please explicitly cast to a compatible dtype first.
  transformed.loc[:, feature_columns] = (values - self.mean) / self.std
/Users/pranav/Projects/Professional/College/DS340W/SETCN/train.py:58: FutureWarning: Setting an item of incompatible dtype is deprecated and will raise in a future error of pandas. Value '[-0.4535049 -0.4535049 -0.4535049 ... -0.4535049 -0.4535049 -0.4535049]' has dtype incompatible with int64, please explicitly cast to a compatible dtype first.
  transformed.loc[:, feature_columns] = (values - self.mean) / self.std
/Users/pranav/Projects/Professional/College/DS340W/SETCN/train.py:58: FutureWarning: Setting an item of incompatible dtype is deprecated and will raise in a future error of pandas. Value '[-1.2960125 -1.2960125 -1.2960125 ... -1.2960125 -1.2960125 -1.2960125]' has dtype incompatible with int64, please explicitly cast to a compatible dtype first.
  transformed.loc[:, feature_columns] = (values - self.mean) / self.std
/Users/pranav/Projects/Professional/College/DS340W/SETCN/train.py:58: FutureWarning: Setting an item of incompatible dtype is deprecated and will raise in a future error of pandas. Value '[-0.53670406 -0.53670406 -0.53670406 ... -0.53670406 -0.53670406
 -0.53670406]' has dtype incompatible with int64, please explicitly cast to a compatible dtype first.
  transformed.loc[:, feature_columns] = (values - self.mean) / self.std
/Users/pranav/Projects/Professional/College/DS340W/SETCN/train.py:58: FutureWarning: Setting an item of incompatible dtype is deprecated and will raise in a future error of pandas. Value '[-0.3259692 -0.3259692 -0.3259692 ... -0.3259692 -0.3259692 -0.3259692]' has dtype incompatible with int64, please explicitly cast to a compatible dtype first.
  transformed.loc[:, feature_columns] = (values - self.mean) / self.std
/Users/pranav/Projects/Professional/College/DS340W/SETCN/train.py:58: FutureWarning: Setting an item of incompatible dtype is deprecated and will raise in a future error of pandas. Value '[-0.4535049 -0.4535049 -0.4535049 ... -0.4535049 -0.4535049 -0.4535049]' has dtype incompatible with int64, please explicitly cast to a compatible dtype first.
  transformed.loc[:, feature_columns] = (values - self.mean) / self.std
/Users/pranav/Projects/Professional/College/DS340W/SETCN/train.py:58: FutureWarning: Setting an item of incompatible dtype is deprecated and will raise in a future error of pandas. Value '[-1.2960125 -1.2960125 -1.2960125 ... -1.2960125 -1.2960125 -1.2960125]' has dtype incompatible with int64, please explicitly cast to a compatible dtype first.
  transformed.loc[:, feature_columns] = (values - self.mean) / self.std
/Users/pranav/Projects/Professional/College/DS340W/SETCN/train.py:58: FutureWarning: Setting an item of incompatible dtype is deprecated and will raise in a future error of pandas. Value '[-0.53670406 -0.53670406 -0.53670406 ...  1.8632246   1.8632246
  1.8632246 ]' has dtype incompatible with int64, please explicitly cast to a compatible dtype first.
  transformed.loc[:, feature_columns] = (values - self.mean) / self.std
/Users/pranav/Projects/Professional/College/DS340W/SETCN/train.py:58: FutureWarning: Setting an item of incompatible dtype is deprecated and will raise in a future error of pandas. Value '[-0.3259692 -0.3259692 -0.3259692 ... -0.3259692 -0.3259692 -0.3259692]' has dtype incompatible with int64, please explicitly cast to a compatible dtype first.
  transformed.loc[:, feature_columns] = (values - self.mean) / self.std
/Users/pranav/Projects/Professional/College/DS340W/SETCN/train.py:58: FutureWarning: Setting an item of incompatible dtype is deprecated and will raise in a future error of pandas. Value '[-0.4535049 -0.4535049 -0.4535049 ... -0.4535049 -0.4535049 -0.4535049]' has dtype incompatible with int64, please explicitly cast to a compatible dtype first.
  transformed.loc[:, feature_columns] = (values - self.mean) / self.std
/Users/pranav/Projects/Professional/College/DS340W/SETCN/train.py:58: FutureWarning: Setting an item of incompatible dtype is deprecated and will raise in a future error of pandas. Value '[-1.2960125  -1.2960125  -1.2960125  ...  0.77159756  0.77159756
  0.77159756]' has dtype incompatible with int64, please explicitly cast to a compatible dtype first.
  transformed.loc[:, feature_columns] = (values - self.mean) / self.std
/Users/pranav/Projects/Professional/College/DS340W/SETCN/train.py:58: FutureWarning: Setting an item of incompatible dtype is deprecated and will raise in a future error of pandas. Value '[ 1.8632246   1.8632246   1.8632246  ... -0.53670406 -0.53670406
 -0.53670406]' has dtype incompatible with int64, please explicitly cast to a compatible dtype first.
  transformed.loc[:, feature_columns] = (values - self.mean) / self.std
/Users/pranav/Projects/Professional/College/DS340W/SETCN/train.py:58: FutureWarning: Setting an item of incompatible dtype is deprecated and will raise in a future error of pandas. Value '[ 3.0677755  3.0677755  3.0677755 ... -0.3259692 -0.3259692 -0.3259692]' has dtype incompatible with int64, please explicitly cast to a compatible dtype first.
  transformed.loc[:, feature_columns] = (values - self.mean) / self.std
/Users/pranav/Projects/Professional/College/DS340W/SETCN/train.py:58: FutureWarning: Setting an item of incompatible dtype is deprecated and will raise in a future error of pandas. Value '[-0.4535049 -0.4535049 -0.4535049 ... -0.4535049 -0.4535049 -0.4535049]' has dtype incompatible with int64, please explicitly cast to a compatible dtype first.
  transformed.loc[:, feature_columns] = (values - self.mean) / self.std
/Users/pranav/Projects/Professional/College/DS340W/SETCN/train.py:58: FutureWarning: Setting an item of incompatible dtype is deprecated and will raise in a future error of pandas. Value '[-1.2960125 -1.2960125 -1.2960125 ... -1.2960125 -1.2960125 -1.2960125]' has dtype incompatible with int64, please explicitly cast to a compatible dtype first.
  transformed.loc[:, feature_columns] = (values - self.mean) / self.std
/Users/pranav/Projects/Professional/College/DS340W/SETCN/train.py:58: FutureWarning: Setting an item of incompatible dtype is deprecated and will raise in a future error of pandas. Value '[ 1.8632246   1.8632246   1.8632246  ...  1.8632246  -0.53670406
 -0.53670406]' has dtype incompatible with int64, please explicitly cast to a compatible dtype first.
  transformed.loc[:, feature_columns] = (values - self.mean) / self.std
/Users/pranav/Projects/Professional/College/DS340W/SETCN/train.py:58: FutureWarning: Setting an item of incompatible dtype is deprecated and will raise in a future error of pandas. Value '[-0.3259692 -0.3259692 -0.3259692 ... -0.3259692 -0.3259692 -0.3259692]' has dtype incompatible with int64, please explicitly cast to a compatible dtype first.
  transformed.loc[:, feature_columns] = (values - self.mean) / self.std
/Users/pranav/Projects/Professional/College/DS340W/SETCN/train.py:58: FutureWarning: Setting an item of incompatible dtype is deprecated and will raise in a future error of pandas. Value '[-0.4535049 -0.4535049 -0.4535049 ... -0.4535049 -0.4535049 -0.4535049]' has dtype incompatible with int64, please explicitly cast to a compatible dtype first.
  transformed.loc[:, feature_columns] = (values - self.mean) / self.std
/Users/pranav/Projects/Professional/College/DS340W/SETCN/train.py:58: FutureWarning: Setting an item of incompatible dtype is deprecated and will raise in a future error of pandas. Value '[-1.2960125  -1.2960125  -1.2960125  ...  0.77159756  0.77159756
  0.77159756]' has dtype incompatible with int64, please explicitly cast to a compatible dtype first.
  transformed.loc[:, feature_columns] = (values - self.mean) / self.std
/Users/pranav/Projects/Professional/College/DS340W/SETCN/train.py:58: FutureWarning: Setting an item of incompatible dtype is deprecated and will raise in a future error of pandas. Value '[-0.53670406 -0.53670406 -0.53670406 ... -0.53670406 -0.53670406
 -0.53670406]' has dtype incompatible with int64, please explicitly cast to a compatible dtype first.
  transformed.loc[:, feature_columns] = (values - self.mean) / self.std
/Users/pranav/Projects/Professional/College/DS340W/SETCN/train.py:58: FutureWarning: Setting an item of incompatible dtype is deprecated and will raise in a future error of pandas. Value '[-0.3259692 -0.3259692 -0.3259692 ... -0.3259692 -0.3259692 -0.3259692]' has dtype incompatible with int64, please explicitly cast to a compatible dtype first.
  transformed.loc[:, feature_columns] = (values - self.mean) / self.std
/Users/pranav/Projects/Professional/College/DS340W/SETCN/train.py:58: FutureWarning: Setting an item of incompatible dtype is deprecated and will raise in a future error of pandas. Value '[-0.4535049 -0.4535049 -0.4535049 ... -0.4535049 -0.4535049 -0.4535049]' has dtype incompatible with int64, please explicitly cast to a compatible dtype first.
  transformed.loc[:, feature_columns] = (values - self.mean) / self.std
/Users/pranav/Projects/Professional/College/DS340W/SETCN/train.py:58: FutureWarning: Setting an item of incompatible dtype is deprecated and will raise in a future error of pandas. Value '[-1.2960125 -1.2960125 -1.2960125 ... -1.2960125 -1.2960125 -1.2960125]' has dtype incompatible with int64, please explicitly cast to a compatible dtype first.
  transformed.loc[:, feature_columns] = (values - self.mean) / self.std
/Users/pranav/Projects/Professional/College/DS340W/SETCN/train.py:58: FutureWarning: Setting an item of incompatible dtype is deprecated and will raise in a future error of pandas. Value '[-0.53670406 -0.53670406 -0.53670406 ... -0.53670406 -0.53670406
 -0.53670406]' has dtype incompatible with int64, please explicitly cast to a compatible dtype first.
  transformed.loc[:, feature_columns] = (values - self.mean) / self.std
/Users/pranav/Projects/Professional/College/DS340W/SETCN/train.py:58: FutureWarning: Setting an item of incompatible dtype is deprecated and will raise in a future error of pandas. Value '[-0.3259692 -0.3259692 -0.3259692 ... -0.3259692 -0.3259692 -0.3259692]' has dtype incompatible with int64, please explicitly cast to a compatible dtype first.
  transformed.loc[:, feature_columns] = (values - self.mean) / self.std
/Users/pranav/Projects/Professional/College/DS340W/SETCN/train.py:58: FutureWarning: Setting an item of incompatible dtype is deprecated and will raise in a future error of pandas. Value '[-0.4535049 -0.4535049 -0.4535049 ... -0.4535049 -0.4535049 -0.4535049]' has dtype incompatible with int64, please explicitly cast to a compatible dtype first.
  transformed.loc[:, feature_columns] = (values - self.mean) / self.std
/Users/pranav/Projects/Professional/College/DS340W/SETCN/train.py:58: FutureWarning: Setting an item of incompatible dtype is deprecated and will raise in a future error of pandas. Value '[-1.2960125 -1.2960125 -1.2960125 ... -1.2960125 -1.2960125 -1.2960125]' has dtype incompatible with int64, please explicitly cast to a compatible dtype first.
  transformed.loc[:, feature_columns] = (values - self.mean) / self.std
/Users/pranav/Projects/Professional/College/DS340W/SETCN/train.py:58: FutureWarning: Setting an item of incompatible dtype is deprecated and will raise in a future error of pandas. Value '[-0.53670406 -0.53670406 -0.53670406 ... -0.53670406 -0.53670406
 -0.53670406]' has dtype incompatible with int64, please explicitly cast to a compatible dtype first.
  transformed.loc[:, feature_columns] = (values - self.mean) / self.std
/Users/pranav/Projects/Professional/College/DS340W/SETCN/train.py:58: FutureWarning: Setting an item of incompatible dtype is deprecated and will raise in a future error of pandas. Value '[-0.3259692 -0.3259692 -0.3259692 ... -0.3259692 -0.3259692 -0.3259692]' has dtype incompatible with int64, please explicitly cast to a compatible dtype first.
  transformed.loc[:, feature_columns] = (values - self.mean) / self.std
/Users/pranav/Projects/Professional/College/DS340W/SETCN/train.py:58: FutureWarning: Setting an item of incompatible dtype is deprecated and will raise in a future error of pandas. Value '[-0.4535049 -0.4535049 -0.4535049 ... -0.4535049 -0.4535049 -0.4535049]' has dtype incompatible with int64, please explicitly cast to a compatible dtype first.
  transformed.loc[:, feature_columns] = (values - self.mean) / self.std
/Users/pranav/Projects/Professional/College/DS340W/SETCN/train.py:58: FutureWarning: Setting an item of incompatible dtype is deprecated and will raise in a future error of pandas. Value '[ 0.77159756  0.77159756  0.77159756 ... -1.2960125  -1.2960125
 -1.2960125 ]' has dtype incompatible with int64, please explicitly cast to a compatible dtype first.
  transformed.loc[:, feature_columns] = (values - self.mean) / self.std
/Users/pranav/Projects/Professional/College/DS340W/SETCN/train.py:58: FutureWarning: Setting an item of incompatible dtype is deprecated and will raise in a future error of pandas. Value '[ 1.8632246   1.8632246   1.8632246  ... -0.53670406 -0.53670406
 -0.53670406]' has dtype incompatible with int64, please explicitly cast to a compatible dtype first.
  transformed.loc[:, feature_columns] = (values - self.mean) / self.std
/Users/pranav/Projects/Professional/College/DS340W/SETCN/train.py:58: FutureWarning: Setting an item of incompatible dtype is deprecated and will raise in a future error of pandas. Value '[ 3.0677755  3.0677755  3.0677755 ... -0.3259692 -0.3259692 -0.3259692]' has dtype incompatible with int64, please explicitly cast to a compatible dtype first.
  transformed.loc[:, feature_columns] = (values - self.mean) / self.std
/Users/pranav/Projects/Professional/College/DS340W/SETCN/train.py:58: FutureWarning: Setting an item of incompatible dtype is deprecated and will raise in a future error of pandas. Value '[ 2.2050483  2.2050483  2.2050483 ... -0.4535049 -0.4535049 -0.4535049]' has dtype incompatible with int64, please explicitly cast to a compatible dtype first.
  transformed.loc[:, feature_columns] = (values - self.mean) / self.std
/Users/pranav/Projects/Professional/College/DS340W/SETCN/train.py:58: FutureWarning: Setting an item of incompatible dtype is deprecated and will raise in a future error of pandas. Value '[-1.2960125 -1.2960125 -1.2960125 ... -1.2960125 -1.2960125 -1.2960125]' has dtype incompatible with int64, please explicitly cast to a compatible dtype first.
  transformed.loc[:, feature_columns] = (values - self.mean) / self.std
/Users/pranav/Projects/Professional/College/DS340W/SETCN/train.py:58: FutureWarning: Setting an item of incompatible dtype is deprecated and will raise in a future error of pandas. Value '[ 1.8632246   1.8632246   1.8632246  ... -0.53670406 -0.53670406
 -0.53670406]' has dtype incompatible with int64, please explicitly cast to a compatible dtype first.
  transformed.loc[:, feature_columns] = (values - self.mean) / self.std
/Users/pranav/Projects/Professional/College/DS340W/SETCN/train.py:58: FutureWarning: Setting an item of incompatible dtype is deprecated and will raise in a future error of pandas. Value '[ 3.0677755  3.0677755  3.0677755 ... -0.3259692 -0.3259692 -0.3259692]' has dtype incompatible with int64, please explicitly cast to a compatible dtype first.
  transformed.loc[:, feature_columns] = (values - self.mean) / self.std
/Users/pranav/Projects/Professional/College/DS340W/SETCN/train.py:58: FutureWarning: Setting an item of incompatible dtype is deprecated and will raise in a future error of pandas. Value '[-0.4535049 -0.4535049 -0.4535049 ... -0.4535049 -0.4535049 -0.4535049]' has dtype incompatible with int64, please explicitly cast to a compatible dtype first.
  transformed.loc[:, feature_columns] = (values - self.mean) / self.std
/Users/pranav/Projects/Professional/College/DS340W/SETCN/train.py:58: FutureWarning: Setting an item of incompatible dtype is deprecated and will raise in a future error of pandas. Value '[ 0.77159756  0.77159756  0.77159756 ... -1.2960125  -1.2960125
 -1.2960125 ]' has dtype incompatible with int64, please explicitly cast to a compatible dtype first.
  transformed.loc[:, feature_columns] = (values - self.mean) / self.std
/Users/pranav/Projects/Professional/College/DS340W/SETCN/train.py:58: FutureWarning: Setting an item of incompatible dtype is deprecated and will raise in a future error of pandas. Value '[ 1.8632246   1.8632246   1.8632246  ... -0.53670406 -0.53670406
 -0.53670406]' has dtype incompatible with int64, please explicitly cast to a compatible dtype first.
  transformed.loc[:, feature_columns] = (values - self.mean) / self.std
/Users/pranav/Projects/Professional/College/DS340W/SETCN/train.py:58: FutureWarning: Setting an item of incompatible dtype is deprecated and will raise in a future error of pandas. Value '[ 3.0677755  3.0677755  3.0677755 ... -0.3259692 -0.3259692 -0.3259692]' has dtype incompatible with int64, please explicitly cast to a compatible dtype first.
  transformed.loc[:, feature_columns] = (values - self.mean) / self.std
/Users/pranav/Projects/Professional/College/DS340W/SETCN/train.py:58: FutureWarning: Setting an item of incompatible dtype is deprecated and will raise in a future error of pandas. Value '[ 2.2050483  2.2050483  2.2050483 ... -0.4535049 -0.4535049 -0.4535049]' has dtype incompatible with int64, please explicitly cast to a compatible dtype first.
  transformed.loc[:, feature_columns] = (values - self.mean) / self.std
/Users/pranav/Projects/Professional/College/DS340W/SETCN/train.py:58: FutureWarning: Setting an item of incompatible dtype is deprecated and will raise in a future error of pandas. Value '[0.77159756 0.77159756 0.77159756 ... 0.77159756 0.77159756 0.77159756]' has dtype incompatible with int64, please explicitly cast to a compatible dtype first.
  transformed.loc[:, feature_columns] = (values - self.mean) / self.std
/Users/pranav/Projects/Professional/College/DS340W/SETCN/train.py:58: FutureWarning: Setting an item of incompatible dtype is deprecated and will raise in a future error of pandas. Value '[ 1.8632246   1.8632246   1.8632246  ... -0.53670406 -0.53670406
 -0.53670406]' has dtype incompatible with int64, please explicitly cast to a compatible dtype first.
  transformed.loc[:, feature_columns] = (values - self.mean) / self.std
/Users/pranav/Projects/Professional/College/DS340W/SETCN/train.py:58: FutureWarning: Setting an item of incompatible dtype is deprecated and will raise in a future error of pandas. Value '[ 3.0677755  3.0677755  3.0677755 ... -0.3259692 -0.3259692 -0.3259692]' has dtype incompatible with int64, please explicitly cast to a compatible dtype first.
  transformed.loc[:, feature_columns] = (values - self.mean) / self.std
/Users/pranav/Projects/Professional/College/DS340W/SETCN/train.py:58: FutureWarning: Setting an item of incompatible dtype is deprecated and will raise in a future error of pandas. Value '[ 2.2050483  2.2050483  2.2050483 ...  2.2050483 -0.4535049 -0.4535049]' has dtype incompatible with int64, please explicitly cast to a compatible dtype first.
  transformed.loc[:, feature_columns] = (values - self.mean) / self.std
/Users/pranav/Projects/Professional/College/DS340W/SETCN/train.py:58: FutureWarning: Setting an item of incompatible dtype is deprecated and will raise in a future error of pandas. Value '[ 0.77159756  0.77159756  0.77159756 ... -1.2960125  -1.2960125
 -1.2960125 ]' has dtype incompatible with int64, please explicitly cast to a compatible dtype first.
  transformed.loc[:, feature_columns] = (values - self.mean) / self.std
/Users/pranav/Projects/Professional/College/DS340W/SETCN/train.py:58: FutureWarning: Setting an item of incompatible dtype is deprecated and will raise in a future error of pandas. Value '[ 1.8632246   1.8632246   1.8632246  ...  1.8632246   1.8632246
 -0.53670406]' has dtype incompatible with int64, please explicitly cast to a compatible dtype first.
  transformed.loc[:, feature_columns] = (values - self.mean) / self.std
/Users/pranav/Projects/Professional/College/DS340W/SETCN/train.py:58: FutureWarning: Setting an item of incompatible dtype is deprecated and will raise in a future error of pandas. Value '[ 3.0677755  3.0677755  3.0677755 ... -0.3259692 -0.3259692 -0.3259692]' has dtype incompatible with int64, please explicitly cast to a compatible dtype first.
  transformed.loc[:, feature_columns] = (values - self.mean) / self.std
/Users/pranav/Projects/Professional/College/DS340W/SETCN/train.py:58: FutureWarning: Setting an item of incompatible dtype is deprecated and will raise in a future error of pandas. Value '[-0.4535049 -0.4535049 -0.4535049 ... -0.4535049 -0.4535049 -0.4535049]' has dtype incompatible with int64, please explicitly cast to a compatible dtype first.
  transformed.loc[:, feature_columns] = (values - self.mean) / self.std
/Users/pranav/Projects/Professional/College/DS340W/SETCN/train.py:58: FutureWarning: Setting an item of incompatible dtype is deprecated and will raise in a future error of pandas. Value '[-1.2960125  -1.2960125  -1.2960125  ...  0.77159756  0.77159756
  0.77159756]' has dtype incompatible with int64, please explicitly cast to a compatible dtype first.
  transformed.loc[:, feature_columns] = (values - self.mean) / self.std
/Users/pranav/Projects/Professional/College/DS340W/SETCN/train.py:58: FutureWarning: Setting an item of incompatible dtype is deprecated and will raise in a future error of pandas. Value '[-0.53670406 -0.53670406 -0.53670406 ... -0.53670406 -0.53670406
 -0.53670406]' has dtype incompatible with int64, please explicitly cast to a compatible dtype first.
  transformed.loc[:, feature_columns] = (values - self.mean) / self.std
/Users/pranav/Projects/Professional/College/DS340W/SETCN/train.py:58: FutureWarning: Setting an item of incompatible dtype is deprecated and will raise in a future error of pandas. Value '[-0.3259692 -0.3259692 -0.3259692 ... -0.3259692 -0.3259692 -0.3259692]' has dtype incompatible with int64, please explicitly cast to a compatible dtype first.
  transformed.loc[:, feature_columns] = (values - self.mean) / self.std
/Users/pranav/Projects/Professional/College/DS340W/SETCN/train.py:58: FutureWarning: Setting an item of incompatible dtype is deprecated and will raise in a future error of pandas. Value '[-0.4535049 -0.4535049 -0.4535049 ... -0.4535049 -0.4535049  2.2050483]' has dtype incompatible with int64, please explicitly cast to a compatible dtype first.
  transformed.loc[:, feature_columns] = (values - self.mean) / self.std
/Users/pranav/Projects/Professional/College/DS340W/SETCN/train.py:58: FutureWarning: Setting an item of incompatible dtype is deprecated and will raise in a future error of pandas. Value '[-1.2960125 -1.2960125 -1.2960125 ... -1.2960125 -1.2960125 -1.2960125]' has dtype incompatible with int64, please explicitly cast to a compatible dtype first.
  transformed.loc[:, feature_columns] = (values - self.mean) / self.std
/Users/pranav/Projects/Professional/College/DS340W/SETCN/train.py:58: FutureWarning: Setting an item of incompatible dtype is deprecated and will raise in a future error of pandas. Value '[-0.53670406 -0.53670406 -0.53670406 ... -0.53670406  1.8632246
  1.8632246 ]' has dtype incompatible with int64, please explicitly cast to a compatible dtype first.
  transformed.loc[:, feature_columns] = (values - self.mean) / self.std
/Users/pranav/Projects/Professional/College/DS340W/SETCN/train.py:58: FutureWarning: Setting an item of incompatible dtype is deprecated and will raise in a future error of pandas. Value '[-0.3259692 -0.3259692 -0.3259692 ... -0.3259692 -0.3259692 -0.3259692]' has dtype incompatible with int64, please explicitly cast to a compatible dtype first.
  transformed.loc[:, feature_columns] = (values - self.mean) / self.std
/Users/pranav/Projects/Professional/College/DS340W/SETCN/train.py:58: FutureWarning: Setting an item of incompatible dtype is deprecated and will raise in a future error of pandas. Value '[ 2.2050483  2.2050483  2.2050483 ... -0.4535049 -0.4535049 -0.4535049]' has dtype incompatible with int64, please explicitly cast to a compatible dtype first.
  transformed.loc[:, feature_columns] = (values - self.mean) / self.std
/Users/pranav/Projects/Professional/College/DS340W/SETCN/train.py:58: FutureWarning: Setting an item of incompatible dtype is deprecated and will raise in a future error of pandas. Value '[-1.2960125 -1.2960125 -1.2960125 ... -1.2960125 -1.2960125 -1.2960125]' has dtype incompatible with int64, please explicitly cast to a compatible dtype first.
  transformed.loc[:, feature_columns] = (values - self.mean) / self.std
/Users/pranav/Projects/Professional/College/DS340W/SETCN/train.py:58: FutureWarning: Setting an item of incompatible dtype is deprecated and will raise in a future error of pandas. Value '[ 1.8632246   1.8632246   1.8632246  ... -0.53670406 -0.53670406
 -0.53670406]' has dtype incompatible with int64, please explicitly cast to a compatible dtype first.
  transformed.loc[:, feature_columns] = (values - self.mean) / self.std
/Users/pranav/Projects/Professional/College/DS340W/SETCN/train.py:58: FutureWarning: Setting an item of incompatible dtype is deprecated and will raise in a future error of pandas. Value '[ 3.0677755  3.0677755  3.0677755 ... -0.3259692 -0.3259692 -0.3259692]' has dtype incompatible with int64, please explicitly cast to a compatible dtype first.
  transformed.loc[:, feature_columns] = (values - self.mean) / self.std
/Users/pranav/Projects/Professional/College/DS340W/SETCN/train.py:58: FutureWarning: Setting an item of incompatible dtype is deprecated and will raise in a future error of pandas. Value '[-0.4535049 -0.4535049 -0.4535049 ... -0.4535049 -0.4535049 -0.4535049]' has dtype incompatible with int64, please explicitly cast to a compatible dtype first.
  transformed.loc[:, feature_columns] = (values - self.mean) / self.std
/Users/pranav/Projects/Professional/College/DS340W/SETCN/train.py:58: FutureWarning: Setting an item of incompatible dtype is deprecated and will raise in a future error of pandas. Value '[-1.2960125 -1.2960125 -1.2960125 ... -1.2960125 -1.2960125 -1.2960125]' has dtype incompatible with int64, please explicitly cast to a compatible dtype first.
  transformed.loc[:, feature_columns] = (values - self.mean) / self.std
/Users/pranav/Projects/Professional/College/DS340W/SETCN/train.py:58: FutureWarning: Setting an item of incompatible dtype is deprecated and will raise in a future error of pandas. Value '[-0.53670406 -0.53670406 -0.53670406 ... -0.53670406 -0.53670406
 -0.53670406]' has dtype incompatible with int64, please explicitly cast to a compatible dtype first.
  transformed.loc[:, feature_columns] = (values - self.mean) / self.std
/Users/pranav/Projects/Professional/College/DS340W/SETCN/train.py:58: FutureWarning: Setting an item of incompatible dtype is deprecated and will raise in a future error of pandas. Value '[-0.3259692 -0.3259692 -0.3259692 ... -0.3259692 -0.3259692 -0.3259692]' has dtype incompatible with int64, please explicitly cast to a compatible dtype first.
  transformed.loc[:, feature_columns] = (values - self.mean) / self.std
/Users/pranav/Projects/Professional/College/DS340W/SETCN/train.py:58: FutureWarning: Setting an item of incompatible dtype is deprecated and will raise in a future error of pandas. Value '[2.2050483 2.2050483 2.2050483 ... 2.2050483 2.2050483 2.2050483]' has dtype incompatible with int64, please explicitly cast to a compatible dtype first.
  transformed.loc[:, feature_columns] = (values - self.mean) / self.std
/Users/pranav/Projects/Professional/College/DS340W/SETCN/train.py:58: FutureWarning: Setting an item of incompatible dtype is deprecated and will raise in a future error of pandas. Value '[ 0.77159756  0.77159756  0.77159756 ... -1.2960125  -1.2960125
 -1.2960125 ]' has dtype incompatible with int64, please explicitly cast to a compatible dtype first.
  transformed.loc[:, feature_columns] = (values - self.mean) / self.std
/Users/pranav/Projects/Professional/College/DS340W/SETCN/train.py:58: FutureWarning: Setting an item of incompatible dtype is deprecated and will raise in a future error of pandas. Value '[1.8632246 1.8632246 1.8632246 ... 1.8632246 1.8632246 1.8632246]' has dtype incompatible with int64, please explicitly cast to a compatible dtype first.
  transformed.loc[:, feature_columns] = (values - self.mean) / self.std
/Users/pranav/Projects/Professional/College/DS340W/SETCN/train.py:58: FutureWarning: Setting an item of incompatible dtype is deprecated and will raise in a future error of pandas. Value '[ 3.0677755  3.0677755  3.0677755 ... -0.3259692 -0.3259692 -0.3259692]' has dtype incompatible with int64, please explicitly cast to a compatible dtype first.
  transformed.loc[:, feature_columns] = (values - self.mean) / self.std
/Users/pranav/Projects/Professional/College/DS340W/SETCN/train.py:58: FutureWarning: Setting an item of incompatible dtype is deprecated and will raise in a future error of pandas. Value '[ 2.2050483  2.2050483  2.2050483 ... -0.4535049 -0.4535049 -0.4535049]' has dtype incompatible with int64, please explicitly cast to a compatible dtype first.
  transformed.loc[:, feature_columns] = (values - self.mean) / self.std
/Users/pranav/Projects/Professional/College/DS340W/SETCN/train.py:58: FutureWarning: Setting an item of incompatible dtype is deprecated and will raise in a future error of pandas. Value '[0.77159756 0.77159756 0.77159756 ... 0.77159756 0.77159756 0.77159756]' has dtype incompatible with int64, please explicitly cast to a compatible dtype first.
  transformed.loc[:, feature_columns] = (values - self.mean) / self.std
/Users/pranav/Projects/Professional/College/DS340W/SETCN/train.py:58: FutureWarning: Setting an item of incompatible dtype is deprecated and will raise in a future error of pandas. Value '[ 1.8632246   1.8632246   1.8632246  ... -0.53670406  1.8632246
  1.8632246 ]' has dtype incompatible with int64, please explicitly cast to a compatible dtype first.
  transformed.loc[:, feature_columns] = (values - self.mean) / self.std
/Users/pranav/Projects/Professional/College/DS340W/SETCN/train.py:58: FutureWarning: Setting an item of incompatible dtype is deprecated and will raise in a future error of pandas. Value '[ 3.0677755  3.0677755  3.0677755 ... -0.3259692 -0.3259692 -0.3259692]' has dtype incompatible with int64, please explicitly cast to a compatible dtype first.
  transformed.loc[:, feature_columns] = (values - self.mean) / self.std
/Users/pranav/Projects/Professional/College/DS340W/SETCN/train.py:58: FutureWarning: Setting an item of incompatible dtype is deprecated and will raise in a future error of pandas. Value '[2.2050483 2.2050483 2.2050483 ... 2.2050483 2.2050483 2.2050483]' has dtype incompatible with int64, please explicitly cast to a compatible dtype first.
  transformed.loc[:, feature_columns] = (values - self.mean) / self.std
/Users/pranav/Projects/Professional/College/DS340W/SETCN/train.py:58: FutureWarning: Setting an item of incompatible dtype is deprecated and will raise in a future error of pandas. Value '[ 0.77159756  0.77159756  0.77159756 ... -1.2960125  -1.2960125
 -1.2960125 ]' has dtype incompatible with int64, please explicitly cast to a compatible dtype first.
  transformed.loc[:, feature_columns] = (values - self.mean) / self.std
/Users/pranav/Projects/Professional/College/DS340W/SETCN/train.py:58: FutureWarning: Setting an item of incompatible dtype is deprecated and will raise in a future error of pandas. Value '[1.8632246 1.8632246 1.8632246 ... 1.8632246 1.8632246 1.8632246]' has dtype incompatible with int64, please explicitly cast to a compatible dtype first.
  transformed.loc[:, feature_columns] = (values - self.mean) / self.std
/Users/pranav/Projects/Professional/College/DS340W/SETCN/train.py:58: FutureWarning: Setting an item of incompatible dtype is deprecated and will raise in a future error of pandas. Value '[ 3.0677755  3.0677755  3.0677755 ... -0.3259692 -0.3259692 -0.3259692]' has dtype incompatible with int64, please explicitly cast to a compatible dtype first.
  transformed.loc[:, feature_columns] = (values - self.mean) / self.std
/Users/pranav/Projects/Professional/College/DS340W/SETCN/train.py:58: FutureWarning: Setting an item of incompatible dtype is deprecated and will raise in a future error of pandas. Value '[2.2050483 2.2050483 2.2050483 ... 2.2050483 2.2050483 2.2050483]' has dtype incompatible with int64, please explicitly cast to a compatible dtype first.
  transformed.loc[:, feature_columns] = (values - self.mean) / self.std
/Users/pranav/Projects/Professional/College/DS340W/SETCN/train.py:58: FutureWarning: Setting an item of incompatible dtype is deprecated and will raise in a future error of pandas. Value '[ 0.77159756  0.77159756  0.77159756 ... -1.2960125  -1.2960125
 -1.2960125 ]' has dtype incompatible with int64, please explicitly cast to a compatible dtype first.
  transformed.loc[:, feature_columns] = (values - self.mean) / self.std
/Users/pranav/Projects/Professional/College/DS340W/SETCN/train.py:58: FutureWarning: Setting an item of incompatible dtype is deprecated and will raise in a future error of pandas. Value '[1.8632246 1.8632246 1.8632246 ... 1.8632246 1.8632246 1.8632246]' has dtype incompatible with int64, please explicitly cast to a compatible dtype first.
  transformed.loc[:, feature_columns] = (values - self.mean) / self.std
/Users/pranav/Projects/Professional/College/DS340W/SETCN/train.py:58: FutureWarning: Setting an item of incompatible dtype is deprecated and will raise in a future error of pandas. Value '[ 3.0677755  3.0677755 -0.3259692 ...  3.0677755  3.0677755  3.0677755]' has dtype incompatible with int64, please explicitly cast to a compatible dtype first.
  transformed.loc[:, feature_columns] = (values - self.mean) / self.std
/Users/pranav/Projects/Professional/College/DS340W/SETCN/train.py:58: FutureWarning: Setting an item of incompatible dtype is deprecated and will raise in a future error of pandas. Value '[-0.4535049 -0.4535049 -0.4535049 ... -0.4535049 -0.4535049 -0.4535049]' has dtype incompatible with int64, please explicitly cast to a compatible dtype first.
  transformed.loc[:, feature_columns] = (values - self.mean) / self.std
/Users/pranav/Projects/Professional/College/DS340W/SETCN/train.py:58: FutureWarning: Setting an item of incompatible dtype is deprecated and will raise in a future error of pandas. Value '[-1.2960125 -1.2960125 -1.2960125 ... -1.2960125 -1.2960125 -1.2960125]' has dtype incompatible with int64, please explicitly cast to a compatible dtype first.
  transformed.loc[:, feature_columns] = (values - self.mean) / self.std
/Users/pranav/Projects/Professional/College/DS340W/SETCN/train.py:58: FutureWarning: Setting an item of incompatible dtype is deprecated and will raise in a future error of pandas. Value '[-0.53670406 -0.53670406 -0.53670406 ... -0.53670406 -0.53670406
 -0.53670406]' has dtype incompatible with int64, please explicitly cast to a compatible dtype first.
  transformed.loc[:, feature_columns] = (values - self.mean) / self.std
/Users/pranav/Projects/Professional/College/DS340W/SETCN/train.py:58: FutureWarning: Setting an item of incompatible dtype is deprecated and will raise in a future error of pandas. Value '[-0.3259692 -0.3259692 -0.3259692 ... -0.3259692 -0.3259692 -0.3259692]' has dtype incompatible with int64, please explicitly cast to a compatible dtype first.
  transformed.loc[:, feature_columns] = (values - self.mean) / self.std
/Users/pranav/Projects/Professional/College/DS340W/SETCN/train.py:58: FutureWarning: Setting an item of incompatible dtype is deprecated and will raise in a future error of pandas. Value '[ 2.2050483  2.2050483  2.2050483 ... -0.4535049 -0.4535049 -0.4535049]' has dtype incompatible with int64, please explicitly cast to a compatible dtype first.
  transformed.loc[:, feature_columns] = (values - self.mean) / self.std
/Users/pranav/Projects/Professional/College/DS340W/SETCN/train.py:58: FutureWarning: Setting an item of incompatible dtype is deprecated and will raise in a future error of pandas. Value '[0.77159756 0.77159756 0.77159756 ... 0.77159756 0.77159756 0.77159756]' has dtype incompatible with int64, please explicitly cast to a compatible dtype first.
  transformed.loc[:, feature_columns] = (values - self.mean) / self.std
/Users/pranav/Projects/Professional/College/DS340W/SETCN/train.py:58: FutureWarning: Setting an item of incompatible dtype is deprecated and will raise in a future error of pandas. Value '[ 1.8632246   1.8632246   1.8632246  ... -0.53670406 -0.53670406
 -0.53670406]' has dtype incompatible with int64, please explicitly cast to a compatible dtype first.
  transformed.loc[:, feature_columns] = (values - self.mean) / self.std
/Users/pranav/Projects/Professional/College/DS340W/SETCN/train.py:58: FutureWarning: Setting an item of incompatible dtype is deprecated and will raise in a future error of pandas. Value '[ 3.0677755  3.0677755  3.0677755 ... -0.3259692 -0.3259692 -0.3259692]' has dtype incompatible with int64, please explicitly cast to a compatible dtype first.
  transformed.loc[:, feature_columns] = (values - self.mean) / self.std
/Users/pranav/Projects/Professional/College/DS340W/SETCN/train.py:58: FutureWarning: Setting an item of incompatible dtype is deprecated and will raise in a future error of pandas. Value '[-0.4535049 -0.4535049 -0.4535049 ... -0.4535049 -0.4535049 -0.4535049]' has dtype incompatible with int64, please explicitly cast to a compatible dtype first.
  transformed.loc[:, feature_columns] = (values - self.mean) / self.std
/Users/pranav/Projects/Professional/College/DS340W/SETCN/train.py:58: FutureWarning: Setting an item of incompatible dtype is deprecated and will raise in a future error of pandas. Value '[-1.2960125  -1.2960125  -1.2960125  ...  0.77159756  0.77159756
  0.77159756]' has dtype incompatible with int64, please explicitly cast to a compatible dtype first.
  transformed.loc[:, feature_columns] = (values - self.mean) / self.std
/Users/pranav/Projects/Professional/College/DS340W/SETCN/train.py:58: FutureWarning: Setting an item of incompatible dtype is deprecated and will raise in a future error of pandas. Value '[-0.53670406 -0.53670406  1.8632246  ... -0.53670406 -0.53670406
 -0.53670406]' has dtype incompatible with int64, please explicitly cast to a compatible dtype first.
  transformed.loc[:, feature_columns] = (values - self.mean) / self.std
/Users/pranav/Projects/Professional/College/DS340W/SETCN/train.py:58: FutureWarning: Setting an item of incompatible dtype is deprecated and will raise in a future error of pandas. Value '[-0.3259692 -0.3259692 -0.3259692 ... -0.3259692 -0.3259692 -0.3259692]' has dtype incompatible with int64, please explicitly cast to a compatible dtype first.
  transformed.loc[:, feature_columns] = (values - self.mean) / self.std
/Users/pranav/Projects/Professional/College/DS340W/SETCN/train.py:58: FutureWarning: Setting an item of incompatible dtype is deprecated and will raise in a future error of pandas. Value '[-0.4535049 -0.4535049 -0.4535049 ... -0.4535049 -0.4535049 -0.4535049]' has dtype incompatible with int64, please explicitly cast to a compatible dtype first.
  transformed.loc[:, feature_columns] = (values - self.mean) / self.std
/Users/pranav/Projects/Professional/College/DS340W/SETCN/train.py:58: FutureWarning: Setting an item of incompatible dtype is deprecated and will raise in a future error of pandas. Value '[ 0.77159756  0.77159756  0.77159756 ... -1.2960125  -1.2960125
 -1.2960125 ]' has dtype incompatible with int64, please explicitly cast to a compatible dtype first.
  transformed.loc[:, feature_columns] = (values - self.mean) / self.std
/Users/pranav/Projects/Professional/College/DS340W/SETCN/train.py:58: FutureWarning: Setting an item of incompatible dtype is deprecated and will raise in a future error of pandas. Value '[ 1.8632246   1.8632246   1.8632246  ... -0.53670406 -0.53670406
 -0.53670406]' has dtype incompatible with int64, please explicitly cast to a compatible dtype first.
  transformed.loc[:, feature_columns] = (values - self.mean) / self.std
/Users/pranav/Projects/Professional/College/DS340W/SETCN/train.py:58: FutureWarning: Setting an item of incompatible dtype is deprecated and will raise in a future error of pandas. Value '[ 3.0677755  3.0677755  3.0677755 ... -0.3259692 -0.3259692 -0.3259692]' has dtype incompatible with int64, please explicitly cast to a compatible dtype first.
  transformed.loc[:, feature_columns] = (values - self.mean) / self.std
/Users/pranav/Projects/Professional/College/DS340W/SETCN/train.py:58: FutureWarning: Setting an item of incompatible dtype is deprecated and will raise in a future error of pandas. Value '[-0.4535049 -0.4535049 -0.4535049 ... -0.4535049 -0.4535049 -0.4535049]' has dtype incompatible with int64, please explicitly cast to a compatible dtype first.
  transformed.loc[:, feature_columns] = (values - self.mean) / self.std
/Users/pranav/Projects/Professional/College/DS340W/SETCN/train.py:58: FutureWarning: Setting an item of incompatible dtype is deprecated and will raise in a future error of pandas. Value '[-1.2960125 -1.2960125 -1.2960125 ... -1.2960125 -1.2960125 -1.2960125]' has dtype incompatible with int64, please explicitly cast to a compatible dtype first.
  transformed.loc[:, feature_columns] = (values - self.mean) / self.std
/Users/pranav/Projects/Professional/College/DS340W/SETCN/train.py:58: FutureWarning: Setting an item of incompatible dtype is deprecated and will raise in a future error of pandas. Value '[ 1.8632246   1.8632246   1.8632246  ... -0.53670406 -0.53670406
 -0.53670406]' has dtype incompatible with int64, please explicitly cast to a compatible dtype first.
  transformed.loc[:, feature_columns] = (values - self.mean) / self.std
/Users/pranav/Projects/Professional/College/DS340W/SETCN/train.py:58: FutureWarning: Setting an item of incompatible dtype is deprecated and will raise in a future error of pandas. Value '[-0.3259692 -0.3259692 -0.3259692 ... -0.3259692 -0.3259692 -0.3259692]' has dtype incompatible with int64, please explicitly cast to a compatible dtype first.
  transformed.loc[:, feature_columns] = (values - self.mean) / self.std
/Users/pranav/Projects/Professional/College/DS340W/SETCN/train.py:58: FutureWarning: Setting an item of incompatible dtype is deprecated and will raise in a future error of pandas. Value '[ 2.2050483  2.2050483  2.2050483 ... -0.4535049 -0.4535049 -0.4535049]' has dtype incompatible with int64, please explicitly cast to a compatible dtype first.
  transformed.loc[:, feature_columns] = (values - self.mean) / self.std
/Users/pranav/Projects/Professional/College/DS340W/SETCN/train.py:58: FutureWarning: Setting an item of incompatible dtype is deprecated and will raise in a future error of pandas. Value '[ 0.77159756  0.77159756  0.77159756 ... -1.2960125  -1.2960125
 -1.2960125 ]' has dtype incompatible with int64, please explicitly cast to a compatible dtype first.
  transformed.loc[:, feature_columns] = (values - self.mean) / self.std
/Users/pranav/Projects/Professional/College/DS340W/SETCN/train.py:58: FutureWarning: Setting an item of incompatible dtype is deprecated and will raise in a future error of pandas. Value '[ 1.8632246   1.8632246   1.8632246  ... -0.53670406 -0.53670406
 -0.53670406]' has dtype incompatible with int64, please explicitly cast to a compatible dtype first.
  transformed.loc[:, feature_columns] = (values - self.mean) / self.std
/Users/pranav/Projects/Professional/College/DS340W/SETCN/train.py:58: FutureWarning: Setting an item of incompatible dtype is deprecated and will raise in a future error of pandas. Value '[ 3.0677755  3.0677755  3.0677755 ... -0.3259692 -0.3259692 -0.3259692]' has dtype incompatible with int64, please explicitly cast to a compatible dtype first.
  transformed.loc[:, feature_columns] = (values - self.mean) / self.std
/Users/pranav/Projects/Professional/College/DS340W/SETCN/train.py:58: FutureWarning: Setting an item of incompatible dtype is deprecated and will raise in a future error of pandas. Value '[-0.4535049 -0.4535049 -0.4535049 ... -0.4535049 -0.4535049 -0.4535049]' has dtype incompatible with int64, please explicitly cast to a compatible dtype first.
  transformed.loc[:, feature_columns] = (values - self.mean) / self.std
/Users/pranav/Projects/Professional/College/DS340W/SETCN/train.py:58: FutureWarning: Setting an item of incompatible dtype is deprecated and will raise in a future error of pandas. Value '[-1.2960125 -1.2960125 -1.2960125 ... -1.2960125 -1.2960125 -1.2960125]' has dtype incompatible with int64, please explicitly cast to a compatible dtype first.
  transformed.loc[:, feature_columns] = (values - self.mean) / self.std
/Users/pranav/Projects/Professional/College/DS340W/SETCN/train.py:58: FutureWarning: Setting an item of incompatible dtype is deprecated and will raise in a future error of pandas. Value '[ 1.8632246   1.8632246   1.8632246  ... -0.53670406 -0.53670406
 -0.53670406]' has dtype incompatible with int64, please explicitly cast to a compatible dtype first.
  transformed.loc[:, feature_columns] = (values - self.mean) / self.std
/Users/pranav/Projects/Professional/College/DS340W/SETCN/train.py:58: FutureWarning: Setting an item of incompatible dtype is deprecated and will raise in a future error of pandas. Value '[-0.3259692 -0.3259692 -0.3259692 ... -0.3259692 -0.3259692 -0.3259692]' has dtype incompatible with int64, please explicitly cast to a compatible dtype first.
  transformed.loc[:, feature_columns] = (values - self.mean) / self.std
/Users/pranav/Projects/Professional/College/DS340W/SETCN/train.py:58: FutureWarning: Setting an item of incompatible dtype is deprecated and will raise in a future error of pandas. Value '[-0.4535049 -0.4535049 -0.4535049 ...  2.2050483  2.2050483  2.2050483]' has dtype incompatible with int64, please explicitly cast to a compatible dtype first.
  transformed.loc[:, feature_columns] = (values - self.mean) / self.std
/Users/pranav/Projects/Professional/College/DS340W/SETCN/train.py:58: FutureWarning: Setting an item of incompatible dtype is deprecated and will raise in a future error of pandas. Value '[-1.2960125 -1.2960125 -1.2960125 ... -1.2960125 -1.2960125 -1.2960125]' has dtype incompatible with int64, please explicitly cast to a compatible dtype first.
  transformed.loc[:, feature_columns] = (values - self.mean) / self.std
/Users/pranav/Projects/Professional/College/DS340W/SETCN/train.py:58: FutureWarning: Setting an item of incompatible dtype is deprecated and will raise in a future error of pandas. Value '[-0.53670406 -0.53670406 -0.53670406 ...  1.8632246   1.8632246
  1.8632246 ]' has dtype incompatible with int64, please explicitly cast to a compatible dtype first.
  transformed.loc[:, feature_columns] = (values - self.mean) / self.std
/Users/pranav/Projects/Professional/College/DS340W/SETCN/train.py:58: FutureWarning: Setting an item of incompatible dtype is deprecated and will raise in a future error of pandas. Value '[-0.3259692 -0.3259692 -0.3259692 ... -0.3259692 -0.3259692 -0.3259692]' has dtype incompatible with int64, please explicitly cast to a compatible dtype first.
  transformed.loc[:, feature_columns] = (values - self.mean) / self.std
/Users/pranav/Projects/Professional/College/DS340W/SETCN/train.py:58: FutureWarning: Setting an item of incompatible dtype is deprecated and will raise in a future error of pandas. Value '[-0.4535049 -0.4535049 -0.4535049 ...  2.2050483  2.2050483  2.2050483]' has dtype incompatible with int64, please explicitly cast to a compatible dtype first.
  transformed.loc[:, feature_columns] = (values - self.mean) / self.std
/Users/pranav/Projects/Professional/College/DS340W/SETCN/train.py:58: FutureWarning: Setting an item of incompatible dtype is deprecated and will raise in a future error of pandas. Value '[-1.2960125 -1.2960125 -1.2960125 ... -1.2960125 -1.2960125 -1.2960125]' has dtype incompatible with int64, please explicitly cast to a compatible dtype first.
  transformed.loc[:, feature_columns] = (values - self.mean) / self.std
/Users/pranav/Projects/Professional/College/DS340W/SETCN/train.py:58: FutureWarning: Setting an item of incompatible dtype is deprecated and will raise in a future error of pandas. Value '[-0.53670406 -0.53670406 -0.53670406 ...  1.8632246   1.8632246
  1.8632246 ]' has dtype incompatible with int64, please explicitly cast to a compatible dtype first.
  transformed.loc[:, feature_columns] = (values - self.mean) / self.std
/Users/pranav/Projects/Professional/College/DS340W/SETCN/train.py:58: FutureWarning: Setting an item of incompatible dtype is deprecated and will raise in a future error of pandas. Value '[-0.3259692 -0.3259692 -0.3259692 ... -0.3259692 -0.3259692 -0.3259692]' has dtype incompatible with int64, please explicitly cast to a compatible dtype first.
  transformed.loc[:, feature_columns] = (values - self.mean) / self.std
/Users/pranav/Projects/Professional/College/DS340W/SETCN/train.py:58: FutureWarning: Setting an item of incompatible dtype is deprecated and will raise in a future error of pandas. Value '[-0.4535049 -0.4535049 -0.4535049 ... -0.4535049 -0.4535049 -0.4535049]' has dtype incompatible with int64, please explicitly cast to a compatible dtype first.
  transformed.loc[:, feature_columns] = (values - self.mean) / self.std
/Users/pranav/Projects/Professional/College/DS340W/SETCN/train.py:58: FutureWarning: Setting an item of incompatible dtype is deprecated and will raise in a future error of pandas. Value '[-1.2960125 -1.2960125 -1.2960125 ... -1.2960125 -1.2960125 -1.2960125]' has dtype incompatible with int64, please explicitly cast to a compatible dtype first.
  transformed.loc[:, feature_columns] = (values - self.mean) / self.std
/Users/pranav/Projects/Professional/College/DS340W/SETCN/train.py:58: FutureWarning: Setting an item of incompatible dtype is deprecated and will raise in a future error of pandas. Value '[-0.53670406 -0.53670406 -0.53670406 ...  1.8632246   1.8632246
  1.8632246 ]' has dtype incompatible with int64, please explicitly cast to a compatible dtype first.
  transformed.loc[:, feature_columns] = (values - self.mean) / self.std
/Users/pranav/Projects/Professional/College/DS340W/SETCN/train.py:58: FutureWarning: Setting an item of incompatible dtype is deprecated and will raise in a future error of pandas. Value '[-0.3259692 -0.3259692 -0.3259692 ... -0.3259692 -0.3259692 -0.3259692]' has dtype incompatible with int64, please explicitly cast to a compatible dtype first.
  transformed.loc[:, feature_columns] = (values - self.mean) / self.std
/Users/pranav/Projects/Professional/College/DS340W/SETCN/train.py:58: FutureWarning: Setting an item of incompatible dtype is deprecated and will raise in a future error of pandas. Value '[-0.4535049 -0.4535049 -0.4535049 ... -0.4535049 -0.4535049 -0.4535049]' has dtype incompatible with int64, please explicitly cast to a compatible dtype first.
  transformed.loc[:, feature_columns] = (values - self.mean) / self.std
/Users/pranav/Projects/Professional/College/DS340W/SETCN/train.py:58: FutureWarning: Setting an item of incompatible dtype is deprecated and will raise in a future error of pandas. Value '[ 0.77159756  0.77159756  0.77159756 ... -1.2960125  -1.2960125
 -1.2960125 ]' has dtype incompatible with int64, please explicitly cast to a compatible dtype first.
  transformed.loc[:, feature_columns] = (values - self.mean) / self.std
/Users/pranav/Projects/Professional/College/DS340W/SETCN/train.py:58: FutureWarning: Setting an item of incompatible dtype is deprecated and will raise in a future error of pandas. Value '[1.8632246 1.8632246 1.8632246 ... 1.8632246 1.8632246 1.8632246]' has dtype incompatible with int64, please explicitly cast to a compatible dtype first.
  transformed.loc[:, feature_columns] = (values - self.mean) / self.std
/Users/pranav/Projects/Professional/College/DS340W/SETCN/train.py:58: FutureWarning: Setting an item of incompatible dtype is deprecated and will raise in a future error of pandas. Value '[-0.3259692 -0.3259692 -0.3259692 ... -0.3259692 -0.3259692 -0.3259692]' has dtype incompatible with int64, please explicitly cast to a compatible dtype first.
  transformed.loc[:, feature_columns] = (values - self.mean) / self.std
/Users/pranav/Projects/Professional/College/DS340W/SETCN/train.py:58: FutureWarning: Setting an item of incompatible dtype is deprecated and will raise in a future error of pandas. Value '[-0.4535049 -0.4535049 -0.4535049 ... -0.4535049 -0.4535049 -0.4535049]' has dtype incompatible with int64, please explicitly cast to a compatible dtype first.
  transformed.loc[:, feature_columns] = (values - self.mean) / self.std
/Users/pranav/Projects/Professional/College/DS340W/SETCN/train.py:58: FutureWarning: Setting an item of incompatible dtype is deprecated and will raise in a future error of pandas. Value '[-1.2960125  -1.2960125  -1.2960125  ...  0.77159756  0.77159756
  0.77159756]' has dtype incompatible with int64, please explicitly cast to a compatible dtype first.
  transformed.loc[:, feature_columns] = (values - self.mean) / self.std
/Users/pranav/Projects/Professional/College/DS340W/SETCN/train.py:58: FutureWarning: Setting an item of incompatible dtype is deprecated and will raise in a future error of pandas. Value '[-0.53670406 -0.53670406 -0.53670406 ... -0.53670406 -0.53670406
 -0.53670406]' has dtype incompatible with int64, please explicitly cast to a compatible dtype first.
  transformed.loc[:, feature_columns] = (values - self.mean) / self.std
/Users/pranav/Projects/Professional/College/DS340W/SETCN/train.py:58: FutureWarning: Setting an item of incompatible dtype is deprecated and will raise in a future error of pandas. Value '[-0.3259692 -0.3259692 -0.3259692 ... -0.3259692 -0.3259692 -0.3259692]' has dtype incompatible with int64, please explicitly cast to a compatible dtype first.
  transformed.loc[:, feature_columns] = (values - self.mean) / self.std
/Users/pranav/Projects/Professional/College/DS340W/SETCN/train.py:58: FutureWarning: Setting an item of incompatible dtype is deprecated and will raise in a future error of pandas. Value '[ 2.2050483  2.2050483  2.2050483 ... -0.4535049 -0.4535049 -0.4535049]' has dtype incompatible with int64, please explicitly cast to a compatible dtype first.
  transformed.loc[:, feature_columns] = (values - self.mean) / self.std
/Users/pranav/Projects/Professional/College/DS340W/SETCN/train.py:58: FutureWarning: Setting an item of incompatible dtype is deprecated and will raise in a future error of pandas. Value '[-1.2960125  -1.2960125  -1.2960125  ...  0.77159756  0.77159756
  0.77159756]' has dtype incompatible with int64, please explicitly cast to a compatible dtype first.
  transformed.loc[:, feature_columns] = (values - self.mean) / self.std
/Users/pranav/Projects/Professional/College/DS340W/SETCN/train.py:58: FutureWarning: Setting an item of incompatible dtype is deprecated and will raise in a future error of pandas. Value '[ 1.8632246   1.8632246   1.8632246  ... -0.53670406 -0.53670406
 -0.53670406]' has dtype incompatible with int64, please explicitly cast to a compatible dtype first.
  transformed.loc[:, feature_columns] = (values - self.mean) / self.std
/Users/pranav/Projects/Professional/College/DS340W/SETCN/train.py:58: FutureWarning: Setting an item of incompatible dtype is deprecated and will raise in a future error of pandas. Value '[ 3.0677755  3.0677755  3.0677755 ... -0.3259692 -0.3259692 -0.3259692]' has dtype incompatible with int64, please explicitly cast to a compatible dtype first.
  transformed.loc[:, feature_columns] = (values - self.mean) / self.std
/Users/pranav/Projects/Professional/College/DS340W/SETCN/train.py:58: FutureWarning: Setting an item of incompatible dtype is deprecated and will raise in a future error of pandas. Value '[-0.4535049 -0.4535049 -0.4535049 ... -0.4535049 -0.4535049 -0.4535049]' has dtype incompatible with int64, please explicitly cast to a compatible dtype first.
  transformed.loc[:, feature_columns] = (values - self.mean) / self.std
/Users/pranav/Projects/Professional/College/DS340W/SETCN/train.py:58: FutureWarning: Setting an item of incompatible dtype is deprecated and will raise in a future error of pandas. Value '[0.77159756 0.77159756 0.77159756 ... 0.77159756 0.77159756 0.77159756]' has dtype incompatible with int64, please explicitly cast to a compatible dtype first.
  transformed.loc[:, feature_columns] = (values - self.mean) / self.std
/Users/pranav/Projects/Professional/College/DS340W/SETCN/train.py:58: FutureWarning: Setting an item of incompatible dtype is deprecated and will raise in a future error of pandas. Value '[-0.53670406 -0.53670406 -0.53670406 ... -0.53670406 -0.53670406
 -0.53670406]' has dtype incompatible with int64, please explicitly cast to a compatible dtype first.
  transformed.loc[:, feature_columns] = (values - self.mean) / self.std
/Users/pranav/Projects/Professional/College/DS340W/SETCN/train.py:58: FutureWarning: Setting an item of incompatible dtype is deprecated and will raise in a future error of pandas. Value '[ 3.0677755  3.0677755  3.0677755 ... -0.3259692 -0.3259692 -0.3259692]' has dtype incompatible with int64, please explicitly cast to a compatible dtype first.
  transformed.loc[:, feature_columns] = (values - self.mean) / self.std
/Users/pranav/Projects/Professional/College/DS340W/SETCN/train.py:58: FutureWarning: Setting an item of incompatible dtype is deprecated and will raise in a future error of pandas. Value '[-0.4535049 -0.4535049 -0.4535049 ... -0.4535049 -0.4535049 -0.4535049]' has dtype incompatible with int64, please explicitly cast to a compatible dtype first.
  transformed.loc[:, feature_columns] = (values - self.mean) / self.std
/Users/pranav/Projects/Professional/College/DS340W/SETCN/train.py:58: FutureWarning: Setting an item of incompatible dtype is deprecated and will raise in a future error of pandas. Value '[-1.2960125  -1.2960125  -1.2960125  ...  0.77159756  0.77159756
  0.77159756]' has dtype incompatible with int64, please explicitly cast to a compatible dtype first.
  transformed.loc[:, feature_columns] = (values - self.mean) / self.std
/Users/pranav/Projects/Professional/College/DS340W/SETCN/train.py:58: FutureWarning: Setting an item of incompatible dtype is deprecated and will raise in a future error of pandas. Value '[-0.53670406 -0.53670406 -0.53670406 ... -0.53670406 -0.53670406
 -0.53670406]' has dtype incompatible with int64, please explicitly cast to a compatible dtype first.
  transformed.loc[:, feature_columns] = (values - self.mean) / self.std
/Users/pranav/Projects/Professional/College/DS340W/SETCN/train.py:58: FutureWarning: Setting an item of incompatible dtype is deprecated and will raise in a future error of pandas. Value '[-0.3259692 -0.3259692 -0.3259692 ... -0.3259692 -0.3259692 -0.3259692]' has dtype incompatible with int64, please explicitly cast to a compatible dtype first.
  transformed.loc[:, feature_columns] = (values - self.mean) / self.std
/Users/pranav/Projects/Professional/College/DS340W/SETCN/train.py:58: FutureWarning: Setting an item of incompatible dtype is deprecated and will raise in a future error of pandas. Value '[-0.4535049 -0.4535049 -0.4535049 ... -0.4535049  2.2050483  2.2050483]' has dtype incompatible with int64, please explicitly cast to a compatible dtype first.
  transformed.loc[:, feature_columns] = (values - self.mean) / self.std
/Users/pranav/Projects/Professional/College/DS340W/SETCN/train.py:58: FutureWarning: Setting an item of incompatible dtype is deprecated and will raise in a future error of pandas. Value '[-1.2960125 -1.2960125 -1.2960125 ... -1.2960125 -1.2960125 -1.2960125]' has dtype incompatible with int64, please explicitly cast to a compatible dtype first.
  transformed.loc[:, feature_columns] = (values - self.mean) / self.std
/Users/pranav/Projects/Professional/College/DS340W/SETCN/train.py:58: FutureWarning: Setting an item of incompatible dtype is deprecated and will raise in a future error of pandas. Value '[-0.53670406 -0.53670406 -0.53670406 ...  1.8632246   1.8632246
  1.8632246 ]' has dtype incompatible with int64, please explicitly cast to a compatible dtype first.
  transformed.loc[:, feature_columns] = (values - self.mean) / self.std
/Users/pranav/Projects/Professional/College/DS340W/SETCN/train.py:58: FutureWarning: Setting an item of incompatible dtype is deprecated and will raise in a future error of pandas. Value '[-0.3259692 -0.3259692 -0.3259692 ... -0.3259692 -0.3259692 -0.3259692]' has dtype incompatible with int64, please explicitly cast to a compatible dtype first.
  transformed.loc[:, feature_columns] = (values - self.mean) / self.std
/Users/pranav/Projects/Professional/College/DS340W/SETCN/train.py:58: FutureWarning: Setting an item of incompatible dtype is deprecated and will raise in a future error of pandas. Value '[-0.4535049 -0.4535049 -0.4535049 ... -0.4535049 -0.4535049 -0.4535049]' has dtype incompatible with int64, please explicitly cast to a compatible dtype first.
  transformed.loc[:, feature_columns] = (values - self.mean) / self.std
/Users/pranav/Projects/Professional/College/DS340W/SETCN/train.py:58: FutureWarning: Setting an item of incompatible dtype is deprecated and will raise in a future error of pandas. Value '[-1.2960125 -1.2960125 -1.2960125 ... -1.2960125 -1.2960125 -1.2960125]' has dtype incompatible with int64, please explicitly cast to a compatible dtype first.
  transformed.loc[:, feature_columns] = (values - self.mean) / self.std
/Users/pranav/Projects/Professional/College/DS340W/SETCN/train.py:58: FutureWarning: Setting an item of incompatible dtype is deprecated and will raise in a future error of pandas. Value '[ 1.8632246   1.8632246   1.8632246  ... -0.53670406 -0.53670406
 -0.53670406]' has dtype incompatible with int64, please explicitly cast to a compatible dtype first.
  transformed.loc[:, feature_columns] = (values - self.mean) / self.std
/Users/pranav/Projects/Professional/College/DS340W/SETCN/train.py:58: FutureWarning: Setting an item of incompatible dtype is deprecated and will raise in a future error of pandas. Value '[-0.3259692 -0.3259692 -0.3259692 ... -0.3259692 -0.3259692 -0.3259692]' has dtype incompatible with int64, please explicitly cast to a compatible dtype first.
  transformed.loc[:, feature_columns] = (values - self.mean) / self.std
/Users/pranav/Projects/Professional/College/DS340W/SETCN/train.py:58: FutureWarning: Setting an item of incompatible dtype is deprecated and will raise in a future error of pandas. Value '[-0.4535049 -0.4535049 -0.4535049 ... -0.4535049 -0.4535049 -0.4535049]' has dtype incompatible with int64, please explicitly cast to a compatible dtype first.
  transformed.loc[:, feature_columns] = (values - self.mean) / self.std
/Users/pranav/Projects/Professional/College/DS340W/SETCN/train.py:58: FutureWarning: Setting an item of incompatible dtype is deprecated and will raise in a future error of pandas. Value '[0.77159756 0.77159756 0.77159756 ... 0.77159756 0.77159756 0.77159756]' has dtype incompatible with int64, please explicitly cast to a compatible dtype first.
  transformed.loc[:, feature_columns] = (values - self.mean) / self.std
/Users/pranav/Projects/Professional/College/DS340W/SETCN/train.py:58: FutureWarning: Setting an item of incompatible dtype is deprecated and will raise in a future error of pandas. Value '[-0.53670406 -0.53670406 -0.53670406 ... -0.53670406 -0.53670406
 -0.53670406]' has dtype incompatible with int64, please explicitly cast to a compatible dtype first.
  transformed.loc[:, feature_columns] = (values - self.mean) / self.std
/Users/pranav/Projects/Professional/College/DS340W/SETCN/train.py:58: FutureWarning: Setting an item of incompatible dtype is deprecated and will raise in a future error of pandas. Value '[-0.3259692 -0.3259692 -0.3259692 ... -0.3259692 -0.3259692 -0.3259692]' has dtype incompatible with int64, please explicitly cast to a compatible dtype first.
  transformed.loc[:, feature_columns] = (values - self.mean) / self.std
/Users/pranav/Projects/Professional/College/DS340W/SETCN/train.py:58: FutureWarning: Setting an item of incompatible dtype is deprecated and will raise in a future error of pandas. Value '[-0.4535049 -0.4535049 -0.4535049 ... -0.4535049 -0.4535049 -0.4535049]' has dtype incompatible with int64, please explicitly cast to a compatible dtype first.
  transformed.loc[:, feature_columns] = (values - self.mean) / self.std
/Users/pranav/Projects/Professional/College/DS340W/SETCN/train.py:58: FutureWarning: Setting an item of incompatible dtype is deprecated and will raise in a future error of pandas. Value '[-1.2960125 -1.2960125 -1.2960125 ... -1.2960125 -1.2960125 -1.2960125]' has dtype incompatible with int64, please explicitly cast to a compatible dtype first.
  transformed.loc[:, feature_columns] = (values - self.mean) / self.std
/Users/pranav/Projects/Professional/College/DS340W/SETCN/train.py:58: FutureWarning: Setting an item of incompatible dtype is deprecated and will raise in a future error of pandas. Value '[-0.53670406 -0.53670406 -0.53670406 ...  1.8632246   1.8632246
  1.8632246 ]' has dtype incompatible with int64, please explicitly cast to a compatible dtype first.
  transformed.loc[:, feature_columns] = (values - self.mean) / self.std
/Users/pranav/Projects/Professional/College/DS340W/SETCN/train.py:58: FutureWarning: Setting an item of incompatible dtype is deprecated and will raise in a future error of pandas. Value '[-0.3259692 -0.3259692 -0.3259692 ... -0.3259692 -0.3259692 -0.3259692]' has dtype incompatible with int64, please explicitly cast to a compatible dtype first.
  transformed.loc[:, feature_columns] = (values - self.mean) / self.std
/Users/pranav/Projects/Professional/College/DS340W/SETCN/train.py:58: FutureWarning: Setting an item of incompatible dtype is deprecated and will raise in a future error of pandas. Value '[-0.4535049 -0.4535049 -0.4535049 ... -0.4535049 -0.4535049 -0.4535049]' has dtype incompatible with int64, please explicitly cast to a compatible dtype first.
  transformed.loc[:, feature_columns] = (values - self.mean) / self.std
/Users/pranav/Projects/Professional/College/DS340W/SETCN/train.py:58: FutureWarning: Setting an item of incompatible dtype is deprecated and will raise in a future error of pandas. Value '[-1.2960125 -1.2960125 -1.2960125 ... -1.2960125 -1.2960125 -1.2960125]' has dtype incompatible with int64, please explicitly cast to a compatible dtype first.
  transformed.loc[:, feature_columns] = (values - self.mean) / self.std
/Users/pranav/Projects/Professional/College/DS340W/SETCN/train.py:58: FutureWarning: Setting an item of incompatible dtype is deprecated and will raise in a future error of pandas. Value '[ 1.8632246   1.8632246   1.8632246  ... -0.53670406 -0.53670406
 -0.53670406]' has dtype incompatible with int64, please explicitly cast to a compatible dtype first.
  transformed.loc[:, feature_columns] = (values - self.mean) / self.std
/Users/pranav/Projects/Professional/College/DS340W/SETCN/train.py:58: FutureWarning: Setting an item of incompatible dtype is deprecated and will raise in a future error of pandas. Value '[-0.3259692 -0.3259692 -0.3259692 ... -0.3259692 -0.3259692 -0.3259692]' has dtype incompatible with int64, please explicitly cast to a compatible dtype first.
  transformed.loc[:, feature_columns] = (values - self.mean) / self.std
/Users/pranav/Projects/Professional/College/DS340W/SETCN/train.py:58: FutureWarning: Setting an item of incompatible dtype is deprecated and will raise in a future error of pandas. Value '[-0.4535049 -0.4535049 -0.4535049 ... -0.4535049 -0.4535049 -0.4535049]' has dtype incompatible with int64, please explicitly cast to a compatible dtype first.
  transformed.loc[:, feature_columns] = (values - self.mean) / self.std
/Users/pranav/Projects/Professional/College/DS340W/SETCN/train.py:58: FutureWarning: Setting an item of incompatible dtype is deprecated and will raise in a future error of pandas. Value '[0.77159756 0.77159756 0.77159756 ... 0.77159756 0.77159756 0.77159756]' has dtype incompatible with int64, please explicitly cast to a compatible dtype first.
  transformed.loc[:, feature_columns] = (values - self.mean) / self.std
/Users/pranav/Projects/Professional/College/DS340W/SETCN/train.py:58: FutureWarning: Setting an item of incompatible dtype is deprecated and will raise in a future error of pandas. Value '[-0.53670406 -0.53670406 -0.53670406 ...  1.8632246   1.8632246
  1.8632246 ]' has dtype incompatible with int64, please explicitly cast to a compatible dtype first.
  transformed.loc[:, feature_columns] = (values - self.mean) / self.std
/Users/pranav/Projects/Professional/College/DS340W/SETCN/train.py:58: FutureWarning: Setting an item of incompatible dtype is deprecated and will raise in a future error of pandas. Value '[-0.3259692 -0.3259692 -0.3259692 ...  3.0677755  3.0677755 -0.3259692]' has dtype incompatible with int64, please explicitly cast to a compatible dtype first.
  transformed.loc[:, feature_columns] = (values - self.mean) / self.std
/Users/pranav/Projects/Professional/College/DS340W/SETCN/train.py:58: FutureWarning: Setting an item of incompatible dtype is deprecated and will raise in a future error of pandas. Value '[-0.4535049 -0.4535049 -0.4535049 ... -0.4535049 -0.4535049 -0.4535049]' has dtype incompatible with int64, please explicitly cast to a compatible dtype first.
  transformed.loc[:, feature_columns] = (values - self.mean) / self.std
/Users/pranav/Projects/Professional/College/DS340W/SETCN/train.py:58: FutureWarning: Setting an item of incompatible dtype is deprecated and will raise in a future error of pandas. Value '[-1.2960125  -1.2960125  -1.2960125  ...  0.77159756  0.77159756
  0.77159756]' has dtype incompatible with int64, please explicitly cast to a compatible dtype first.
  transformed.loc[:, feature_columns] = (values - self.mean) / self.std
/Users/pranav/Projects/Professional/College/DS340W/SETCN/train.py:58: FutureWarning: Setting an item of incompatible dtype is deprecated and will raise in a future error of pandas. Value '[-0.53670406 -0.53670406 -0.53670406 ... -0.53670406 -0.53670406
 -0.53670406]' has dtype incompatible with int64, please explicitly cast to a compatible dtype first.
  transformed.loc[:, feature_columns] = (values - self.mean) / self.std
/Users/pranav/Projects/Professional/College/DS340W/SETCN/train.py:58: FutureWarning: Setting an item of incompatible dtype is deprecated and will raise in a future error of pandas. Value '[-0.3259692 -0.3259692 -0.3259692 ... -0.3259692 -0.3259692 -0.3259692]' has dtype incompatible with int64, please explicitly cast to a compatible dtype first.
  transformed.loc[:, feature_columns] = (values - self.mean) / self.std
/Users/pranav/Projects/Professional/College/DS340W/SETCN/train.py:58: FutureWarning: Setting an item of incompatible dtype is deprecated and will raise in a future error of pandas. Value '[ 2.2050483  2.2050483  2.2050483 ... -0.4535049 -0.4535049 -0.4535049]' has dtype incompatible with int64, please explicitly cast to a compatible dtype first.
  transformed.loc[:, feature_columns] = (values - self.mean) / self.std
/Users/pranav/Projects/Professional/College/DS340W/SETCN/train.py:58: FutureWarning: Setting an item of incompatible dtype is deprecated and will raise in a future error of pandas. Value '[-1.2960125 -1.2960125 -1.2960125 ... -1.2960125 -1.2960125 -1.2960125]' has dtype incompatible with int64, please explicitly cast to a compatible dtype first.
  transformed.loc[:, feature_columns] = (values - self.mean) / self.std
/Users/pranav/Projects/Professional/College/DS340W/SETCN/train.py:58: FutureWarning: Setting an item of incompatible dtype is deprecated and will raise in a future error of pandas. Value '[-0.53670406 -0.53670406 -0.53670406 ... -0.53670406 -0.53670406
 -0.53670406]' has dtype incompatible with int64, please explicitly cast to a compatible dtype first.
  transformed.loc[:, feature_columns] = (values - self.mean) / self.std
/Users/pranav/Projects/Professional/College/DS340W/SETCN/train.py:58: FutureWarning: Setting an item of incompatible dtype is deprecated and will raise in a future error of pandas. Value '[ 3.0677755  3.0677755  3.0677755 ... -0.3259692 -0.3259692 -0.3259692]' has dtype incompatible with int64, please explicitly cast to a compatible dtype first.
  transformed.loc[:, feature_columns] = (values - self.mean) / self.std
/Users/pranav/Projects/Professional/College/DS340W/SETCN/train.py:58: FutureWarning: Setting an item of incompatible dtype is deprecated and will raise in a future error of pandas. Value '[ 2.2050483  2.2050483  2.2050483 ... -0.4535049 -0.4535049 -0.4535049]' has dtype incompatible with int64, please explicitly cast to a compatible dtype first.
  transformed.loc[:, feature_columns] = (values - self.mean) / self.std
/Users/pranav/Projects/Professional/College/DS340W/SETCN/train.py:58: FutureWarning: Setting an item of incompatible dtype is deprecated and will raise in a future error of pandas. Value '[-1.2960125  -1.2960125  -1.2960125  ...  0.77159756  0.77159756
  0.77159756]' has dtype incompatible with int64, please explicitly cast to a compatible dtype first.
  transformed.loc[:, feature_columns] = (values - self.mean) / self.std
/Users/pranav/Projects/Professional/College/DS340W/SETCN/train.py:58: FutureWarning: Setting an item of incompatible dtype is deprecated and will raise in a future error of pandas. Value '[-0.53670406 -0.53670406 -0.53670406 ... -0.53670406 -0.53670406
 -0.53670406]' has dtype incompatible with int64, please explicitly cast to a compatible dtype first.
  transformed.loc[:, feature_columns] = (values - self.mean) / self.std
/Users/pranav/Projects/Professional/College/DS340W/SETCN/train.py:58: FutureWarning: Setting an item of incompatible dtype is deprecated and will raise in a future error of pandas. Value '[-0.3259692 -0.3259692 -0.3259692 ... -0.3259692 -0.3259692 -0.3259692]' has dtype incompatible with int64, please explicitly cast to a compatible dtype first.
  transformed.loc[:, feature_columns] = (values - self.mean) / self.std
/Users/pranav/Projects/Professional/College/DS340W/SETCN/train.py:58: FutureWarning: Setting an item of incompatible dtype is deprecated and will raise in a future error of pandas. Value '[ 2.2050483  2.2050483  2.2050483 ... -0.4535049 -0.4535049 -0.4535049]' has dtype incompatible with int64, please explicitly cast to a compatible dtype first.
  transformed.loc[:, feature_columns] = (values - self.mean) / self.std
/Users/pranav/Projects/Professional/College/DS340W/SETCN/train.py:58: FutureWarning: Setting an item of incompatible dtype is deprecated and will raise in a future error of pandas. Value '[0.77159756 0.77159756 0.77159756 ... 0.77159756 0.77159756 0.77159756]' has dtype incompatible with int64, please explicitly cast to a compatible dtype first.
  transformed.loc[:, feature_columns] = (values - self.mean) / self.std
/Users/pranav/Projects/Professional/College/DS340W/SETCN/train.py:58: FutureWarning: Setting an item of incompatible dtype is deprecated and will raise in a future error of pandas. Value '[-0.53670406 -0.53670406 -0.53670406 ... -0.53670406 -0.53670406
 -0.53670406]' has dtype incompatible with int64, please explicitly cast to a compatible dtype first.
  transformed.loc[:, feature_columns] = (values - self.mean) / self.std
/Users/pranav/Projects/Professional/College/DS340W/SETCN/train.py:58: FutureWarning: Setting an item of incompatible dtype is deprecated and will raise in a future error of pandas. Value '[ 3.0677755  3.0677755  3.0677755 ... -0.3259692 -0.3259692 -0.3259692]' has dtype incompatible with int64, please explicitly cast to a compatible dtype first.
  transformed.loc[:, feature_columns] = (values - self.mean) / self.std
/Users/pranav/Projects/Professional/College/DS340W/SETCN/train.py:58: FutureWarning: Setting an item of incompatible dtype is deprecated and will raise in a future error of pandas. Value '[-0.4535049 -0.4535049 -0.4535049 ... -0.4535049 -0.4535049 -0.4535049]' has dtype incompatible with int64, please explicitly cast to a compatible dtype first.
  transformed.loc[:, feature_columns] = (values - self.mean) / self.std
/Users/pranav/Projects/Professional/College/DS340W/SETCN/train.py:58: FutureWarning: Setting an item of incompatible dtype is deprecated and will raise in a future error of pandas. Value '[-1.2960125  -1.2960125  -1.2960125  ...  0.77159756  0.77159756
  0.77159756]' has dtype incompatible with int64, please explicitly cast to a compatible dtype first.
  transformed.loc[:, feature_columns] = (values - self.mean) / self.std
/Users/pranav/Projects/Professional/College/DS340W/SETCN/train.py:58: FutureWarning: Setting an item of incompatible dtype is deprecated and will raise in a future error of pandas. Value '[-0.53670406 -0.53670406 -0.53670406 ... -0.53670406 -0.53670406
 -0.53670406]' has dtype incompatible with int64, please explicitly cast to a compatible dtype first.
  transformed.loc[:, feature_columns] = (values - self.mean) / self.std
/Users/pranav/Projects/Professional/College/DS340W/SETCN/train.py:58: FutureWarning: Setting an item of incompatible dtype is deprecated and will raise in a future error of pandas. Value '[-0.3259692 -0.3259692 -0.3259692 ... -0.3259692 -0.3259692 -0.3259692]' has dtype incompatible with int64, please explicitly cast to a compatible dtype first.
  transformed.loc[:, feature_columns] = (values - self.mean) / self.std
/Users/pranav/Projects/Professional/College/DS340W/SETCN/train.py:58: FutureWarning: Setting an item of incompatible dtype is deprecated and will raise in a future error of pandas. Value '[-0.4535049 -0.4535049 -0.4535049 ... -0.4535049 -0.4535049 -0.4535049]' has dtype incompatible with int64, please explicitly cast to a compatible dtype first.
  transformed.loc[:, feature_columns] = (values - self.mean) / self.std
/Users/pranav/Projects/Professional/College/DS340W/SETCN/train.py:58: FutureWarning: Setting an item of incompatible dtype is deprecated and will raise in a future error of pandas. Value '[-1.2960125  -1.2960125  -1.2960125  ...  0.77159756  0.77159756
  0.77159756]' has dtype incompatible with int64, please explicitly cast to a compatible dtype first.
  transformed.loc[:, feature_columns] = (values - self.mean) / self.std
/Users/pranav/Projects/Professional/College/DS340W/SETCN/train.py:58: FutureWarning: Setting an item of incompatible dtype is deprecated and will raise in a future error of pandas. Value '[-0.53670406 -0.53670406 -0.53670406 ... -0.53670406 -0.53670406
 -0.53670406]' has dtype incompatible with int64, please explicitly cast to a compatible dtype first.
  transformed.loc[:, feature_columns] = (values - self.mean) / self.std
/Users/pranav/Projects/Professional/College/DS340W/SETCN/train.py:58: FutureWarning: Setting an item of incompatible dtype is deprecated and will raise in a future error of pandas. Value '[ 3.0677755 -0.3259692  3.0677755 ... -0.3259692 -0.3259692 -0.3259692]' has dtype incompatible with int64, please explicitly cast to a compatible dtype first.
  transformed.loc[:, feature_columns] = (values - self.mean) / self.std
/Users/pranav/Projects/Professional/College/DS340W/SETCN/train.py:58: FutureWarning: Setting an item of incompatible dtype is deprecated and will raise in a future error of pandas. Value '[ 2.2050483 -0.4535049 -0.4535049 ... -0.4535049 -0.4535049  2.2050483]' has dtype incompatible with int64, please explicitly cast to a compatible dtype first.
  transformed.loc[:, feature_columns] = (values - self.mean) / self.std
/Users/pranav/Projects/Professional/College/DS340W/SETCN/train.py:58: FutureWarning: Setting an item of incompatible dtype is deprecated and will raise in a future error of pandas. Value '[-1.2960125  -1.2960125  -1.2960125  ...  0.77159756  0.77159756
  0.77159756]' has dtype incompatible with int64, please explicitly cast to a compatible dtype first.
  transformed.loc[:, feature_columns] = (values - self.mean) / self.std
/Users/pranav/Projects/Professional/College/DS340W/SETCN/train.py:58: FutureWarning: Setting an item of incompatible dtype is deprecated and will raise in a future error of pandas. Value '[-0.53670406 -0.53670406 -0.53670406 ... -0.53670406 -0.53670406
 -0.53670406]' has dtype incompatible with int64, please explicitly cast to a compatible dtype first.
  transformed.loc[:, feature_columns] = (values - self.mean) / self.std
/Users/pranav/Projects/Professional/College/DS340W/SETCN/train.py:58: FutureWarning: Setting an item of incompatible dtype is deprecated and will raise in a future error of pandas. Value '[-0.3259692 -0.3259692 -0.3259692 ... -0.3259692 -0.3259692 -0.3259692]' has dtype incompatible with int64, please explicitly cast to a compatible dtype first.
  transformed.loc[:, feature_columns] = (values - self.mean) / self.std
/Users/pranav/Projects/Professional/College/DS340W/SETCN/train.py:58: FutureWarning: Setting an item of incompatible dtype is deprecated and will raise in a future error of pandas. Value '[-0.4535049 -0.4535049 -0.4535049 ... -0.4535049 -0.4535049 -0.4535049]' has dtype incompatible with int64, please explicitly cast to a compatible dtype first.
  transformed.loc[:, feature_columns] = (values - self.mean) / self.std
/Users/pranav/Projects/Professional/College/DS340W/SETCN/train.py:58: FutureWarning: Setting an item of incompatible dtype is deprecated and will raise in a future error of pandas. Value '[-1.2960125  -1.2960125  -1.2960125  ...  0.77159756  0.77159756
  0.77159756]' has dtype incompatible with int64, please explicitly cast to a compatible dtype first.
  transformed.loc[:, feature_columns] = (values - self.mean) / self.std
/Users/pranav/Projects/Professional/College/DS340W/SETCN/train.py:58: FutureWarning: Setting an item of incompatible dtype is deprecated and will raise in a future error of pandas. Value '[-0.53670406 -0.53670406 -0.53670406 ... -0.53670406 -0.53670406
 -0.53670406]' has dtype incompatible with int64, please explicitly cast to a compatible dtype first.
  transformed.loc[:, feature_columns] = (values - self.mean) / self.std
/Users/pranav/Projects/Professional/College/DS340W/SETCN/train.py:58: FutureWarning: Setting an item of incompatible dtype is deprecated and will raise in a future error of pandas. Value '[-0.3259692 -0.3259692 -0.3259692 ... -0.3259692 -0.3259692 -0.3259692]' has dtype incompatible with int64, please explicitly cast to a compatible dtype first.
  transformed.loc[:, feature_columns] = (values - self.mean) / self.std
/Users/pranav/Projects/Professional/College/DS340W/SETCN/train.py:58: FutureWarning: Setting an item of incompatible dtype is deprecated and will raise in a future error of pandas. Value '[-0.4535049 -0.4535049 -0.4535049 ... -0.4535049 -0.4535049 -0.4535049]' has dtype incompatible with int64, please explicitly cast to a compatible dtype first.
  transformed.loc[:, feature_columns] = (values - self.mean) / self.std
/Users/pranav/Projects/Professional/College/DS340W/SETCN/train.py:58: FutureWarning: Setting an item of incompatible dtype is deprecated and will raise in a future error of pandas. Value '[-1.2960125  -1.2960125  -1.2960125  ...  0.77159756  0.77159756
  0.77159756]' has dtype incompatible with int64, please explicitly cast to a compatible dtype first.
  transformed.loc[:, feature_columns] = (values - self.mean) / self.std
/Users/pranav/Projects/Professional/College/DS340W/SETCN/train.py:58: FutureWarning: Setting an item of incompatible dtype is deprecated and will raise in a future error of pandas. Value '[-0.53670406 -0.53670406 -0.53670406 ... -0.53670406 -0.53670406
 -0.53670406]' has dtype incompatible with int64, please explicitly cast to a compatible dtype first.
  transformed.loc[:, feature_columns] = (values - self.mean) / self.std
/Users/pranav/Projects/Professional/College/DS340W/SETCN/train.py:58: FutureWarning: Setting an item of incompatible dtype is deprecated and will raise in a future error of pandas. Value '[-0.3259692 -0.3259692 -0.3259692 ... -0.3259692 -0.3259692 -0.3259692]' has dtype incompatible with int64, please explicitly cast to a compatible dtype first.
  transformed.loc[:, feature_columns] = (values - self.mean) / self.std
/Users/pranav/Projects/Professional/College/DS340W/SETCN/train.py:58: FutureWarning: Setting an item of incompatible dtype is deprecated and will raise in a future error of pandas. Value '[-0.4535049 -0.4535049 -0.4535049 ...  2.2050483 -0.4535049 -0.4535049]' has dtype incompatible with int64, please explicitly cast to a compatible dtype first.
  transformed.loc[:, feature_columns] = (values - self.mean) / self.std
/Users/pranav/Projects/Professional/College/DS340W/SETCN/train.py:58: FutureWarning: Setting an item of incompatible dtype is deprecated and will raise in a future error of pandas. Value '[-1.2960125 -1.2960125 -1.2960125 ... -1.2960125 -1.2960125 -1.2960125]' has dtype incompatible with int64, please explicitly cast to a compatible dtype first.
  transformed.loc[:, feature_columns] = (values - self.mean) / self.std
/Users/pranav/Projects/Professional/College/DS340W/SETCN/train.py:58: FutureWarning: Setting an item of incompatible dtype is deprecated and will raise in a future error of pandas. Value '[ 1.8632246   1.8632246   1.8632246  ...  1.8632246   1.8632246
 -0.53670406]' has dtype incompatible with int64, please explicitly cast to a compatible dtype first.
  transformed.loc[:, feature_columns] = (values - self.mean) / self.std
/Users/pranav/Projects/Professional/College/DS340W/SETCN/train.py:58: FutureWarning: Setting an item of incompatible dtype is deprecated and will raise in a future error of pandas. Value '[-0.3259692 -0.3259692 -0.3259692 ... -0.3259692 -0.3259692 -0.3259692]' has dtype incompatible with int64, please explicitly cast to a compatible dtype first.
  transformed.loc[:, feature_columns] = (values - self.mean) / self.std
/Users/pranav/Projects/Professional/College/DS340W/SETCN/train.py:58: FutureWarning: Setting an item of incompatible dtype is deprecated and will raise in a future error of pandas. Value '[-0.4535049 -0.4535049 -0.4535049 ...  2.2050483  2.2050483  2.2050483]' has dtype incompatible with int64, please explicitly cast to a compatible dtype first.
  transformed.loc[:, feature_columns] = (values - self.mean) / self.std
/Users/pranav/Projects/Professional/College/DS340W/SETCN/train.py:58: FutureWarning: Setting an item of incompatible dtype is deprecated and will raise in a future error of pandas. Value '[0.77159756 0.77159756 0.77159756 ... 0.77159756 0.77159756 0.77159756]' has dtype incompatible with int64, please explicitly cast to a compatible dtype first.
  transformed.loc[:, feature_columns] = (values - self.mean) / self.std
/Users/pranav/Projects/Professional/College/DS340W/SETCN/train.py:58: FutureWarning: Setting an item of incompatible dtype is deprecated and will raise in a future error of pandas. Value '[ 1.8632246   1.8632246  -0.53670406 ...  1.8632246   1.8632246
  1.8632246 ]' has dtype incompatible with int64, please explicitly cast to a compatible dtype first.
  transformed.loc[:, feature_columns] = (values - self.mean) / self.std
/Users/pranav/Projects/Professional/College/DS340W/SETCN/train.py:58: FutureWarning: Setting an item of incompatible dtype is deprecated and will raise in a future error of pandas. Value '[-0.3259692 -0.3259692 -0.3259692 ... -0.3259692 -0.3259692 -0.3259692]' has dtype incompatible with int64, please explicitly cast to a compatible dtype first.
  transformed.loc[:, feature_columns] = (values - self.mean) / self.std
/Users/pranav/Projects/Professional/College/DS340W/SETCN/train.py:58: FutureWarning: Setting an item of incompatible dtype is deprecated and will raise in a future error of pandas. Value '[2.2050483 2.2050483 2.2050483 ... 2.2050483 2.2050483 2.2050483]' has dtype incompatible with int64, please explicitly cast to a compatible dtype first.
  transformed.loc[:, feature_columns] = (values - self.mean) / self.std
/Users/pranav/Projects/Professional/College/DS340W/SETCN/train.py:58: FutureWarning: Setting an item of incompatible dtype is deprecated and will raise in a future error of pandas. Value '[-1.2960125 -1.2960125 -1.2960125 ... -1.2960125 -1.2960125 -1.2960125]' has dtype incompatible with int64, please explicitly cast to a compatible dtype first.
  transformed.loc[:, feature_columns] = (values - self.mean) / self.std
/Users/pranav/Projects/Professional/College/DS340W/SETCN/train.py:58: FutureWarning: Setting an item of incompatible dtype is deprecated and will raise in a future error of pandas. Value '[1.8632246 1.8632246 1.8632246 ... 1.8632246 1.8632246 1.8632246]' has dtype incompatible with int64, please explicitly cast to a compatible dtype first.
  transformed.loc[:, feature_columns] = (values - self.mean) / self.std
/Users/pranav/Projects/Professional/College/DS340W/SETCN/train.py:58: FutureWarning: Setting an item of incompatible dtype is deprecated and will raise in a future error of pandas. Value '[ 3.0677755  3.0677755  3.0677755 ... -0.3259692 -0.3259692 -0.3259692]' has dtype incompatible with int64, please explicitly cast to a compatible dtype first.
  transformed.loc[:, feature_columns] = (values - self.mean) / self.std
/Users/pranav/Projects/Professional/College/DS340W/SETCN/train.py:58: FutureWarning: Setting an item of incompatible dtype is deprecated and will raise in a future error of pandas. Value '[ 2.2050483  2.2050483  2.2050483 ... -0.4535049 -0.4535049 -0.4535049]' has dtype incompatible with int64, please explicitly cast to a compatible dtype first.
  transformed.loc[:, feature_columns] = (values - self.mean) / self.std
/Users/pranav/Projects/Professional/College/DS340W/SETCN/train.py:58: FutureWarning: Setting an item of incompatible dtype is deprecated and will raise in a future error of pandas. Value '[ 0.77159756  0.77159756  0.77159756 ... -1.2960125  -1.2960125
 -1.2960125 ]' has dtype incompatible with int64, please explicitly cast to a compatible dtype first.
  transformed.loc[:, feature_columns] = (values - self.mean) / self.std
/Users/pranav/Projects/Professional/College/DS340W/SETCN/train.py:58: FutureWarning: Setting an item of incompatible dtype is deprecated and will raise in a future error of pandas. Value '[ 1.8632246   1.8632246   1.8632246  ... -0.53670406 -0.53670406
 -0.53670406]' has dtype incompatible with int64, please explicitly cast to a compatible dtype first.
  transformed.loc[:, feature_columns] = (values - self.mean) / self.std
/Users/pranav/Projects/Professional/College/DS340W/SETCN/train.py:58: FutureWarning: Setting an item of incompatible dtype is deprecated and will raise in a future error of pandas. Value '[ 3.0677755  3.0677755  3.0677755 ... -0.3259692 -0.3259692 -0.3259692]' has dtype incompatible with int64, please explicitly cast to a compatible dtype first.
  transformed.loc[:, feature_columns] = (values - self.mean) / self.std
/Users/pranav/Projects/Professional/College/DS340W/SETCN/train.py:58: FutureWarning: Setting an item of incompatible dtype is deprecated and will raise in a future error of pandas. Value '[ 2.2050483  2.2050483  2.2050483 ... -0.4535049 -0.4535049 -0.4535049]' has dtype incompatible with int64, please explicitly cast to a compatible dtype first.
  transformed.loc[:, feature_columns] = (values - self.mean) / self.std
/Users/pranav/Projects/Professional/College/DS340W/SETCN/train.py:58: FutureWarning: Setting an item of incompatible dtype is deprecated and will raise in a future error of pandas. Value '[ 0.77159756  0.77159756  0.77159756 ... -1.2960125  -1.2960125
 -1.2960125 ]' has dtype incompatible with int64, please explicitly cast to a compatible dtype first.
  transformed.loc[:, feature_columns] = (values - self.mean) / self.std
/Users/pranav/Projects/Professional/College/DS340W/SETCN/train.py:58: FutureWarning: Setting an item of incompatible dtype is deprecated and will raise in a future error of pandas. Value '[ 1.8632246   1.8632246   1.8632246  ... -0.53670406 -0.53670406
 -0.53670406]' has dtype incompatible with int64, please explicitly cast to a compatible dtype first.
  transformed.loc[:, feature_columns] = (values - self.mean) / self.std
/Users/pranav/Projects/Professional/College/DS340W/SETCN/train.py:58: FutureWarning: Setting an item of incompatible dtype is deprecated and will raise in a future error of pandas. Value '[ 3.0677755  3.0677755  3.0677755 ... -0.3259692 -0.3259692 -0.3259692]' has dtype incompatible with int64, please explicitly cast to a compatible dtype first.
  transformed.loc[:, feature_columns] = (values - self.mean) / self.std
/Users/pranav/Projects/Professional/College/DS340W/SETCN/train.py:58: FutureWarning: Setting an item of incompatible dtype is deprecated and will raise in a future error of pandas. Value '[ 2.2050483  2.2050483 -0.4535049 ... -0.4535049 -0.4535049 -0.4535049]' has dtype incompatible with int64, please explicitly cast to a compatible dtype first.
  transformed.loc[:, feature_columns] = (values - self.mean) / self.std
/Users/pranav/Projects/Professional/College/DS340W/SETCN/train.py:58: FutureWarning: Setting an item of incompatible dtype is deprecated and will raise in a future error of pandas. Value '[-1.2960125 -1.2960125 -1.2960125 ... -1.2960125 -1.2960125 -1.2960125]' has dtype incompatible with int64, please explicitly cast to a compatible dtype first.
  transformed.loc[:, feature_columns] = (values - self.mean) / self.std
/Users/pranav/Projects/Professional/College/DS340W/SETCN/train.py:58: FutureWarning: Setting an item of incompatible dtype is deprecated and will raise in a future error of pandas. Value '[ 1.8632246   1.8632246   1.8632246  ... -0.53670406 -0.53670406
 -0.53670406]' has dtype incompatible with int64, please explicitly cast to a compatible dtype first.
  transformed.loc[:, feature_columns] = (values - self.mean) / self.std
/Users/pranav/Projects/Professional/College/DS340W/SETCN/train.py:58: FutureWarning: Setting an item of incompatible dtype is deprecated and will raise in a future error of pandas. Value '[-0.3259692 -0.3259692 -0.3259692 ... -0.3259692 -0.3259692 -0.3259692]' has dtype incompatible with int64, please explicitly cast to a compatible dtype first.
  transformed.loc[:, feature_columns] = (values - self.mean) / self.std
/Users/pranav/Projects/Professional/College/DS340W/SETCN/train.py:58: FutureWarning: Setting an item of incompatible dtype is deprecated and will raise in a future error of pandas. Value '[-0.4535049 -0.4535049 -0.4535049 ...  2.2050483  2.2050483  2.2050483]' has dtype incompatible with int64, please explicitly cast to a compatible dtype first.
  transformed.loc[:, feature_columns] = (values - self.mean) / self.std
/Users/pranav/Projects/Professional/College/DS340W/SETCN/train.py:58: FutureWarning: Setting an item of incompatible dtype is deprecated and will raise in a future error of pandas. Value '[-1.2960125 -1.2960125 -1.2960125 ... -1.2960125 -1.2960125 -1.2960125]' has dtype incompatible with int64, please explicitly cast to a compatible dtype first.
  transformed.loc[:, feature_columns] = (values - self.mean) / self.std
/Users/pranav/Projects/Professional/College/DS340W/SETCN/train.py:58: FutureWarning: Setting an item of incompatible dtype is deprecated and will raise in a future error of pandas. Value '[-0.53670406 -0.53670406 -0.53670406 ...  1.8632246   1.8632246
  1.8632246 ]' has dtype incompatible with int64, please explicitly cast to a compatible dtype first.
  transformed.loc[:, feature_columns] = (values - self.mean) / self.std
/Users/pranav/Projects/Professional/College/DS340W/SETCN/train.py:58: FutureWarning: Setting an item of incompatible dtype is deprecated and will raise in a future error of pandas. Value '[-0.3259692 -0.3259692 -0.3259692 ... -0.3259692 -0.3259692 -0.3259692]' has dtype incompatible with int64, please explicitly cast to a compatible dtype first.
  transformed.loc[:, feature_columns] = (values - self.mean) / self.std
/Users/pranav/Projects/Professional/College/DS340W/SETCN/train.py:58: FutureWarning: Setting an item of incompatible dtype is deprecated and will raise in a future error of pandas. Value '[-0.4535049 -0.4535049 -0.4535049 ... -0.4535049  2.2050483  2.2050483]' has dtype incompatible with int64, please explicitly cast to a compatible dtype first.
  transformed.loc[:, feature_columns] = (values - self.mean) / self.std
/Users/pranav/Projects/Professional/College/DS340W/SETCN/train.py:58: FutureWarning: Setting an item of incompatible dtype is deprecated and will raise in a future error of pandas. Value '[-1.2960125 -1.2960125 -1.2960125 ... -1.2960125 -1.2960125 -1.2960125]' has dtype incompatible with int64, please explicitly cast to a compatible dtype first.
  transformed.loc[:, feature_columns] = (values - self.mean) / self.std
/Users/pranav/Projects/Professional/College/DS340W/SETCN/train.py:58: FutureWarning: Setting an item of incompatible dtype is deprecated and will raise in a future error of pandas. Value '[ 1.8632246   1.8632246   1.8632246  ... -0.53670406  1.8632246
  1.8632246 ]' has dtype incompatible with int64, please explicitly cast to a compatible dtype first.
  transformed.loc[:, feature_columns] = (values - self.mean) / self.std
/Users/pranav/Projects/Professional/College/DS340W/SETCN/train.py:58: FutureWarning: Setting an item of incompatible dtype is deprecated and will raise in a future error of pandas. Value '[-0.3259692 -0.3259692 -0.3259692 ... -0.3259692 -0.3259692 -0.3259692]' has dtype incompatible with int64, please explicitly cast to a compatible dtype first.
  transformed.loc[:, feature_columns] = (values - self.mean) / self.std
/Users/pranav/Projects/Professional/College/DS340W/SETCN/train.py:58: FutureWarning: Setting an item of incompatible dtype is deprecated and will raise in a future error of pandas. Value '[-0.4535049 -0.4535049 -0.4535049 ... -0.4535049 -0.4535049 -0.4535049]' has dtype incompatible with int64, please explicitly cast to a compatible dtype first.
  transformed.loc[:, feature_columns] = (values - self.mean) / self.std
/Users/pranav/Projects/Professional/College/DS340W/SETCN/train.py:58: FutureWarning: Setting an item of incompatible dtype is deprecated and will raise in a future error of pandas. Value '[0.77159756 0.77159756 0.77159756 ... 0.77159756 0.77159756 0.77159756]' has dtype incompatible with int64, please explicitly cast to a compatible dtype first.
  transformed.loc[:, feature_columns] = (values - self.mean) / self.std
/Users/pranav/Projects/Professional/College/DS340W/SETCN/train.py:58: FutureWarning: Setting an item of incompatible dtype is deprecated and will raise in a future error of pandas. Value '[-0.53670406 -0.53670406 -0.53670406 ... -0.53670406 -0.53670406
 -0.53670406]' has dtype incompatible with int64, please explicitly cast to a compatible dtype first.
  transformed.loc[:, feature_columns] = (values - self.mean) / self.std
/Users/pranav/Projects/Professional/College/DS340W/SETCN/train.py:58: FutureWarning: Setting an item of incompatible dtype is deprecated and will raise in a future error of pandas. Value '[-0.3259692 -0.3259692 -0.3259692 ... -0.3259692 -0.3259692 -0.3259692]' has dtype incompatible with int64, please explicitly cast to a compatible dtype first.
  transformed.loc[:, feature_columns] = (values - self.mean) / self.std
/Users/pranav/Projects/Professional/College/DS340W/SETCN/train.py:58: FutureWarning: Setting an item of incompatible dtype is deprecated and will raise in a future error of pandas. Value '[ 2.2050483  2.2050483  2.2050483 ... -0.4535049 -0.4535049 -0.4535049]' has dtype incompatible with int64, please explicitly cast to a compatible dtype first.
  transformed.loc[:, feature_columns] = (values - self.mean) / self.std
/Users/pranav/Projects/Professional/College/DS340W/SETCN/train.py:58: FutureWarning: Setting an item of incompatible dtype is deprecated and will raise in a future error of pandas. Value '[ 0.77159756 -1.2960125  -1.2960125  ... -1.2960125  -1.2960125
 -1.2960125 ]' has dtype incompatible with int64, please explicitly cast to a compatible dtype first.
  transformed.loc[:, feature_columns] = (values - self.mean) / self.std
/Users/pranav/Projects/Professional/College/DS340W/SETCN/train.py:58: FutureWarning: Setting an item of incompatible dtype is deprecated and will raise in a future error of pandas. Value '[ 1.8632246   1.8632246   1.8632246  ... -0.53670406 -0.53670406
 -0.53670406]' has dtype incompatible with int64, please explicitly cast to a compatible dtype first.
  transformed.loc[:, feature_columns] = (values - self.mean) / self.std
/Users/pranav/Projects/Professional/College/DS340W/SETCN/train.py:58: FutureWarning: Setting an item of incompatible dtype is deprecated and will raise in a future error of pandas. Value '[ 3.0677755  3.0677755  3.0677755 ... -0.3259692 -0.3259692 -0.3259692]' has dtype incompatible with int64, please explicitly cast to a compatible dtype first.
  transformed.loc[:, feature_columns] = (values - self.mean) / self.std
/Users/pranav/Projects/Professional/College/DS340W/SETCN/train.py:58: FutureWarning: Setting an item of incompatible dtype is deprecated and will raise in a future error of pandas. Value '[-0.4535049 -0.4535049 -0.4535049 ...  2.2050483  2.2050483  2.2050483]' has dtype incompatible with int64, please explicitly cast to a compatible dtype first.
  transformed.loc[:, feature_columns] = (values - self.mean) / self.std
/Users/pranav/Projects/Professional/College/DS340W/SETCN/train.py:58: FutureWarning: Setting an item of incompatible dtype is deprecated and will raise in a future error of pandas. Value '[0.77159756 0.77159756 0.77159756 ... 0.77159756 0.77159756 0.77159756]' has dtype incompatible with int64, please explicitly cast to a compatible dtype first.
  transformed.loc[:, feature_columns] = (values - self.mean) / self.std
/Users/pranav/Projects/Professional/College/DS340W/SETCN/train.py:58: FutureWarning: Setting an item of incompatible dtype is deprecated and will raise in a future error of pandas. Value '[ 1.8632246   1.8632246  -0.53670406 ...  1.8632246   1.8632246
  1.8632246 ]' has dtype incompatible with int64, please explicitly cast to a compatible dtype first.
  transformed.loc[:, feature_columns] = (values - self.mean) / self.std
/Users/pranav/Projects/Professional/College/DS340W/SETCN/train.py:58: FutureWarning: Setting an item of incompatible dtype is deprecated and will raise in a future error of pandas. Value '[ 3.0677755 -0.3259692 -0.3259692 ...  3.0677755  3.0677755  3.0677755]' has dtype incompatible with int64, please explicitly cast to a compatible dtype first.
  transformed.loc[:, feature_columns] = (values - self.mean) / self.std
/Users/pranav/Projects/Professional/College/DS340W/SETCN/train.py:58: FutureWarning: Setting an item of incompatible dtype is deprecated and will raise in a future error of pandas. Value '[-0.4535049 -0.4535049 -0.4535049 ... -0.4535049 -0.4535049 -0.4535049]' has dtype incompatible with int64, please explicitly cast to a compatible dtype first.
  transformed.loc[:, feature_columns] = (values - self.mean) / self.std
/Users/pranav/Projects/Professional/College/DS340W/SETCN/train.py:58: FutureWarning: Setting an item of incompatible dtype is deprecated and will raise in a future error of pandas. Value '[0.77159756 0.77159756 0.77159756 ... 0.77159756 0.77159756 0.77159756]' has dtype incompatible with int64, please explicitly cast to a compatible dtype first.
  transformed.loc[:, feature_columns] = (values - self.mean) / self.std
/Users/pranav/Projects/Professional/College/DS340W/SETCN/train.py:58: FutureWarning: Setting an item of incompatible dtype is deprecated and will raise in a future error of pandas. Value '[ 1.8632246   1.8632246   1.8632246  ... -0.53670406 -0.53670406
 -0.53670406]' has dtype incompatible with int64, please explicitly cast to a compatible dtype first.
  transformed.loc[:, feature_columns] = (values - self.mean) / self.std
/Users/pranav/Projects/Professional/College/DS340W/SETCN/train.py:58: FutureWarning: Setting an item of incompatible dtype is deprecated and will raise in a future error of pandas. Value '[-0.3259692 -0.3259692 -0.3259692 ... -0.3259692 -0.3259692 -0.3259692]' has dtype incompatible with int64, please explicitly cast to a compatible dtype first.
  transformed.loc[:, feature_columns] = (values - self.mean) / self.std
/Users/pranav/Projects/Professional/College/DS340W/SETCN/train.py:58: FutureWarning: Setting an item of incompatible dtype is deprecated and will raise in a future error of pandas. Value '[-0.4535049 -0.4535049 -0.4535049 ... -0.4535049 -0.4535049 -0.4535049]' has dtype incompatible with int64, please explicitly cast to a compatible dtype first.
  transformed.loc[:, feature_columns] = (values - self.mean) / self.std
/Users/pranav/Projects/Professional/College/DS340W/SETCN/train.py:58: FutureWarning: Setting an item of incompatible dtype is deprecated and will raise in a future error of pandas. Value '[-1.2960125 -1.2960125 -1.2960125 ... -1.2960125 -1.2960125 -1.2960125]' has dtype incompatible with int64, please explicitly cast to a compatible dtype first.
  transformed.loc[:, feature_columns] = (values - self.mean) / self.std
/Users/pranav/Projects/Professional/College/DS340W/SETCN/train.py:58: FutureWarning: Setting an item of incompatible dtype is deprecated and will raise in a future error of pandas. Value '[-0.53670406 -0.53670406 -0.53670406 ... -0.53670406 -0.53670406
 -0.53670406]' has dtype incompatible with int64, please explicitly cast to a compatible dtype first.
  transformed.loc[:, feature_columns] = (values - self.mean) / self.std
/Users/pranav/Projects/Professional/College/DS340W/SETCN/train.py:58: FutureWarning: Setting an item of incompatible dtype is deprecated and will raise in a future error of pandas. Value '[-0.3259692 -0.3259692 -0.3259692 ... -0.3259692 -0.3259692 -0.3259692]' has dtype incompatible with int64, please explicitly cast to a compatible dtype first.
  transformed.loc[:, feature_columns] = (values - self.mean) / self.std
/Users/pranav/Projects/Professional/College/DS340W/SETCN/train.py:58: FutureWarning: Setting an item of incompatible dtype is deprecated and will raise in a future error of pandas. Value '[ 2.2050483  2.2050483  2.2050483 ... -0.4535049 -0.4535049 -0.4535049]' has dtype incompatible with int64, please explicitly cast to a compatible dtype first.
  transformed.loc[:, feature_columns] = (values - self.mean) / self.std
/Users/pranav/Projects/Professional/College/DS340W/SETCN/train.py:58: FutureWarning: Setting an item of incompatible dtype is deprecated and will raise in a future error of pandas. Value '[ 0.77159756  0.77159756  0.77159756 ... -1.2960125  -1.2960125
 -1.2960125 ]' has dtype incompatible with int64, please explicitly cast to a compatible dtype first.
  transformed.loc[:, feature_columns] = (values - self.mean) / self.std
/Users/pranav/Projects/Professional/College/DS340W/SETCN/train.py:58: FutureWarning: Setting an item of incompatible dtype is deprecated and will raise in a future error of pandas. Value '[ 1.8632246   1.8632246   1.8632246  ... -0.53670406 -0.53670406
 -0.53670406]' has dtype incompatible with int64, please explicitly cast to a compatible dtype first.
  transformed.loc[:, feature_columns] = (values - self.mean) / self.std
/Users/pranav/Projects/Professional/College/DS340W/SETCN/train.py:58: FutureWarning: Setting an item of incompatible dtype is deprecated and will raise in a future error of pandas. Value '[ 3.0677755  3.0677755  3.0677755 ... -0.3259692 -0.3259692 -0.3259692]' has dtype incompatible with int64, please explicitly cast to a compatible dtype first.
  transformed.loc[:, feature_columns] = (values - self.mean) / self.std
/Users/pranav/Projects/Professional/College/DS340W/SETCN/train.py:58: FutureWarning: Setting an item of incompatible dtype is deprecated and will raise in a future error of pandas. Value '[-0.4535049 -0.4535049 -0.4535049 ... -0.4535049 -0.4535049 -0.4535049]' has dtype incompatible with int64, please explicitly cast to a compatible dtype first.
  transformed.loc[:, feature_columns] = (values - self.mean) / self.std
/Users/pranav/Projects/Professional/College/DS340W/SETCN/train.py:58: FutureWarning: Setting an item of incompatible dtype is deprecated and will raise in a future error of pandas. Value '[-1.2960125  -1.2960125  -1.2960125  ...  0.77159756  0.77159756
  0.77159756]' has dtype incompatible with int64, please explicitly cast to a compatible dtype first.
  transformed.loc[:, feature_columns] = (values - self.mean) / self.std
/Users/pranav/Projects/Professional/College/DS340W/SETCN/train.py:58: FutureWarning: Setting an item of incompatible dtype is deprecated and will raise in a future error of pandas. Value '[-0.53670406 -0.53670406 -0.53670406 ... -0.53670406 -0.53670406
 -0.53670406]' has dtype incompatible with int64, please explicitly cast to a compatible dtype first.
  transformed.loc[:, feature_columns] = (values - self.mean) / self.std
/Users/pranav/Projects/Professional/College/DS340W/SETCN/train.py:58: FutureWarning: Setting an item of incompatible dtype is deprecated and will raise in a future error of pandas. Value '[-0.3259692 -0.3259692 -0.3259692 ... -0.3259692 -0.3259692 -0.3259692]' has dtype incompatible with int64, please explicitly cast to a compatible dtype first.
  transformed.loc[:, feature_columns] = (values - self.mean) / self.std
/Users/pranav/Projects/Professional/College/DS340W/SETCN/train.py:58: FutureWarning: Setting an item of incompatible dtype is deprecated and will raise in a future error of pandas. Value '[-0.4535049 -0.4535049 -0.4535049 ... -0.4535049 -0.4535049 -0.4535049]' has dtype incompatible with int64, please explicitly cast to a compatible dtype first.
  transformed.loc[:, feature_columns] = (values - self.mean) / self.std
/Users/pranav/Projects/Professional/College/DS340W/SETCN/train.py:58: FutureWarning: Setting an item of incompatible dtype is deprecated and will raise in a future error of pandas. Value '[-1.2960125 -1.2960125 -1.2960125 ... -1.2960125 -1.2960125 -1.2960125]' has dtype incompatible with int64, please explicitly cast to a compatible dtype first.
  transformed.loc[:, feature_columns] = (values - self.mean) / self.std
/Users/pranav/Projects/Professional/College/DS340W/SETCN/train.py:58: FutureWarning: Setting an item of incompatible dtype is deprecated and will raise in a future error of pandas. Value '[-0.53670406 -0.53670406 -0.53670406 ... -0.53670406 -0.53670406
 -0.53670406]' has dtype incompatible with int64, please explicitly cast to a compatible dtype first.
  transformed.loc[:, feature_columns] = (values - self.mean) / self.std
/Users/pranav/Projects/Professional/College/DS340W/SETCN/train.py:58: FutureWarning: Setting an item of incompatible dtype is deprecated and will raise in a future error of pandas. Value '[-0.3259692 -0.3259692 -0.3259692 ... -0.3259692 -0.3259692 -0.3259692]' has dtype incompatible with int64, please explicitly cast to a compatible dtype first.
  transformed.loc[:, feature_columns] = (values - self.mean) / self.std
/Users/pranav/Projects/Professional/College/DS340W/SETCN/train.py:58: FutureWarning: Setting an item of incompatible dtype is deprecated and will raise in a future error of pandas. Value '[-0.4535049 -0.4535049 -0.4535049 ... -0.4535049 -0.4535049 -0.4535049]' has dtype incompatible with int64, please explicitly cast to a compatible dtype first.
  transformed.loc[:, feature_columns] = (values - self.mean) / self.std
/Users/pranav/Projects/Professional/College/DS340W/SETCN/train.py:58: FutureWarning: Setting an item of incompatible dtype is deprecated and will raise in a future error of pandas. Value '[-1.2960125 -1.2960125 -1.2960125 ... -1.2960125 -1.2960125 -1.2960125]' has dtype incompatible with int64, please explicitly cast to a compatible dtype first.
  transformed.loc[:, feature_columns] = (values - self.mean) / self.std
/Users/pranav/Projects/Professional/College/DS340W/SETCN/train.py:58: FutureWarning: Setting an item of incompatible dtype is deprecated and will raise in a future error of pandas. Value '[-0.53670406 -0.53670406 -0.53670406 ... -0.53670406 -0.53670406
 -0.53670406]' has dtype incompatible with int64, please explicitly cast to a compatible dtype first.
  transformed.loc[:, feature_columns] = (values - self.mean) / self.std
/Users/pranav/Projects/Professional/College/DS340W/SETCN/train.py:58: FutureWarning: Setting an item of incompatible dtype is deprecated and will raise in a future error of pandas. Value '[-0.3259692 -0.3259692 -0.3259692 ... -0.3259692 -0.3259692 -0.3259692]' has dtype incompatible with int64, please explicitly cast to a compatible dtype first.
  transformed.loc[:, feature_columns] = (values - self.mean) / self.std
/Users/pranav/Projects/Professional/College/DS340W/SETCN/train.py:58: FutureWarning: Setting an item of incompatible dtype is deprecated and will raise in a future error of pandas. Value '[-0.4535049 -0.4535049 -0.4535049 ... -0.4535049 -0.4535049  2.2050483]' has dtype incompatible with int64, please explicitly cast to a compatible dtype first.
  transformed.loc[:, feature_columns] = (values - self.mean) / self.std
/Users/pranav/Projects/Professional/College/DS340W/SETCN/train.py:58: FutureWarning: Setting an item of incompatible dtype is deprecated and will raise in a future error of pandas. Value '[-1.2960125  -1.2960125  -1.2960125  ...  0.77159756  0.77159756
  0.77159756]' has dtype incompatible with int64, please explicitly cast to a compatible dtype first.
  transformed.loc[:, feature_columns] = (values - self.mean) / self.std
/Users/pranav/Projects/Professional/College/DS340W/SETCN/train.py:58: FutureWarning: Setting an item of incompatible dtype is deprecated and will raise in a future error of pandas. Value '[-0.53670406 -0.53670406 -0.53670406 ... -0.53670406 -0.53670406
  1.8632246 ]' has dtype incompatible with int64, please explicitly cast to a compatible dtype first.
  transformed.loc[:, feature_columns] = (values - self.mean) / self.std
/Users/pranav/Projects/Professional/College/DS340W/SETCN/train.py:58: FutureWarning: Setting an item of incompatible dtype is deprecated and will raise in a future error of pandas. Value '[-0.3259692 -0.3259692 -0.3259692 ... -0.3259692 -0.3259692 -0.3259692]' has dtype incompatible with int64, please explicitly cast to a compatible dtype first.
  transformed.loc[:, feature_columns] = (values - self.mean) / self.std
/Users/pranav/Projects/Professional/College/DS340W/SETCN/train.py:58: FutureWarning: Setting an item of incompatible dtype is deprecated and will raise in a future error of pandas. Value '[-0.4535049 -0.4535049 -0.4535049 ...  2.2050483  2.2050483  2.2050483]' has dtype incompatible with int64, please explicitly cast to a compatible dtype first.
  transformed.loc[:, feature_columns] = (values - self.mean) / self.std
/Users/pranav/Projects/Professional/College/DS340W/SETCN/train.py:58: FutureWarning: Setting an item of incompatible dtype is deprecated and will raise in a future error of pandas. Value '[-1.2960125 -1.2960125 -1.2960125 ... -1.2960125 -1.2960125 -1.2960125]' has dtype incompatible with int64, please explicitly cast to a compatible dtype first.
  transformed.loc[:, feature_columns] = (values - self.mean) / self.std
/Users/pranav/Projects/Professional/College/DS340W/SETCN/train.py:58: FutureWarning: Setting an item of incompatible dtype is deprecated and will raise in a future error of pandas. Value '[-0.53670406 -0.53670406 -0.53670406 ...  1.8632246   1.8632246
  1.8632246 ]' has dtype incompatible with int64, please explicitly cast to a compatible dtype first.
  transformed.loc[:, feature_columns] = (values - self.mean) / self.std
/Users/pranav/Projects/Professional/College/DS340W/SETCN/train.py:58: FutureWarning: Setting an item of incompatible dtype is deprecated and will raise in a future error of pandas. Value '[-0.3259692 -0.3259692 -0.3259692 ... -0.3259692 -0.3259692 -0.3259692]' has dtype incompatible with int64, please explicitly cast to a compatible dtype first.
  transformed.loc[:, feature_columns] = (values - self.mean) / self.std
/Users/pranav/Projects/Professional/College/DS340W/SETCN/train.py:58: FutureWarning: Setting an item of incompatible dtype is deprecated and will raise in a future error of pandas. Value '[-0.4535049 -0.4535049 -0.4535049 ...  2.2050483  2.2050483  2.2050483]' has dtype incompatible with int64, please explicitly cast to a compatible dtype first.
  transformed.loc[:, feature_columns] = (values - self.mean) / self.std
/Users/pranav/Projects/Professional/College/DS340W/SETCN/train.py:58: FutureWarning: Setting an item of incompatible dtype is deprecated and will raise in a future error of pandas. Value '[0.77159756 0.77159756 0.77159756 ... 0.77159756 0.77159756 0.77159756]' has dtype incompatible with int64, please explicitly cast to a compatible dtype first.
  transformed.loc[:, feature_columns] = (values - self.mean) / self.std
/Users/pranav/Projects/Professional/College/DS340W/SETCN/train.py:58: FutureWarning: Setting an item of incompatible dtype is deprecated and will raise in a future error of pandas. Value '[-0.53670406 -0.53670406 -0.53670406 ...  1.8632246   1.8632246
  1.8632246 ]' has dtype incompatible with int64, please explicitly cast to a compatible dtype first.
  transformed.loc[:, feature_columns] = (values - self.mean) / self.std
/Users/pranav/Projects/Professional/College/DS340W/SETCN/train.py:58: FutureWarning: Setting an item of incompatible dtype is deprecated and will raise in a future error of pandas. Value '[-0.3259692 -0.3259692 -0.3259692 ... -0.3259692 -0.3259692 -0.3259692]' has dtype incompatible with int64, please explicitly cast to a compatible dtype first.
  transformed.loc[:, feature_columns] = (values - self.mean) / self.std
/Users/pranav/Projects/Professional/College/DS340W/SETCN/train.py:58: FutureWarning: Setting an item of incompatible dtype is deprecated and will raise in a future error of pandas. Value '[-0.4535049 -0.4535049 -0.4535049 ...  2.2050483  2.2050483  2.2050483]' has dtype incompatible with int64, please explicitly cast to a compatible dtype first.
  transformed.loc[:, feature_columns] = (values - self.mean) / self.std
/Users/pranav/Projects/Professional/College/DS340W/SETCN/train.py:58: FutureWarning: Setting an item of incompatible dtype is deprecated and will raise in a future error of pandas. Value '[-1.2960125 -1.2960125 -1.2960125 ... -1.2960125 -1.2960125 -1.2960125]' has dtype incompatible with int64, please explicitly cast to a compatible dtype first.
  transformed.loc[:, feature_columns] = (values - self.mean) / self.std
/Users/pranav/Projects/Professional/College/DS340W/SETCN/train.py:58: FutureWarning: Setting an item of incompatible dtype is deprecated and will raise in a future error of pandas. Value '[-0.53670406 -0.53670406 -0.53670406 ...  1.8632246   1.8632246
  1.8632246 ]' has dtype incompatible with int64, please explicitly cast to a compatible dtype first.
  transformed.loc[:, feature_columns] = (values - self.mean) / self.std
/Users/pranav/Projects/Professional/College/DS340W/SETCN/train.py:58: FutureWarning: Setting an item of incompatible dtype is deprecated and will raise in a future error of pandas. Value '[-0.3259692 -0.3259692 -0.3259692 ... -0.3259692 -0.3259692 -0.3259692]' has dtype incompatible with int64, please explicitly cast to a compatible dtype first.
  transformed.loc[:, feature_columns] = (values - self.mean) / self.std
/Users/pranav/Projects/Professional/College/DS340W/SETCN/train.py:58: FutureWarning: Setting an item of incompatible dtype is deprecated and will raise in a future error of pandas. Value '[-0.4535049 -0.4535049 -0.4535049 ... -0.4535049 -0.4535049 -0.4535049]' has dtype incompatible with int64, please explicitly cast to a compatible dtype first.
  transformed.loc[:, feature_columns] = (values - self.mean) / self.std
/Users/pranav/Projects/Professional/College/DS340W/SETCN/train.py:58: FutureWarning: Setting an item of incompatible dtype is deprecated and will raise in a future error of pandas. Value '[-1.2960125 -1.2960125 -1.2960125 ... -1.2960125 -1.2960125 -1.2960125]' has dtype incompatible with int64, please explicitly cast to a compatible dtype first.
  transformed.loc[:, feature_columns] = (values - self.mean) / self.std
/Users/pranav/Projects/Professional/College/DS340W/SETCN/train.py:58: FutureWarning: Setting an item of incompatible dtype is deprecated and will raise in a future error of pandas. Value '[-0.53670406 -0.53670406 -0.53670406 ... -0.53670406 -0.53670406
 -0.53670406]' has dtype incompatible with int64, please explicitly cast to a compatible dtype first.
  transformed.loc[:, feature_columns] = (values - self.mean) / self.std
/Users/pranav/Projects/Professional/College/DS340W/SETCN/train.py:58: FutureWarning: Setting an item of incompatible dtype is deprecated and will raise in a future error of pandas. Value '[-0.3259692 -0.3259692 -0.3259692 ... -0.3259692 -0.3259692 -0.3259692]' has dtype incompatible with int64, please explicitly cast to a compatible dtype first.
  transformed.loc[:, feature_columns] = (values - self.mean) / self.std
/Users/pranav/Projects/Professional/College/DS340W/SETCN/train.py:58: FutureWarning: Setting an item of incompatible dtype is deprecated and will raise in a future error of pandas. Value '[-0.4535049 -0.4535049 -0.4535049 ... -0.4535049  2.2050483  2.2050483]' has dtype incompatible with int64, please explicitly cast to a compatible dtype first.
  transformed.loc[:, feature_columns] = (values - self.mean) / self.std
/Users/pranav/Projects/Professional/College/DS340W/SETCN/train.py:58: FutureWarning: Setting an item of incompatible dtype is deprecated and will raise in a future error of pandas. Value '[-1.2960125 -1.2960125 -1.2960125 ... -1.2960125 -1.2960125 -1.2960125]' has dtype incompatible with int64, please explicitly cast to a compatible dtype first.
  transformed.loc[:, feature_columns] = (values - self.mean) / self.std
/Users/pranav/Projects/Professional/College/DS340W/SETCN/train.py:58: FutureWarning: Setting an item of incompatible dtype is deprecated and will raise in a future error of pandas. Value '[ 1.8632246   1.8632246   1.8632246  ... -0.53670406  1.8632246
  1.8632246 ]' has dtype incompatible with int64, please explicitly cast to a compatible dtype first.
  transformed.loc[:, feature_columns] = (values - self.mean) / self.std
/Users/pranav/Projects/Professional/College/DS340W/SETCN/train.py:58: FutureWarning: Setting an item of incompatible dtype is deprecated and will raise in a future error of pandas. Value '[-0.3259692 -0.3259692 -0.3259692 ... -0.3259692 -0.3259692 -0.3259692]' has dtype incompatible with int64, please explicitly cast to a compatible dtype first.
  transformed.loc[:, feature_columns] = (values - self.mean) / self.std
/Users/pranav/Projects/Professional/College/DS340W/SETCN/train.py:58: FutureWarning: Setting an item of incompatible dtype is deprecated and will raise in a future error of pandas. Value '[-0.4535049 -0.4535049 -0.4535049 ...  2.2050483  2.2050483 -0.4535049]' has dtype incompatible with int64, please explicitly cast to a compatible dtype first.
  transformed.loc[:, feature_columns] = (values - self.mean) / self.std
/Users/pranav/Projects/Professional/College/DS340W/SETCN/train.py:58: FutureWarning: Setting an item of incompatible dtype is deprecated and will raise in a future error of pandas. Value '[-1.2960125 -1.2960125 -1.2960125 ... -1.2960125 -1.2960125 -1.2960125]' has dtype incompatible with int64, please explicitly cast to a compatible dtype first.
  transformed.loc[:, feature_columns] = (values - self.mean) / self.std
/Users/pranav/Projects/Professional/College/DS340W/SETCN/train.py:58: FutureWarning: Setting an item of incompatible dtype is deprecated and will raise in a future error of pandas. Value '[-0.53670406 -0.53670406 -0.53670406 ...  1.8632246   1.8632246
  1.8632246 ]' has dtype incompatible with int64, please explicitly cast to a compatible dtype first.
  transformed.loc[:, feature_columns] = (values - self.mean) / self.std
/Users/pranav/Projects/Professional/College/DS340W/SETCN/train.py:58: FutureWarning: Setting an item of incompatible dtype is deprecated and will raise in a future error of pandas. Value '[-0.3259692 -0.3259692 -0.3259692 ... -0.3259692 -0.3259692 -0.3259692]' has dtype incompatible with int64, please explicitly cast to a compatible dtype first.
  transformed.loc[:, feature_columns] = (values - self.mean) / self.std
/Users/pranav/Projects/Professional/College/DS340W/SETCN/train.py:58: FutureWarning: Setting an item of incompatible dtype is deprecated and will raise in a future error of pandas. Value '[-0.4535049 -0.4535049 -0.4535049 ... -0.4535049 -0.4535049 -0.4535049]' has dtype incompatible with int64, please explicitly cast to a compatible dtype first.
  transformed.loc[:, feature_columns] = (values - self.mean) / self.std
/Users/pranav/Projects/Professional/College/DS340W/SETCN/train.py:58: FutureWarning: Setting an item of incompatible dtype is deprecated and will raise in a future error of pandas. Value '[0.77159756 0.77159756 0.77159756 ... 0.77159756 0.77159756 0.77159756]' has dtype incompatible with int64, please explicitly cast to a compatible dtype first.
  transformed.loc[:, feature_columns] = (values - self.mean) / self.std
/Users/pranav/Projects/Professional/College/DS340W/SETCN/train.py:58: FutureWarning: Setting an item of incompatible dtype is deprecated and will raise in a future error of pandas. Value '[-0.53670406 -0.53670406 -0.53670406 ...  1.8632246   1.8632246
  1.8632246 ]' has dtype incompatible with int64, please explicitly cast to a compatible dtype first.
  transformed.loc[:, feature_columns] = (values - self.mean) / self.std
/Users/pranav/Projects/Professional/College/DS340W/SETCN/train.py:58: FutureWarning: Setting an item of incompatible dtype is deprecated and will raise in a future error of pandas. Value '[-0.3259692 -0.3259692 -0.3259692 ...  3.0677755  3.0677755  3.0677755]' has dtype incompatible with int64, please explicitly cast to a compatible dtype first.
  transformed.loc[:, feature_columns] = (values - self.mean) / self.std
/Users/pranav/Projects/Professional/College/DS340W/SETCN/train.py:58: FutureWarning: Setting an item of incompatible dtype is deprecated and will raise in a future error of pandas. Value '[-0.4535049 -0.4535049 -0.4535049 ... -0.4535049 -0.4535049 -0.4535049]' has dtype incompatible with int64, please explicitly cast to a compatible dtype first.
  transformed.loc[:, feature_columns] = (values - self.mean) / self.std
/Users/pranav/Projects/Professional/College/DS340W/SETCN/train.py:58: FutureWarning: Setting an item of incompatible dtype is deprecated and will raise in a future error of pandas. Value '[-1.2960125 -1.2960125 -1.2960125 ... -1.2960125 -1.2960125 -1.2960125]' has dtype incompatible with int64, please explicitly cast to a compatible dtype first.
  transformed.loc[:, feature_columns] = (values - self.mean) / self.std
/Users/pranav/Projects/Professional/College/DS340W/SETCN/train.py:58: FutureWarning: Setting an item of incompatible dtype is deprecated and will raise in a future error of pandas. Value '[-0.53670406 -0.53670406 -0.53670406 ... -0.53670406 -0.53670406
 -0.53670406]' has dtype incompatible with int64, please explicitly cast to a compatible dtype first.
  transformed.loc[:, feature_columns] = (values - self.mean) / self.std
/Users/pranav/Projects/Professional/College/DS340W/SETCN/train.py:58: FutureWarning: Setting an item of incompatible dtype is deprecated and will raise in a future error of pandas. Value '[-0.3259692 -0.3259692 -0.3259692 ... -0.3259692 -0.3259692 -0.3259692]' has dtype incompatible with int64, please explicitly cast to a compatible dtype first.
  transformed.loc[:, feature_columns] = (values - self.mean) / self.std
/Users/pranav/Projects/Professional/College/DS340W/SETCN/train.py:58: FutureWarning: Setting an item of incompatible dtype is deprecated and will raise in a future error of pandas. Value '[-0.4535049 -0.4535049 -0.4535049 ... -0.4535049 -0.4535049 -0.4535049]' has dtype incompatible with int64, please explicitly cast to a compatible dtype first.
  transformed.loc[:, feature_columns] = (values - self.mean) / self.std
/Users/pranav/Projects/Professional/College/DS340W/SETCN/train.py:58: FutureWarning: Setting an item of incompatible dtype is deprecated and will raise in a future error of pandas. Value '[-1.2960125 -1.2960125 -1.2960125 ... -1.2960125 -1.2960125 -1.2960125]' has dtype incompatible with int64, please explicitly cast to a compatible dtype first.
  transformed.loc[:, feature_columns] = (values - self.mean) / self.std
/Users/pranav/Projects/Professional/College/DS340W/SETCN/train.py:58: FutureWarning: Setting an item of incompatible dtype is deprecated and will raise in a future error of pandas. Value '[-0.53670406 -0.53670406 -0.53670406 ...  1.8632246   1.8632246
  1.8632246 ]' has dtype incompatible with int64, please explicitly cast to a compatible dtype first.
  transformed.loc[:, feature_columns] = (values - self.mean) / self.std
/Users/pranav/Projects/Professional/College/DS340W/SETCN/train.py:58: FutureWarning: Setting an item of incompatible dtype is deprecated and will raise in a future error of pandas. Value '[-0.3259692 -0.3259692 -0.3259692 ...  3.0677755  3.0677755  3.0677755]' has dtype incompatible with int64, please explicitly cast to a compatible dtype first.
  transformed.loc[:, feature_columns] = (values - self.mean) / self.std
/Users/pranav/Projects/Professional/College/DS340W/SETCN/train.py:58: FutureWarning: Setting an item of incompatible dtype is deprecated and will raise in a future error of pandas. Value '[-0.4535049 -0.4535049 -0.4535049 ... -0.4535049 -0.4535049 -0.4535049]' has dtype incompatible with int64, please explicitly cast to a compatible dtype first.
  transformed.loc[:, feature_columns] = (values - self.mean) / self.std
/Users/pranav/Projects/Professional/College/DS340W/SETCN/train.py:58: FutureWarning: Setting an item of incompatible dtype is deprecated and will raise in a future error of pandas. Value '[-1.2960125 -1.2960125 -1.2960125 ... -1.2960125 -1.2960125 -1.2960125]' has dtype incompatible with int64, please explicitly cast to a compatible dtype first.
  transformed.loc[:, feature_columns] = (values - self.mean) / self.std
/Users/pranav/Projects/Professional/College/DS340W/SETCN/train.py:58: FutureWarning: Setting an item of incompatible dtype is deprecated and will raise in a future error of pandas. Value '[-0.53670406 -0.53670406 -0.53670406 ... -0.53670406 -0.53670406
 -0.53670406]' has dtype incompatible with int64, please explicitly cast to a compatible dtype first.
  transformed.loc[:, feature_columns] = (values - self.mean) / self.std
/Users/pranav/Projects/Professional/College/DS340W/SETCN/train.py:58: FutureWarning: Setting an item of incompatible dtype is deprecated and will raise in a future error of pandas. Value '[-0.3259692 -0.3259692 -0.3259692 ... -0.3259692 -0.3259692 -0.3259692]' has dtype incompatible with int64, please explicitly cast to a compatible dtype first.
  transformed.loc[:, feature_columns] = (values - self.mean) / self.std
/Users/pranav/Projects/Professional/College/DS340W/SETCN/train.py:58: FutureWarning: Setting an item of incompatible dtype is deprecated and will raise in a future error of pandas. Value '[-0.4535049 -0.4535049 -0.4535049 ... -0.4535049 -0.4535049 -0.4535049]' has dtype incompatible with int64, please explicitly cast to a compatible dtype first.
  transformed.loc[:, feature_columns] = (values - self.mean) / self.std
/Users/pranav/Projects/Professional/College/DS340W/SETCN/train.py:58: FutureWarning: Setting an item of incompatible dtype is deprecated and will raise in a future error of pandas. Value '[-1.2960125  -1.2960125  -1.2960125  ...  0.77159756  0.77159756
  0.77159756]' has dtype incompatible with int64, please explicitly cast to a compatible dtype first.
  transformed.loc[:, feature_columns] = (values - self.mean) / self.std
/Users/pranav/Projects/Professional/College/DS340W/SETCN/train.py:58: FutureWarning: Setting an item of incompatible dtype is deprecated and will raise in a future error of pandas. Value '[-0.53670406 -0.53670406 -0.53670406 ... -0.53670406 -0.53670406
 -0.53670406]' has dtype incompatible with int64, please explicitly cast to a compatible dtype first.
  transformed.loc[:, feature_columns] = (values - self.mean) / self.std
/Users/pranav/Projects/Professional/College/DS340W/SETCN/train.py:58: FutureWarning: Setting an item of incompatible dtype is deprecated and will raise in a future error of pandas. Value '[-0.3259692 -0.3259692 -0.3259692 ... -0.3259692 -0.3259692 -0.3259692]' has dtype incompatible with int64, please explicitly cast to a compatible dtype first.
  transformed.loc[:, feature_columns] = (values - self.mean) / self.std
/Users/pranav/Projects/Professional/College/DS340W/SETCN/train.py:58: FutureWarning: Setting an item of incompatible dtype is deprecated and will raise in a future error of pandas. Value '[-0.4535049 -0.4535049 -0.4535049 ... -0.4535049 -0.4535049 -0.4535049]' has dtype incompatible with int64, please explicitly cast to a compatible dtype first.
  transformed.loc[:, feature_columns] = (values - self.mean) / self.std
/Users/pranav/Projects/Professional/College/DS340W/SETCN/train.py:58: FutureWarning: Setting an item of incompatible dtype is deprecated and will raise in a future error of pandas. Value '[-1.2960125 -1.2960125 -1.2960125 ... -1.2960125 -1.2960125 -1.2960125]' has dtype incompatible with int64, please explicitly cast to a compatible dtype first.
  transformed.loc[:, feature_columns] = (values - self.mean) / self.std
/Users/pranav/Projects/Professional/College/DS340W/SETCN/train.py:58: FutureWarning: Setting an item of incompatible dtype is deprecated and will raise in a future error of pandas. Value '[ 1.8632246   1.8632246   1.8632246  ... -0.53670406 -0.53670406
 -0.53670406]' has dtype incompatible with int64, please explicitly cast to a compatible dtype first.
  transformed.loc[:, feature_columns] = (values - self.mean) / self.std
/Users/pranav/Projects/Professional/College/DS340W/SETCN/train.py:58: FutureWarning: Setting an item of incompatible dtype is deprecated and will raise in a future error of pandas. Value '[-0.3259692 -0.3259692 -0.3259692 ... -0.3259692 -0.3259692 -0.3259692]' has dtype incompatible with int64, please explicitly cast to a compatible dtype first.
  transformed.loc[:, feature_columns] = (values - self.mean) / self.std
/Users/pranav/Projects/Professional/College/DS340W/SETCN/train.py:58: FutureWarning: Setting an item of incompatible dtype is deprecated and will raise in a future error of pandas. Value '[-0.4535049 -0.4535049 -0.4535049 ... -0.4535049 -0.4535049 -0.4535049]' has dtype incompatible with int64, please explicitly cast to a compatible dtype first.
  transformed.loc[:, feature_columns] = (values - self.mean) / self.std
/Users/pranav/Projects/Professional/College/DS340W/SETCN/train.py:58: FutureWarning: Setting an item of incompatible dtype is deprecated and will raise in a future error of pandas. Value '[0.77159756 0.77159756 0.77159756 ... 0.77159756 0.77159756 0.77159756]' has dtype incompatible with int64, please explicitly cast to a compatible dtype first.
  transformed.loc[:, feature_columns] = (values - self.mean) / self.std
/Users/pranav/Projects/Professional/College/DS340W/SETCN/train.py:58: FutureWarning: Setting an item of incompatible dtype is deprecated and will raise in a future error of pandas. Value '[-0.53670406 -0.53670406 -0.53670406 ... -0.53670406 -0.53670406
 -0.53670406]' has dtype incompatible with int64, please explicitly cast to a compatible dtype first.
  transformed.loc[:, feature_columns] = (values - self.mean) / self.std
/Users/pranav/Projects/Professional/College/DS340W/SETCN/train.py:58: FutureWarning: Setting an item of incompatible dtype is deprecated and will raise in a future error of pandas. Value '[-0.3259692 -0.3259692 -0.3259692 ... -0.3259692 -0.3259692 -0.3259692]' has dtype incompatible with int64, please explicitly cast to a compatible dtype first.
  transformed.loc[:, feature_columns] = (values - self.mean) / self.std
/Users/pranav/Projects/Professional/College/DS340W/SETCN/train.py:58: FutureWarning: Setting an item of incompatible dtype is deprecated and will raise in a future error of pandas. Value '[-0.4535049 -0.4535049 -0.4535049 ... -0.4535049 -0.4535049 -0.4535049]' has dtype incompatible with int64, please explicitly cast to a compatible dtype first.
  transformed.loc[:, feature_columns] = (values - self.mean) / self.std
/Users/pranav/Projects/Professional/College/DS340W/SETCN/train.py:58: FutureWarning: Setting an item of incompatible dtype is deprecated and will raise in a future error of pandas. Value '[-1.2960125 -1.2960125 -1.2960125 ... -1.2960125 -1.2960125 -1.2960125]' has dtype incompatible with int64, please explicitly cast to a compatible dtype first.
  transformed.loc[:, feature_columns] = (values - self.mean) / self.std
/Users/pranav/Projects/Professional/College/DS340W/SETCN/train.py:58: FutureWarning: Setting an item of incompatible dtype is deprecated and will raise in a future error of pandas. Value '[ 1.8632246   1.8632246   1.8632246  ... -0.53670406 -0.53670406
 -0.53670406]' has dtype incompatible with int64, please explicitly cast to a compatible dtype first.
  transformed.loc[:, feature_columns] = (values - self.mean) / self.std
/Users/pranav/Projects/Professional/College/DS340W/SETCN/train.py:58: FutureWarning: Setting an item of incompatible dtype is deprecated and will raise in a future error of pandas. Value '[-0.3259692 -0.3259692 -0.3259692 ... -0.3259692 -0.3259692 -0.3259692]' has dtype incompatible with int64, please explicitly cast to a compatible dtype first.
  transformed.loc[:, feature_columns] = (values - self.mean) / self.std
/Users/pranav/Projects/Professional/College/DS340W/SETCN/train.py:58: FutureWarning: Setting an item of incompatible dtype is deprecated and will raise in a future error of pandas. Value '[-0.4535049 -0.4535049 -0.4535049 ...  2.2050483 -0.4535049 -0.4535049]' has dtype incompatible with int64, please explicitly cast to a compatible dtype first.
  transformed.loc[:, feature_columns] = (values - self.mean) / self.std
/Users/pranav/Projects/Professional/College/DS340W/SETCN/train.py:58: FutureWarning: Setting an item of incompatible dtype is deprecated and will raise in a future error of pandas. Value '[0.77159756 0.77159756 0.77159756 ... 0.77159756 0.77159756 0.77159756]' has dtype incompatible with int64, please explicitly cast to a compatible dtype first.
  transformed.loc[:, feature_columns] = (values - self.mean) / self.std
/Users/pranav/Projects/Professional/College/DS340W/SETCN/train.py:58: FutureWarning: Setting an item of incompatible dtype is deprecated and will raise in a future error of pandas. Value '[-0.53670406 -0.53670406 -0.53670406 ...  1.8632246   1.8632246
  1.8632246 ]' has dtype incompatible with int64, please explicitly cast to a compatible dtype first.
  transformed.loc[:, feature_columns] = (values - self.mean) / self.std
/Users/pranav/Projects/Professional/College/DS340W/SETCN/train.py:58: FutureWarning: Setting an item of incompatible dtype is deprecated and will raise in a future error of pandas. Value '[-0.3259692 -0.3259692 -0.3259692 ...  3.0677755  3.0677755  3.0677755]' has dtype incompatible with int64, please explicitly cast to a compatible dtype first.
  transformed.loc[:, feature_columns] = (values - self.mean) / self.std
/Users/pranav/Projects/Professional/College/DS340W/SETCN/train.py:58: FutureWarning: Setting an item of incompatible dtype is deprecated and will raise in a future error of pandas. Value '[-0.4535049 -0.4535049 -0.4535049 ... -0.4535049 -0.4535049 -0.4535049]' has dtype incompatible with int64, please explicitly cast to a compatible dtype first.
  transformed.loc[:, feature_columns] = (values - self.mean) / self.std
/Users/pranav/Projects/Professional/College/DS340W/SETCN/train.py:58: FutureWarning: Setting an item of incompatible dtype is deprecated and will raise in a future error of pandas. Value '[-1.2960125 -1.2960125 -1.2960125 ... -1.2960125 -1.2960125 -1.2960125]' has dtype incompatible with int64, please explicitly cast to a compatible dtype first.
  transformed.loc[:, feature_columns] = (values - self.mean) / self.std
/Users/pranav/Projects/Professional/College/DS340W/SETCN/train.py:58: FutureWarning: Setting an item of incompatible dtype is deprecated and will raise in a future error of pandas. Value '[ 1.8632246   1.8632246   1.8632246  ... -0.53670406 -0.53670406
 -0.53670406]' has dtype incompatible with int64, please explicitly cast to a compatible dtype first.
  transformed.loc[:, feature_columns] = (values - self.mean) / self.std
/Users/pranav/Projects/Professional/College/DS340W/SETCN/train.py:58: FutureWarning: Setting an item of incompatible dtype is deprecated and will raise in a future error of pandas. Value '[-0.3259692 -0.3259692 -0.3259692 ... -0.3259692 -0.3259692 -0.3259692]' has dtype incompatible with int64, please explicitly cast to a compatible dtype first.
  transformed.loc[:, feature_columns] = (values - self.mean) / self.std
/Users/pranav/Projects/Professional/College/DS340W/SETCN/train.py:58: FutureWarning: Setting an item of incompatible dtype is deprecated and will raise in a future error of pandas. Value '[-0.4535049 -0.4535049 -0.4535049 ... -0.4535049 -0.4535049 -0.4535049]' has dtype incompatible with int64, please explicitly cast to a compatible dtype first.
  transformed.loc[:, feature_columns] = (values - self.mean) / self.std
/Users/pranav/Projects/Professional/College/DS340W/SETCN/train.py:58: FutureWarning: Setting an item of incompatible dtype is deprecated and will raise in a future error of pandas. Value '[-1.2960125  -1.2960125  -1.2960125  ...  0.77159756  0.77159756
  0.77159756]' has dtype incompatible with int64, please explicitly cast to a compatible dtype first.
  transformed.loc[:, feature_columns] = (values - self.mean) / self.std
/Users/pranav/Projects/Professional/College/DS340W/SETCN/train.py:58: FutureWarning: Setting an item of incompatible dtype is deprecated and will raise in a future error of pandas. Value '[-0.53670406 -0.53670406 -0.53670406 ... -0.53670406 -0.53670406
 -0.53670406]' has dtype incompatible with int64, please explicitly cast to a compatible dtype first.
  transformed.loc[:, feature_columns] = (values - self.mean) / self.std
/Users/pranav/Projects/Professional/College/DS340W/SETCN/train.py:58: FutureWarning: Setting an item of incompatible dtype is deprecated and will raise in a future error of pandas. Value '[-0.3259692 -0.3259692 -0.3259692 ... -0.3259692 -0.3259692 -0.3259692]' has dtype incompatible with int64, please explicitly cast to a compatible dtype first.
  transformed.loc[:, feature_columns] = (values - self.mean) / self.std
/Users/pranav/Projects/Professional/College/DS340W/SETCN/train.py:58: FutureWarning: Setting an item of incompatible dtype is deprecated and will raise in a future error of pandas. Value '[-0.4535049 -0.4535049 -0.4535049 ...  2.2050483  2.2050483 -0.4535049]' has dtype incompatible with int64, please explicitly cast to a compatible dtype first.
  transformed.loc[:, feature_columns] = (values - self.mean) / self.std
/Users/pranav/Projects/Professional/College/DS340W/SETCN/train.py:58: FutureWarning: Setting an item of incompatible dtype is deprecated and will raise in a future error of pandas. Value '[-1.2960125  -1.2960125  -1.2960125  ...  0.77159756  0.77159756
  0.77159756]' has dtype incompatible with int64, please explicitly cast to a compatible dtype first.
  transformed.loc[:, feature_columns] = (values - self.mean) / self.std
/Users/pranav/Projects/Professional/College/DS340W/SETCN/train.py:58: FutureWarning: Setting an item of incompatible dtype is deprecated and will raise in a future error of pandas. Value '[-0.53670406 -0.53670406 -0.53670406 ...  1.8632246   1.8632246
  1.8632246 ]' has dtype incompatible with int64, please explicitly cast to a compatible dtype first.
  transformed.loc[:, feature_columns] = (values - self.mean) / self.std
/Users/pranav/Projects/Professional/College/DS340W/SETCN/train.py:58: FutureWarning: Setting an item of incompatible dtype is deprecated and will raise in a future error of pandas. Value '[-0.3259692 -0.3259692 -0.3259692 ... -0.3259692 -0.3259692 -0.3259692]' has dtype incompatible with int64, please explicitly cast to a compatible dtype first.
  transformed.loc[:, feature_columns] = (values - self.mean) / self.std
/Users/pranav/Projects/Professional/College/DS340W/SETCN/train.py:58: FutureWarning: Setting an item of incompatible dtype is deprecated and will raise in a future error of pandas. Value '[-0.4535049 -0.4535049 -0.4535049 ...  2.2050483  2.2050483  2.2050483]' has dtype incompatible with int64, please explicitly cast to a compatible dtype first.
  transformed.loc[:, feature_columns] = (values - self.mean) / self.std
/Users/pranav/Projects/Professional/College/DS340W/SETCN/train.py:58: FutureWarning: Setting an item of incompatible dtype is deprecated and will raise in a future error of pandas. Value '[-1.2960125 -1.2960125 -1.2960125 ... -1.2960125 -1.2960125 -1.2960125]' has dtype incompatible with int64, please explicitly cast to a compatible dtype first.
  transformed.loc[:, feature_columns] = (values - self.mean) / self.std
/Users/pranav/Projects/Professional/College/DS340W/SETCN/train.py:58: FutureWarning: Setting an item of incompatible dtype is deprecated and will raise in a future error of pandas. Value '[-0.53670406 -0.53670406 -0.53670406 ...  1.8632246   1.8632246
  1.8632246 ]' has dtype incompatible with int64, please explicitly cast to a compatible dtype first.
  transformed.loc[:, feature_columns] = (values - self.mean) / self.std
/Users/pranav/Projects/Professional/College/DS340W/SETCN/train.py:58: FutureWarning: Setting an item of incompatible dtype is deprecated and will raise in a future error of pandas. Value '[-0.3259692 -0.3259692 -0.3259692 ... -0.3259692 -0.3259692 -0.3259692]' has dtype incompatible with int64, please explicitly cast to a compatible dtype first.
  transformed.loc[:, feature_columns] = (values - self.mean) / self.std
/Users/pranav/Projects/Professional/College/DS340W/SETCN/train.py:58: FutureWarning: Setting an item of incompatible dtype is deprecated and will raise in a future error of pandas. Value '[-0.4535049 -0.4535049 -0.4535049 ...  2.2050483 -0.4535049 -0.4535049]' has dtype incompatible with int64, please explicitly cast to a compatible dtype first.
  transformed.loc[:, feature_columns] = (values - self.mean) / self.std
/Users/pranav/Projects/Professional/College/DS340W/SETCN/train.py:58: FutureWarning: Setting an item of incompatible dtype is deprecated and will raise in a future error of pandas. Value '[0.77159756 0.77159756 0.77159756 ... 0.77159756 0.77159756 0.77159756]' has dtype incompatible with int64, please explicitly cast to a compatible dtype first.
  transformed.loc[:, feature_columns] = (values - self.mean) / self.std
/Users/pranav/Projects/Professional/College/DS340W/SETCN/train.py:58: FutureWarning: Setting an item of incompatible dtype is deprecated and will raise in a future error of pandas. Value '[ 1.8632246  -0.53670406 -0.53670406 ...  1.8632246   1.8632246
  1.8632246 ]' has dtype incompatible with int64, please explicitly cast to a compatible dtype first.
  transformed.loc[:, feature_columns] = (values - self.mean) / self.std
/Users/pranav/Projects/Professional/College/DS340W/SETCN/train.py:58: FutureWarning: Setting an item of incompatible dtype is deprecated and will raise in a future error of pandas. Value '[-0.3259692 -0.3259692 -0.3259692 ... -0.3259692 -0.3259692 -0.3259692]' has dtype incompatible with int64, please explicitly cast to a compatible dtype first.
  transformed.loc[:, feature_columns] = (values - self.mean) / self.std
/Users/pranav/Projects/Professional/College/DS340W/SETCN/train.py:58: FutureWarning: Setting an item of incompatible dtype is deprecated and will raise in a future error of pandas. Value '[ 2.2050483  2.2050483  2.2050483 ... -0.4535049 -0.4535049 -0.4535049]' has dtype incompatible with int64, please explicitly cast to a compatible dtype first.
  transformed.loc[:, feature_columns] = (values - self.mean) / self.std
/Users/pranav/Projects/Professional/College/DS340W/SETCN/train.py:58: FutureWarning: Setting an item of incompatible dtype is deprecated and will raise in a future error of pandas. Value '[ 0.77159756  0.77159756  0.77159756 ... -1.2960125  -1.2960125
 -1.2960125 ]' has dtype incompatible with int64, please explicitly cast to a compatible dtype first.
  transformed.loc[:, feature_columns] = (values - self.mean) / self.std
/Users/pranav/Projects/Professional/College/DS340W/SETCN/train.py:58: FutureWarning: Setting an item of incompatible dtype is deprecated and will raise in a future error of pandas. Value '[ 1.8632246   1.8632246   1.8632246  ... -0.53670406 -0.53670406
 -0.53670406]' has dtype incompatible with int64, please explicitly cast to a compatible dtype first.
  transformed.loc[:, feature_columns] = (values - self.mean) / self.std
/Users/pranav/Projects/Professional/College/DS340W/SETCN/train.py:58: FutureWarning: Setting an item of incompatible dtype is deprecated and will raise in a future error of pandas. Value '[ 3.0677755  3.0677755  3.0677755 ... -0.3259692 -0.3259692 -0.3259692]' has dtype incompatible with int64, please explicitly cast to a compatible dtype first.
  transformed.loc[:, feature_columns] = (values - self.mean) / self.std
/Users/pranav/Projects/Professional/College/DS340W/SETCN/train.py:58: FutureWarning: Setting an item of incompatible dtype is deprecated and will raise in a future error of pandas. Value '[-0.4535049 -0.4535049 -0.4535049 ...  2.2050483  2.2050483  2.2050483]' has dtype incompatible with int64, please explicitly cast to a compatible dtype first.
  transformed.loc[:, feature_columns] = (values - self.mean) / self.std
/Users/pranav/Projects/Professional/College/DS340W/SETCN/train.py:58: FutureWarning: Setting an item of incompatible dtype is deprecated and will raise in a future error of pandas. Value '[-1.2960125  -1.2960125  -1.2960125  ...  0.77159756  0.77159756
  0.77159756]' has dtype incompatible with int64, please explicitly cast to a compatible dtype first.
  transformed.loc[:, feature_columns] = (values - self.mean) / self.std
/Users/pranav/Projects/Professional/College/DS340W/SETCN/train.py:58: FutureWarning: Setting an item of incompatible dtype is deprecated and will raise in a future error of pandas. Value '[-0.53670406 -0.53670406 -0.53670406 ...  1.8632246   1.8632246
  1.8632246 ]' has dtype incompatible with int64, please explicitly cast to a compatible dtype first.
  transformed.loc[:, feature_columns] = (values - self.mean) / self.std
/Users/pranav/Projects/Professional/College/DS340W/SETCN/train.py:58: FutureWarning: Setting an item of incompatible dtype is deprecated and will raise in a future error of pandas. Value '[-0.3259692 -0.3259692 -0.3259692 ... -0.3259692 -0.3259692 -0.3259692]' has dtype incompatible with int64, please explicitly cast to a compatible dtype first.
  transformed.loc[:, feature_columns] = (values - self.mean) / self.std
/Users/pranav/Projects/Professional/College/DS340W/SETCN/train.py:58: FutureWarning: Setting an item of incompatible dtype is deprecated and will raise in a future error of pandas. Value '[ 2.2050483  2.2050483  2.2050483 ... -0.4535049 -0.4535049 -0.4535049]' has dtype incompatible with int64, please explicitly cast to a compatible dtype first.
  transformed.loc[:, feature_columns] = (values - self.mean) / self.std
/Users/pranav/Projects/Professional/College/DS340W/SETCN/train.py:58: FutureWarning: Setting an item of incompatible dtype is deprecated and will raise in a future error of pandas. Value '[0.77159756 0.77159756 0.77159756 ... 0.77159756 0.77159756 0.77159756]' has dtype incompatible with int64, please explicitly cast to a compatible dtype first.
  transformed.loc[:, feature_columns] = (values - self.mean) / self.std
/Users/pranav/Projects/Professional/College/DS340W/SETCN/train.py:58: FutureWarning: Setting an item of incompatible dtype is deprecated and will raise in a future error of pandas. Value '[ 1.8632246   1.8632246   1.8632246  ... -0.53670406 -0.53670406
 -0.53670406]' has dtype incompatible with int64, please explicitly cast to a compatible dtype first.
  transformed.loc[:, feature_columns] = (values - self.mean) / self.std
/Users/pranav/Projects/Professional/College/DS340W/SETCN/train.py:58: FutureWarning: Setting an item of incompatible dtype is deprecated and will raise in a future error of pandas. Value '[ 3.0677755  3.0677755  3.0677755 ... -0.3259692 -0.3259692 -0.3259692]' has dtype incompatible with int64, please explicitly cast to a compatible dtype first.
  transformed.loc[:, feature_columns] = (values - self.mean) / self.std
/Users/pranav/Projects/Professional/College/DS340W/SETCN/train.py:58: FutureWarning: Setting an item of incompatible dtype is deprecated and will raise in a future error of pandas. Value '[-0.4535049 -0.4535049 -0.4535049 ... -0.4535049 -0.4535049 -0.4535049]' has dtype incompatible with int64, please explicitly cast to a compatible dtype first.
  transformed.loc[:, feature_columns] = (values - self.mean) / self.std
/Users/pranav/Projects/Professional/College/DS340W/SETCN/train.py:58: FutureWarning: Setting an item of incompatible dtype is deprecated and will raise in a future error of pandas. Value '[-1.2960125  -1.2960125  -1.2960125  ...  0.77159756  0.77159756
  0.77159756]' has dtype incompatible with int64, please explicitly cast to a compatible dtype first.
  transformed.loc[:, feature_columns] = (values - self.mean) / self.std
/Users/pranav/Projects/Professional/College/DS340W/SETCN/train.py:58: FutureWarning: Setting an item of incompatible dtype is deprecated and will raise in a future error of pandas. Value '[-0.53670406 -0.53670406 -0.53670406 ... -0.53670406 -0.53670406
 -0.53670406]' has dtype incompatible with int64, please explicitly cast to a compatible dtype first.
  transformed.loc[:, feature_columns] = (values - self.mean) / self.std
/Users/pranav/Projects/Professional/College/DS340W/SETCN/train.py:58: FutureWarning: Setting an item of incompatible dtype is deprecated and will raise in a future error of pandas. Value '[-0.3259692 -0.3259692 -0.3259692 ... -0.3259692 -0.3259692 -0.3259692]' has dtype incompatible with int64, please explicitly cast to a compatible dtype first.
  transformed.loc[:, feature_columns] = (values - self.mean) / self.std
/Users/pranav/Projects/Professional/College/DS340W/SETCN/train.py:58: FutureWarning: Setting an item of incompatible dtype is deprecated and will raise in a future error of pandas. Value '[ 2.2050483  2.2050483  2.2050483 ... -0.4535049 -0.4535049 -0.4535049]' has dtype incompatible with int64, please explicitly cast to a compatible dtype first.
  transformed.loc[:, feature_columns] = (values - self.mean) / self.std
/Users/pranav/Projects/Professional/College/DS340W/SETCN/train.py:58: FutureWarning: Setting an item of incompatible dtype is deprecated and will raise in a future error of pandas. Value '[-1.2960125  -1.2960125  -1.2960125  ...  0.77159756  0.77159756
  0.77159756]' has dtype incompatible with int64, please explicitly cast to a compatible dtype first.
  transformed.loc[:, feature_columns] = (values - self.mean) / self.std
/Users/pranav/Projects/Professional/College/DS340W/SETCN/train.py:58: FutureWarning: Setting an item of incompatible dtype is deprecated and will raise in a future error of pandas. Value '[ 1.8632246   1.8632246   1.8632246  ... -0.53670406 -0.53670406
 -0.53670406]' has dtype incompatible with int64, please explicitly cast to a compatible dtype first.
  transformed.loc[:, feature_columns] = (values - self.mean) / self.std
/Users/pranav/Projects/Professional/College/DS340W/SETCN/train.py:58: FutureWarning: Setting an item of incompatible dtype is deprecated and will raise in a future error of pandas. Value '[ 3.0677755  3.0677755  3.0677755 ... -0.3259692 -0.3259692 -0.3259692]' has dtype incompatible with int64, please explicitly cast to a compatible dtype first.
  transformed.loc[:, feature_columns] = (values - self.mean) / self.std
/Users/pranav/Projects/Professional/College/DS340W/SETCN/train.py:58: FutureWarning: Setting an item of incompatible dtype is deprecated and will raise in a future error of pandas. Value '[-0.4535049 -0.4535049 -0.4535049 ... -0.4535049 -0.4535049 -0.4535049]' has dtype incompatible with int64, please explicitly cast to a compatible dtype first.
  transformed.loc[:, feature_columns] = (values - self.mean) / self.std
/Users/pranav/Projects/Professional/College/DS340W/SETCN/train.py:58: FutureWarning: Setting an item of incompatible dtype is deprecated and will raise in a future error of pandas. Value '[-1.2960125 -1.2960125 -1.2960125 ... -1.2960125 -1.2960125 -1.2960125]' has dtype incompatible with int64, please explicitly cast to a compatible dtype first.
  transformed.loc[:, feature_columns] = (values - self.mean) / self.std
/Users/pranav/Projects/Professional/College/DS340W/SETCN/train.py:58: FutureWarning: Setting an item of incompatible dtype is deprecated and will raise in a future error of pandas. Value '[ 1.8632246   1.8632246   1.8632246  ... -0.53670406 -0.53670406
 -0.53670406]' has dtype incompatible with int64, please explicitly cast to a compatible dtype first.
  transformed.loc[:, feature_columns] = (values - self.mean) / self.std
/Users/pranav/Projects/Professional/College/DS340W/SETCN/train.py:58: FutureWarning: Setting an item of incompatible dtype is deprecated and will raise in a future error of pandas. Value '[-0.3259692 -0.3259692 -0.3259692 ... -0.3259692 -0.3259692 -0.3259692]' has dtype incompatible with int64, please explicitly cast to a compatible dtype first.
  transformed.loc[:, feature_columns] = (values - self.mean) / self.std
/Users/pranav/Projects/Professional/College/DS340W/SETCN/train.py:58: FutureWarning: Setting an item of incompatible dtype is deprecated and will raise in a future error of pandas. Value '[ 2.2050483  2.2050483  2.2050483 ... -0.4535049 -0.4535049 -0.4535049]' has dtype incompatible with int64, please explicitly cast to a compatible dtype first.
  transformed.loc[:, feature_columns] = (values - self.mean) / self.std
/Users/pranav/Projects/Professional/College/DS340W/SETCN/train.py:58: FutureWarning: Setting an item of incompatible dtype is deprecated and will raise in a future error of pandas. Value '[-1.2960125  -1.2960125  -1.2960125  ...  0.77159756  0.77159756
  0.77159756]' has dtype incompatible with int64, please explicitly cast to a compatible dtype first.
  transformed.loc[:, feature_columns] = (values - self.mean) / self.std
/Users/pranav/Projects/Professional/College/DS340W/SETCN/train.py:58: FutureWarning: Setting an item of incompatible dtype is deprecated and will raise in a future error of pandas. Value '[1.8632246 1.8632246 1.8632246 ... 1.8632246 1.8632246 1.8632246]' has dtype incompatible with int64, please explicitly cast to a compatible dtype first.
  transformed.loc[:, feature_columns] = (values - self.mean) / self.std
/Users/pranav/Projects/Professional/College/DS340W/SETCN/train.py:58: FutureWarning: Setting an item of incompatible dtype is deprecated and will raise in a future error of pandas. Value '[3.0677755 3.0677755 3.0677755 ... 3.0677755 3.0677755 3.0677755]' has dtype incompatible with int64, please explicitly cast to a compatible dtype first.
  transformed.loc[:, feature_columns] = (values - self.mean) / self.std
/Users/pranav/Projects/Professional/College/DS340W/SETCN/train.py:58: FutureWarning: Setting an item of incompatible dtype is deprecated and will raise in a future error of pandas. Value '[2.2050483 2.2050483 2.2050483 ... 2.2050483 2.2050483 2.2050483]' has dtype incompatible with int64, please explicitly cast to a compatible dtype first.
  transformed.loc[:, feature_columns] = (values - self.mean) / self.std
/Users/pranav/Projects/Professional/College/DS340W/SETCN/train.py:58: FutureWarning: Setting an item of incompatible dtype is deprecated and will raise in a future error of pandas. Value '[0.77159756 0.77159756 0.77159756 ... 0.77159756 0.77159756 0.77159756]' has dtype incompatible with int64, please explicitly cast to a compatible dtype first.
  transformed.loc[:, feature_columns] = (values - self.mean) / self.std
/Users/pranav/Projects/Professional/College/DS340W/SETCN/train.py:58: FutureWarning: Setting an item of incompatible dtype is deprecated and will raise in a future error of pandas. Value '[1.8632246 1.8632246 1.8632246 ... 1.8632246 1.8632246 1.8632246]' has dtype incompatible with int64, please explicitly cast to a compatible dtype first.
  transformed.loc[:, feature_columns] = (values - self.mean) / self.std
/Users/pranav/Projects/Professional/College/DS340W/SETCN/train.py:58: FutureWarning: Setting an item of incompatible dtype is deprecated and will raise in a future error of pandas. Value '[ 3.0677755  3.0677755  3.0677755 ... -0.3259692 -0.3259692 -0.3259692]' has dtype incompatible with int64, please explicitly cast to a compatible dtype first.
  transformed.loc[:, feature_columns] = (values - self.mean) / self.std
/Users/pranav/Projects/Professional/College/DS340W/SETCN/train.py:58: FutureWarning: Setting an item of incompatible dtype is deprecated and will raise in a future error of pandas. Value '[2.2050483 2.2050483 2.2050483 ... 2.2050483 2.2050483 2.2050483]' has dtype incompatible with int64, please explicitly cast to a compatible dtype first.
  transformed.loc[:, feature_columns] = (values - self.mean) / self.std
/Users/pranav/Projects/Professional/College/DS340W/SETCN/train.py:58: FutureWarning: Setting an item of incompatible dtype is deprecated and will raise in a future error of pandas. Value '[-1.2960125  -1.2960125  -1.2960125  ...  0.77159756  0.77159756
  0.77159756]' has dtype incompatible with int64, please explicitly cast to a compatible dtype first.
  transformed.loc[:, feature_columns] = (values - self.mean) / self.std
/Users/pranav/Projects/Professional/College/DS340W/SETCN/train.py:58: FutureWarning: Setting an item of incompatible dtype is deprecated and will raise in a future error of pandas. Value '[1.8632246 1.8632246 1.8632246 ... 1.8632246 1.8632246 1.8632246]' has dtype incompatible with int64, please explicitly cast to a compatible dtype first.
  transformed.loc[:, feature_columns] = (values - self.mean) / self.std
/Users/pranav/Projects/Professional/College/DS340W/SETCN/train.py:58: FutureWarning: Setting an item of incompatible dtype is deprecated and will raise in a future error of pandas. Value '[3.0677755 3.0677755 3.0677755 ... 3.0677755 3.0677755 3.0677755]' has dtype incompatible with int64, please explicitly cast to a compatible dtype first.
  transformed.loc[:, feature_columns] = (values - self.mean) / self.std
/Users/pranav/Projects/Professional/College/DS340W/SETCN/train.py:58: FutureWarning: Setting an item of incompatible dtype is deprecated and will raise in a future error of pandas. Value '[-0.4535049 -0.4535049 -0.4535049 ... -0.4535049 -0.4535049 -0.4535049]' has dtype incompatible with int64, please explicitly cast to a compatible dtype first.
  transformed.loc[:, feature_columns] = (values - self.mean) / self.std
/Users/pranav/Projects/Professional/College/DS340W/SETCN/train.py:58: FutureWarning: Setting an item of incompatible dtype is deprecated and will raise in a future error of pandas. Value '[0.77159756 0.77159756 0.77159756 ... 0.77159756 0.77159756 0.77159756]' has dtype incompatible with int64, please explicitly cast to a compatible dtype first.
  transformed.loc[:, feature_columns] = (values - self.mean) / self.std
/Users/pranav/Projects/Professional/College/DS340W/SETCN/train.py:58: FutureWarning: Setting an item of incompatible dtype is deprecated and will raise in a future error of pandas. Value '[-0.53670406 -0.53670406 -0.53670406 ... -0.53670406 -0.53670406
 -0.53670406]' has dtype incompatible with int64, please explicitly cast to a compatible dtype first.
  transformed.loc[:, feature_columns] = (values - self.mean) / self.std
/Users/pranav/Projects/Professional/College/DS340W/SETCN/train.py:58: FutureWarning: Setting an item of incompatible dtype is deprecated and will raise in a future error of pandas. Value '[-0.3259692 -0.3259692 -0.3259692 ... -0.3259692 -0.3259692 -0.3259692]' has dtype incompatible with int64, please explicitly cast to a compatible dtype first.
  transformed.loc[:, feature_columns] = (values - self.mean) / self.std
/Users/pranav/Projects/Professional/College/DS340W/SETCN/train.py:58: FutureWarning: Setting an item of incompatible dtype is deprecated and will raise in a future error of pandas. Value '[-0.4535049 -0.4535049 -0.4535049 ...  2.2050483 -0.4535049 -0.4535049]' has dtype incompatible with int64, please explicitly cast to a compatible dtype first.
  transformed.loc[:, feature_columns] = (values - self.mean) / self.std
/Users/pranav/Projects/Professional/College/DS340W/SETCN/train.py:58: FutureWarning: Setting an item of incompatible dtype is deprecated and will raise in a future error of pandas. Value '[ 0.77159756  0.77159756  0.77159756 ... -1.2960125  -1.2960125
 -1.2960125 ]' has dtype incompatible with int64, please explicitly cast to a compatible dtype first.
  transformed.loc[:, feature_columns] = (values - self.mean) / self.std
/Users/pranav/Projects/Professional/College/DS340W/SETCN/train.py:58: FutureWarning: Setting an item of incompatible dtype is deprecated and will raise in a future error of pandas. Value '[ 1.8632246   1.8632246   1.8632246  ...  1.8632246  -0.53670406
 -0.53670406]' has dtype incompatible with int64, please explicitly cast to a compatible dtype first.
  transformed.loc[:, feature_columns] = (values - self.mean) / self.std
/Users/pranav/Projects/Professional/College/DS340W/SETCN/train.py:58: FutureWarning: Setting an item of incompatible dtype is deprecated and will raise in a future error of pandas. Value '[ 3.0677755  3.0677755  3.0677755 ... -0.3259692 -0.3259692 -0.3259692]' has dtype incompatible with int64, please explicitly cast to a compatible dtype first.
  transformed.loc[:, feature_columns] = (values - self.mean) / self.std
/Users/pranav/Projects/Professional/College/DS340W/SETCN/train.py:58: FutureWarning: Setting an item of incompatible dtype is deprecated and will raise in a future error of pandas. Value '[ 2.2050483  2.2050483  2.2050483 ... -0.4535049 -0.4535049 -0.4535049]' has dtype incompatible with int64, please explicitly cast to a compatible dtype first.
  transformed.loc[:, feature_columns] = (values - self.mean) / self.std
/Users/pranav/Projects/Professional/College/DS340W/SETCN/train.py:58: FutureWarning: Setting an item of incompatible dtype is deprecated and will raise in a future error of pandas. Value '[ 0.77159756  0.77159756  0.77159756 ... -1.2960125  -1.2960125
 -1.2960125 ]' has dtype incompatible with int64, please explicitly cast to a compatible dtype first.
  transformed.loc[:, feature_columns] = (values - self.mean) / self.std
/Users/pranav/Projects/Professional/College/DS340W/SETCN/train.py:58: FutureWarning: Setting an item of incompatible dtype is deprecated and will raise in a future error of pandas. Value '[ 1.8632246   1.8632246   1.8632246  ... -0.53670406 -0.53670406
 -0.53670406]' has dtype incompatible with int64, please explicitly cast to a compatible dtype first.
  transformed.loc[:, feature_columns] = (values - self.mean) / self.std
/Users/pranav/Projects/Professional/College/DS340W/SETCN/train.py:58: FutureWarning: Setting an item of incompatible dtype is deprecated and will raise in a future error of pandas. Value '[ 3.0677755  3.0677755  3.0677755 ... -0.3259692 -0.3259692 -0.3259692]' has dtype incompatible with int64, please explicitly cast to a compatible dtype first.
  transformed.loc[:, feature_columns] = (values - self.mean) / self.std
/Users/pranav/Projects/Professional/College/DS340W/SETCN/train.py:58: FutureWarning: Setting an item of incompatible dtype is deprecated and will raise in a future error of pandas. Value '[-0.4535049 -0.4535049 -0.4535049 ... -0.4535049 -0.4535049 -0.4535049]' has dtype incompatible with int64, please explicitly cast to a compatible dtype first.
  transformed.loc[:, feature_columns] = (values - self.mean) / self.std
/Users/pranav/Projects/Professional/College/DS340W/SETCN/train.py:58: FutureWarning: Setting an item of incompatible dtype is deprecated and will raise in a future error of pandas. Value '[-1.2960125 -1.2960125 -1.2960125 ... -1.2960125 -1.2960125 -1.2960125]' has dtype incompatible with int64, please explicitly cast to a compatible dtype first.
  transformed.loc[:, feature_columns] = (values - self.mean) / self.std
/Users/pranav/Projects/Professional/College/DS340W/SETCN/train.py:58: FutureWarning: Setting an item of incompatible dtype is deprecated and will raise in a future error of pandas. Value '[-0.53670406 -0.53670406  1.8632246  ... -0.53670406 -0.53670406
 -0.53670406]' has dtype incompatible with int64, please explicitly cast to a compatible dtype first.
  transformed.loc[:, feature_columns] = (values - self.mean) / self.std
/Users/pranav/Projects/Professional/College/DS340W/SETCN/train.py:58: FutureWarning: Setting an item of incompatible dtype is deprecated and will raise in a future error of pandas. Value '[-0.3259692 -0.3259692 -0.3259692 ... -0.3259692 -0.3259692 -0.3259692]' has dtype incompatible with int64, please explicitly cast to a compatible dtype first.
  transformed.loc[:, feature_columns] = (values - self.mean) / self.std
/Users/pranav/Projects/Professional/College/DS340W/SETCN/train.py:58: FutureWarning: Setting an item of incompatible dtype is deprecated and will raise in a future error of pandas. Value '[ 2.2050483  2.2050483  2.2050483 ... -0.4535049 -0.4535049 -0.4535049]' has dtype incompatible with int64, please explicitly cast to a compatible dtype first.
  transformed.loc[:, feature_columns] = (values - self.mean) / self.std
/Users/pranav/Projects/Professional/College/DS340W/SETCN/train.py:58: FutureWarning: Setting an item of incompatible dtype is deprecated and will raise in a future error of pandas. Value '[-1.2960125 -1.2960125 -1.2960125 ... -1.2960125 -1.2960125 -1.2960125]' has dtype incompatible with int64, please explicitly cast to a compatible dtype first.
  transformed.loc[:, feature_columns] = (values - self.mean) / self.std
/Users/pranav/Projects/Professional/College/DS340W/SETCN/train.py:58: FutureWarning: Setting an item of incompatible dtype is deprecated and will raise in a future error of pandas. Value '[ 1.8632246   1.8632246   1.8632246  ... -0.53670406 -0.53670406
 -0.53670406]' has dtype incompatible with int64, please explicitly cast to a compatible dtype first.
  transformed.loc[:, feature_columns] = (values - self.mean) / self.std
/Users/pranav/Projects/Professional/College/DS340W/SETCN/train.py:58: FutureWarning: Setting an item of incompatible dtype is deprecated and will raise in a future error of pandas. Value '[ 3.0677755  3.0677755  3.0677755 ... -0.3259692 -0.3259692 -0.3259692]' has dtype incompatible with int64, please explicitly cast to a compatible dtype first.
  transformed.loc[:, feature_columns] = (values - self.mean) / self.std
/Users/pranav/Projects/Professional/College/DS340W/SETCN/train.py:58: FutureWarning: Setting an item of incompatible dtype is deprecated and will raise in a future error of pandas. Value '[-0.4535049 -0.4535049 -0.4535049 ... -0.4535049 -0.4535049 -0.4535049]' has dtype incompatible with int64, please explicitly cast to a compatible dtype first.
  transformed.loc[:, feature_columns] = (values - self.mean) / self.std
/Users/pranav/Projects/Professional/College/DS340W/SETCN/train.py:58: FutureWarning: Setting an item of incompatible dtype is deprecated and will raise in a future error of pandas. Value '[-1.2960125 -1.2960125 -1.2960125 ... -1.2960125 -1.2960125 -1.2960125]' has dtype incompatible with int64, please explicitly cast to a compatible dtype first.
  transformed.loc[:, feature_columns] = (values - self.mean) / self.std
/Users/pranav/Projects/Professional/College/DS340W/SETCN/train.py:58: FutureWarning: Setting an item of incompatible dtype is deprecated and will raise in a future error of pandas. Value '[-0.53670406 -0.53670406 -0.53670406 ... -0.53670406 -0.53670406
 -0.53670406]' has dtype incompatible with int64, please explicitly cast to a compatible dtype first.
  transformed.loc[:, feature_columns] = (values - self.mean) / self.std
/Users/pranav/Projects/Professional/College/DS340W/SETCN/train.py:58: FutureWarning: Setting an item of incompatible dtype is deprecated and will raise in a future error of pandas. Value '[-0.3259692 -0.3259692 -0.3259692 ... -0.3259692 -0.3259692 -0.3259692]' has dtype incompatible with int64, please explicitly cast to a compatible dtype first.
  transformed.loc[:, feature_columns] = (values - self.mean) / self.std
/Users/pranav/Projects/Professional/College/DS340W/SETCN/train.py:58: FutureWarning: Setting an item of incompatible dtype is deprecated and will raise in a future error of pandas. Value '[ 2.2050483  2.2050483  2.2050483 ... -0.4535049 -0.4535049 -0.4535049]' has dtype incompatible with int64, please explicitly cast to a compatible dtype first.
  transformed.loc[:, feature_columns] = (values - self.mean) / self.std
/Users/pranav/Projects/Professional/College/DS340W/SETCN/train.py:58: FutureWarning: Setting an item of incompatible dtype is deprecated and will raise in a future error of pandas. Value '[-1.2960125  -1.2960125  -1.2960125  ...  0.77159756  0.77159756
  0.77159756]' has dtype incompatible with int64, please explicitly cast to a compatible dtype first.
  transformed.loc[:, feature_columns] = (values - self.mean) / self.std
/Users/pranav/Projects/Professional/College/DS340W/SETCN/train.py:58: FutureWarning: Setting an item of incompatible dtype is deprecated and will raise in a future error of pandas. Value '[ 1.8632246   1.8632246   1.8632246  ... -0.53670406 -0.53670406
 -0.53670406]' has dtype incompatible with int64, please explicitly cast to a compatible dtype first.
  transformed.loc[:, feature_columns] = (values - self.mean) / self.std
/Users/pranav/Projects/Professional/College/DS340W/SETCN/train.py:58: FutureWarning: Setting an item of incompatible dtype is deprecated and will raise in a future error of pandas. Value '[ 3.0677755  3.0677755  3.0677755 ... -0.3259692 -0.3259692 -0.3259692]' has dtype incompatible with int64, please explicitly cast to a compatible dtype first.
  transformed.loc[:, feature_columns] = (values - self.mean) / self.std
/Users/pranav/Projects/Professional/College/DS340W/SETCN/train.py:58: FutureWarning: Setting an item of incompatible dtype is deprecated and will raise in a future error of pandas. Value '[-0.4535049 -0.4535049 -0.4535049 ... -0.4535049 -0.4535049 -0.4535049]' has dtype incompatible with int64, please explicitly cast to a compatible dtype first.
  transformed.loc[:, feature_columns] = (values - self.mean) / self.std
/Users/pranav/Projects/Professional/College/DS340W/SETCN/train.py:58: FutureWarning: Setting an item of incompatible dtype is deprecated and will raise in a future error of pandas. Value '[-1.2960125 -1.2960125 -1.2960125 ... -1.2960125 -1.2960125 -1.2960125]' has dtype incompatible with int64, please explicitly cast to a compatible dtype first.
  transformed.loc[:, feature_columns] = (values - self.mean) / self.std
/Users/pranav/Projects/Professional/College/DS340W/SETCN/train.py:58: FutureWarning: Setting an item of incompatible dtype is deprecated and will raise in a future error of pandas. Value '[-0.53670406 -0.53670406 -0.53670406 ... -0.53670406 -0.53670406
 -0.53670406]' has dtype incompatible with int64, please explicitly cast to a compatible dtype first.
  transformed.loc[:, feature_columns] = (values - self.mean) / self.std
/Users/pranav/Projects/Professional/College/DS340W/SETCN/train.py:58: FutureWarning: Setting an item of incompatible dtype is deprecated and will raise in a future error of pandas. Value '[-0.3259692 -0.3259692 -0.3259692 ... -0.3259692 -0.3259692 -0.3259692]' has dtype incompatible with int64, please explicitly cast to a compatible dtype first.
  transformed.loc[:, feature_columns] = (values - self.mean) / self.std
/Users/pranav/Projects/Professional/College/DS340W/SETCN/train.py:58: FutureWarning: Setting an item of incompatible dtype is deprecated and will raise in a future error of pandas. Value '[-0.4535049 -0.4535049 -0.4535049 ... -0.4535049 -0.4535049 -0.4535049]' has dtype incompatible with int64, please explicitly cast to a compatible dtype first.
  transformed.loc[:, feature_columns] = (values - self.mean) / self.std
/Users/pranav/Projects/Professional/College/DS340W/SETCN/train.py:58: FutureWarning: Setting an item of incompatible dtype is deprecated and will raise in a future error of pandas. Value '[-1.2960125  -1.2960125  -1.2960125  ...  0.77159756  0.77159756
  0.77159756]' has dtype incompatible with int64, please explicitly cast to a compatible dtype first.
  transformed.loc[:, feature_columns] = (values - self.mean) / self.std
/Users/pranav/Projects/Professional/College/DS340W/SETCN/train.py:58: FutureWarning: Setting an item of incompatible dtype is deprecated and will raise in a future error of pandas. Value '[-0.53670406 -0.53670406 -0.53670406 ... -0.53670406 -0.53670406
 -0.53670406]' has dtype incompatible with int64, please explicitly cast to a compatible dtype first.
  transformed.loc[:, feature_columns] = (values - self.mean) / self.std
/Users/pranav/Projects/Professional/College/DS340W/SETCN/train.py:58: FutureWarning: Setting an item of incompatible dtype is deprecated and will raise in a future error of pandas. Value '[-0.3259692 -0.3259692 -0.3259692 ... -0.3259692 -0.3259692 -0.3259692]' has dtype incompatible with int64, please explicitly cast to a compatible dtype first.
  transformed.loc[:, feature_columns] = (values - self.mean) / self.std
/Users/pranav/Projects/Professional/College/DS340W/SETCN/train.py:58: FutureWarning: Setting an item of incompatible dtype is deprecated and will raise in a future error of pandas. Value '[ 2.2050483  2.2050483  2.2050483 ... -0.4535049 -0.4535049 -0.4535049]' has dtype incompatible with int64, please explicitly cast to a compatible dtype first.
  transformed.loc[:, feature_columns] = (values - self.mean) / self.std
/Users/pranav/Projects/Professional/College/DS340W/SETCN/train.py:58: FutureWarning: Setting an item of incompatible dtype is deprecated and will raise in a future error of pandas. Value '[-1.2960125  -1.2960125  -1.2960125  ...  0.77159756  0.77159756
  0.77159756]' has dtype incompatible with int64, please explicitly cast to a compatible dtype first.
  transformed.loc[:, feature_columns] = (values - self.mean) / self.std
/Users/pranav/Projects/Professional/College/DS340W/SETCN/train.py:58: FutureWarning: Setting an item of incompatible dtype is deprecated and will raise in a future error of pandas. Value '[ 1.8632246   1.8632246   1.8632246  ... -0.53670406 -0.53670406
 -0.53670406]' has dtype incompatible with int64, please explicitly cast to a compatible dtype first.
  transformed.loc[:, feature_columns] = (values - self.mean) / self.std
/Users/pranav/Projects/Professional/College/DS340W/SETCN/train.py:58: FutureWarning: Setting an item of incompatible dtype is deprecated and will raise in a future error of pandas. Value '[ 3.0677755  3.0677755  3.0677755 ... -0.3259692 -0.3259692 -0.3259692]' has dtype incompatible with int64, please explicitly cast to a compatible dtype first.
  transformed.loc[:, feature_columns] = (values - self.mean) / self.std
/Users/pranav/Projects/Professional/College/DS340W/SETCN/train.py:58: FutureWarning: Setting an item of incompatible dtype is deprecated and will raise in a future error of pandas. Value '[-0.4535049 -0.4535049 -0.4535049 ...  2.2050483  2.2050483  2.2050483]' has dtype incompatible with int64, please explicitly cast to a compatible dtype first.
  transformed.loc[:, feature_columns] = (values - self.mean) / self.std
/Users/pranav/Projects/Professional/College/DS340W/SETCN/train.py:58: FutureWarning: Setting an item of incompatible dtype is deprecated and will raise in a future error of pandas. Value '[-1.2960125  -1.2960125  -1.2960125  ...  0.77159756  0.77159756
  0.77159756]' has dtype incompatible with int64, please explicitly cast to a compatible dtype first.
  transformed.loc[:, feature_columns] = (values - self.mean) / self.std
/Users/pranav/Projects/Professional/College/DS340W/SETCN/train.py:58: FutureWarning: Setting an item of incompatible dtype is deprecated and will raise in a future error of pandas. Value '[-0.53670406 -0.53670406 -0.53670406 ...  1.8632246   1.8632246
  1.8632246 ]' has dtype incompatible with int64, please explicitly cast to a compatible dtype first.
  transformed.loc[:, feature_columns] = (values - self.mean) / self.std
/Users/pranav/Projects/Professional/College/DS340W/SETCN/train.py:58: FutureWarning: Setting an item of incompatible dtype is deprecated and will raise in a future error of pandas. Value '[-0.3259692 -0.3259692 -0.3259692 ...  3.0677755  3.0677755  3.0677755]' has dtype incompatible with int64, please explicitly cast to a compatible dtype first.
  transformed.loc[:, feature_columns] = (values - self.mean) / self.std
/Users/pranav/Projects/Professional/College/DS340W/SETCN/train.py:58: FutureWarning: Setting an item of incompatible dtype is deprecated and will raise in a future error of pandas. Value '[-0.4535049 -0.4535049 -0.4535049 ... -0.4535049 -0.4535049 -0.4535049]' has dtype incompatible with int64, please explicitly cast to a compatible dtype first.
  transformed.loc[:, feature_columns] = (values - self.mean) / self.std
/Users/pranav/Projects/Professional/College/DS340W/SETCN/train.py:58: FutureWarning: Setting an item of incompatible dtype is deprecated and will raise in a future error of pandas. Value '[0.77159756 0.77159756 0.77159756 ... 0.77159756 0.77159756 0.77159756]' has dtype incompatible with int64, please explicitly cast to a compatible dtype first.
  transformed.loc[:, feature_columns] = (values - self.mean) / self.std
/Users/pranav/Projects/Professional/College/DS340W/SETCN/train.py:58: FutureWarning: Setting an item of incompatible dtype is deprecated and will raise in a future error of pandas. Value '[-0.53670406 -0.53670406 -0.53670406 ... -0.53670406 -0.53670406
 -0.53670406]' has dtype incompatible with int64, please explicitly cast to a compatible dtype first.
  transformed.loc[:, feature_columns] = (values - self.mean) / self.std
/Users/pranav/Projects/Professional/College/DS340W/SETCN/train.py:58: FutureWarning: Setting an item of incompatible dtype is deprecated and will raise in a future error of pandas. Value '[-0.3259692 -0.3259692 -0.3259692 ... -0.3259692 -0.3259692 -0.3259692]' has dtype incompatible with int64, please explicitly cast to a compatible dtype first.
  transformed.loc[:, feature_columns] = (values - self.mean) / self.std
/Users/pranav/Projects/Professional/College/DS340W/SETCN/train.py:58: FutureWarning: Setting an item of incompatible dtype is deprecated and will raise in a future error of pandas. Value '[-0.4535049 -0.4535049 -0.4535049 ... -0.4535049 -0.4535049 -0.4535049]' has dtype incompatible with int64, please explicitly cast to a compatible dtype first.
  transformed.loc[:, feature_columns] = (values - self.mean) / self.std
/Users/pranav/Projects/Professional/College/DS340W/SETCN/train.py:58: FutureWarning: Setting an item of incompatible dtype is deprecated and will raise in a future error of pandas. Value '[0.77159756 0.77159756 0.77159756 ... 0.77159756 0.77159756 0.77159756]' has dtype incompatible with int64, please explicitly cast to a compatible dtype first.
  transformed.loc[:, feature_columns] = (values - self.mean) / self.std
/Users/pranav/Projects/Professional/College/DS340W/SETCN/train.py:58: FutureWarning: Setting an item of incompatible dtype is deprecated and will raise in a future error of pandas. Value '[ 1.8632246   1.8632246   1.8632246  ... -0.53670406 -0.53670406
 -0.53670406]' has dtype incompatible with int64, please explicitly cast to a compatible dtype first.
  transformed.loc[:, feature_columns] = (values - self.mean) / self.std
/Users/pranav/Projects/Professional/College/DS340W/SETCN/train.py:58: FutureWarning: Setting an item of incompatible dtype is deprecated and will raise in a future error of pandas. Value '[-0.3259692 -0.3259692 -0.3259692 ... -0.3259692 -0.3259692 -0.3259692]' has dtype incompatible with int64, please explicitly cast to a compatible dtype first.
  transformed.loc[:, feature_columns] = (values - self.mean) / self.std
/Users/pranav/Projects/Professional/College/DS340W/SETCN/train.py:58: FutureWarning: Setting an item of incompatible dtype is deprecated and will raise in a future error of pandas. Value '[-0.4535049 -0.4535049 -0.4535049 ... -0.4535049 -0.4535049 -0.4535049]' has dtype incompatible with int64, please explicitly cast to a compatible dtype first.
  transformed.loc[:, feature_columns] = (values - self.mean) / self.std
/Users/pranav/Projects/Professional/College/DS340W/SETCN/train.py:58: FutureWarning: Setting an item of incompatible dtype is deprecated and will raise in a future error of pandas. Value '[-1.2960125 -1.2960125 -1.2960125 ... -1.2960125 -1.2960125 -1.2960125]' has dtype incompatible with int64, please explicitly cast to a compatible dtype first.
  transformed.loc[:, feature_columns] = (values - self.mean) / self.std
/Users/pranav/Projects/Professional/College/DS340W/SETCN/train.py:58: FutureWarning: Setting an item of incompatible dtype is deprecated and will raise in a future error of pandas. Value '[-0.53670406 -0.53670406 -0.53670406 ... -0.53670406 -0.53670406
 -0.53670406]' has dtype incompatible with int64, please explicitly cast to a compatible dtype first.
  transformed.loc[:, feature_columns] = (values - self.mean) / self.std
/Users/pranav/Projects/Professional/College/DS340W/SETCN/train.py:58: FutureWarning: Setting an item of incompatible dtype is deprecated and will raise in a future error of pandas. Value '[-0.3259692 -0.3259692 -0.3259692 ... -0.3259692 -0.3259692 -0.3259692]' has dtype incompatible with int64, please explicitly cast to a compatible dtype first.
  transformed.loc[:, feature_columns] = (values - self.mean) / self.std
/Users/pranav/Projects/Professional/College/DS340W/SETCN/train.py:58: FutureWarning: Setting an item of incompatible dtype is deprecated and will raise in a future error of pandas. Value '[-0.4535049 -0.4535049 -0.4535049 ...  2.2050483  2.2050483  2.2050483]' has dtype incompatible with int64, please explicitly cast to a compatible dtype first.
  transformed.loc[:, feature_columns] = (values - self.mean) / self.std
/Users/pranav/Projects/Professional/College/DS340W/SETCN/train.py:58: FutureWarning: Setting an item of incompatible dtype is deprecated and will raise in a future error of pandas. Value '[-1.2960125  -1.2960125  -1.2960125  ...  0.77159756  0.77159756
  0.77159756]' has dtype incompatible with int64, please explicitly cast to a compatible dtype first.
  transformed.loc[:, feature_columns] = (values - self.mean) / self.std
/Users/pranav/Projects/Professional/College/DS340W/SETCN/train.py:58: FutureWarning: Setting an item of incompatible dtype is deprecated and will raise in a future error of pandas. Value '[-0.53670406 -0.53670406  1.8632246  ...  1.8632246   1.8632246
  1.8632246 ]' has dtype incompatible with int64, please explicitly cast to a compatible dtype first.
  transformed.loc[:, feature_columns] = (values - self.mean) / self.std
/Users/pranav/Projects/Professional/College/DS340W/SETCN/train.py:58: FutureWarning: Setting an item of incompatible dtype is deprecated and will raise in a future error of pandas. Value '[-0.3259692 -0.3259692 -0.3259692 ... -0.3259692 -0.3259692 -0.3259692]' has dtype incompatible with int64, please explicitly cast to a compatible dtype first.
  transformed.loc[:, feature_columns] = (values - self.mean) / self.std
/Users/pranav/Projects/Professional/College/DS340W/SETCN/train.py:58: FutureWarning: Setting an item of incompatible dtype is deprecated and will raise in a future error of pandas. Value '[-0.4535049 -0.4535049 -0.4535049 ... -0.4535049 -0.4535049 -0.4535049]' has dtype incompatible with int64, please explicitly cast to a compatible dtype first.
  transformed.loc[:, feature_columns] = (values - self.mean) / self.std
/Users/pranav/Projects/Professional/College/DS340W/SETCN/train.py:58: FutureWarning: Setting an item of incompatible dtype is deprecated and will raise in a future error of pandas. Value '[-1.2960125  -1.2960125  -1.2960125  ...  0.77159756  0.77159756
  0.77159756]' has dtype incompatible with int64, please explicitly cast to a compatible dtype first.
  transformed.loc[:, feature_columns] = (values - self.mean) / self.std
/Users/pranav/Projects/Professional/College/DS340W/SETCN/train.py:58: FutureWarning: Setting an item of incompatible dtype is deprecated and will raise in a future error of pandas. Value '[-0.53670406 -0.53670406 -0.53670406 ... -0.53670406 -0.53670406
 -0.53670406]' has dtype incompatible with int64, please explicitly cast to a compatible dtype first.
  transformed.loc[:, feature_columns] = (values - self.mean) / self.std
/Users/pranav/Projects/Professional/College/DS340W/SETCN/train.py:58: FutureWarning: Setting an item of incompatible dtype is deprecated and will raise in a future error of pandas. Value '[-0.3259692 -0.3259692 -0.3259692 ... -0.3259692 -0.3259692 -0.3259692]' has dtype incompatible with int64, please explicitly cast to a compatible dtype first.
  transformed.loc[:, feature_columns] = (values - self.mean) / self.std
/Users/pranav/Projects/Professional/College/DS340W/SETCN/train.py:58: FutureWarning: Setting an item of incompatible dtype is deprecated and will raise in a future error of pandas. Value '[2.2050483 2.2050483 2.2050483 ... 2.2050483 2.2050483 2.2050483]' has dtype incompatible with int64, please explicitly cast to a compatible dtype first.
  transformed.loc[:, feature_columns] = (values - self.mean) / self.std
/Users/pranav/Projects/Professional/College/DS340W/SETCN/train.py:58: FutureWarning: Setting an item of incompatible dtype is deprecated and will raise in a future error of pandas. Value '[-1.2960125  -1.2960125  -1.2960125  ...  0.77159756  0.77159756
  0.77159756]' has dtype incompatible with int64, please explicitly cast to a compatible dtype first.
  transformed.loc[:, feature_columns] = (values - self.mean) / self.std
/Users/pranav/Projects/Professional/College/DS340W/SETCN/train.py:58: FutureWarning: Setting an item of incompatible dtype is deprecated and will raise in a future error of pandas. Value '[1.8632246 1.8632246 1.8632246 ... 1.8632246 1.8632246 1.8632246]' has dtype incompatible with int64, please explicitly cast to a compatible dtype first.
  transformed.loc[:, feature_columns] = (values - self.mean) / self.std
/Users/pranav/Projects/Professional/College/DS340W/SETCN/train.py:58: FutureWarning: Setting an item of incompatible dtype is deprecated and will raise in a future error of pandas. Value '[3.0677755 3.0677755 3.0677755 ... 3.0677755 3.0677755 3.0677755]' has dtype incompatible with int64, please explicitly cast to a compatible dtype first.
  transformed.loc[:, feature_columns] = (values - self.mean) / self.std
/Users/pranav/Projects/Professional/College/DS340W/SETCN/train.py:58: FutureWarning: Setting an item of incompatible dtype is deprecated and will raise in a future error of pandas. Value '[-0.4535049 -0.4535049 -0.4535049 ... -0.4535049 -0.4535049 -0.4535049]' has dtype incompatible with int64, please explicitly cast to a compatible dtype first.
  transformed.loc[:, feature_columns] = (values - self.mean) / self.std
/Users/pranav/Projects/Professional/College/DS340W/SETCN/train.py:58: FutureWarning: Setting an item of incompatible dtype is deprecated and will raise in a future error of pandas. Value '[-1.2960125  -1.2960125  -1.2960125  ...  0.77159756  0.77159756
  0.77159756]' has dtype incompatible with int64, please explicitly cast to a compatible dtype first.
  transformed.loc[:, feature_columns] = (values - self.mean) / self.std
/Users/pranav/Projects/Professional/College/DS340W/SETCN/train.py:58: FutureWarning: Setting an item of incompatible dtype is deprecated and will raise in a future error of pandas. Value '[-0.53670406 -0.53670406 -0.53670406 ... -0.53670406 -0.53670406
 -0.53670406]' has dtype incompatible with int64, please explicitly cast to a compatible dtype first.
  transformed.loc[:, feature_columns] = (values - self.mean) / self.std
/Users/pranav/Projects/Professional/College/DS340W/SETCN/train.py:58: FutureWarning: Setting an item of incompatible dtype is deprecated and will raise in a future error of pandas. Value '[-0.3259692 -0.3259692 -0.3259692 ... -0.3259692 -0.3259692 -0.3259692]' has dtype incompatible with int64, please explicitly cast to a compatible dtype first.
  transformed.loc[:, feature_columns] = (values - self.mean) / self.std
Using directory mode.
Loading train trips...
Loaded 120 train trip CSVs.
Loading validation trips...
Loaded 30 validation trip CSVs.
Loading test trips...
Loaded 50 test trip CSVs.
Validation enabled: True
Train trip count: 120
Val trip count: 30
Test trip count: 50
Train raw rows: 240000
Val raw rows: 60000
Test raw rows: 100000
max_rows_per_trip: 2000
Selected feature columns:
  - gnss_latitude
  - gnss_longitude
  - odometry_articulationAngle
  - odometry_steeringAngle
  - odometry_vehicleSpeed
  - odometry_wheelSpeed_fl
  - odometry_wheelSpeed_fr
  - odometry_wheelSpeed_ml
  - odometry_wheelSpeed_mr
  - odometry_wheelSpeed_rl
  - odometry_wheelSpeed_rr
  - status_doorIsOpen
  - status_gridIsAvailable
  - status_haltBrakeIsActive
  - status_parkBrakeIsActive
  - temperature_ambient
  - traction_brakePressure
  - traction_tractionForce
train: processed trips 1/120 - cumulative windows: 1990
train: processed trips 2/120 - cumulative windows: 3980
train: processed trips 3/120 - cumulative windows: 5970
train: processed trips 4/120 - cumulative windows: 7960
train: processed trips 5/120 - cumulative windows: 9950
train: processed trips 6/120 - cumulative windows: 11940
train: processed trips 7/120 - cumulative windows: 13930
train: processed trips 8/120 - cumulative windows: 15920
train: processed trips 9/120 - cumulative windows: 17910
train: processed trips 10/120 - cumulative windows: 19900
train: processed trips 11/120 - cumulative windows: 21890
train: processed trips 12/120 - cumulative windows: 23880
train: processed trips 13/120 - cumulative windows: 25870
train: processed trips 14/120 - cumulative windows: 27860
train: processed trips 15/120 - cumulative windows: 29850
train: processed trips 16/120 - cumulative windows: 31840
train: processed trips 17/120 - cumulative windows: 33830
train: processed trips 18/120 - cumulative windows: 35820
train: processed trips 19/120 - cumulative windows: 37810
train: processed trips 20/120 - cumulative windows: 39800
train: processed trips 21/120 - cumulative windows: 41790
train: processed trips 22/120 - cumulative windows: 43780
train: processed trips 23/120 - cumulative windows: 45770
train: processed trips 24/120 - cumulative windows: 47760
train: processed trips 25/120 - cumulative windows: 49750
train: processed trips 26/120 - cumulative windows: 51740
train: processed trips 27/120 - cumulative windows: 53730
train: processed trips 28/120 - cumulative windows: 55720
train: processed trips 29/120 - cumulative windows: 57710
train: processed trips 30/120 - cumulative windows: 59700
train: processed trips 31/120 - cumulative windows: 61690
train: processed trips 32/120 - cumulative windows: 63680
train: processed trips 33/120 - cumulative windows: 65670
train: processed trips 34/120 - cumulative windows: 67660
train: processed trips 35/120 - cumulative windows: 69650
train: processed trips 36/120 - cumulative windows: 71640
train: processed trips 37/120 - cumulative windows: 73630
train: processed trips 38/120 - cumulative windows: 75620
train: processed trips 39/120 - cumulative windows: 77610
train: processed trips 40/120 - cumulative windows: 79600
train: processed trips 41/120 - cumulative windows: 81590
train: processed trips 42/120 - cumulative windows: 83580
train: processed trips 43/120 - cumulative windows: 85570
train: processed trips 44/120 - cumulative windows: 87560
train: processed trips 45/120 - cumulative windows: 89550
train: processed trips 46/120 - cumulative windows: 91540
train: processed trips 47/120 - cumulative windows: 93530
train: processed trips 48/120 - cumulative windows: 95520
train: processed trips 49/120 - cumulative windows: 97510
train: processed trips 50/120 - cumulative windows: 99500
train: processed trips 51/120 - cumulative windows: 101490
train: processed trips 52/120 - cumulative windows: 103480
train: processed trips 53/120 - cumulative windows: 105470
train: processed trips 54/120 - cumulative windows: 107460
train: processed trips 55/120 - cumulative windows: 109450
train: processed trips 56/120 - cumulative windows: 111440
train: processed trips 57/120 - cumulative windows: 113430
train: processed trips 58/120 - cumulative windows: 115420
train: processed trips 59/120 - cumulative windows: 117410
train: processed trips 60/120 - cumulative windows: 119400
train: processed trips 61/120 - cumulative windows: 121390
train: processed trips 62/120 - cumulative windows: 123380
train: processed trips 63/120 - cumulative windows: 125370
train: processed trips 64/120 - cumulative windows: 127360
train: processed trips 65/120 - cumulative windows: 129350
train: processed trips 66/120 - cumulative windows: 131340
train: processed trips 67/120 - cumulative windows: 133330
train: processed trips 68/120 - cumulative windows: 135320
train: processed trips 69/120 - cumulative windows: 137310
train: processed trips 70/120 - cumulative windows: 139300
train: processed trips 71/120 - cumulative windows: 141290
train: processed trips 72/120 - cumulative windows: 143280
train: processed trips 73/120 - cumulative windows: 145270
train: processed trips 74/120 - cumulative windows: 147260
train: processed trips 75/120 - cumulative windows: 149250
train: processed trips 76/120 - cumulative windows: 151240
train: processed trips 77/120 - cumulative windows: 153230
train: processed trips 78/120 - cumulative windows: 155220
train: processed trips 79/120 - cumulative windows: 157210
train: processed trips 80/120 - cumulative windows: 159200
train: processed trips 81/120 - cumulative windows: 161190
train: processed trips 82/120 - cumulative windows: 163180
train: processed trips 83/120 - cumulative windows: 165170
train: processed trips 84/120 - cumulative windows: 167160
train: processed trips 85/120 - cumulative windows: 169150
train: processed trips 86/120 - cumulative windows: 171140
train: processed trips 87/120 - cumulative windows: 173130
train: processed trips 88/120 - cumulative windows: 175120
train: processed trips 89/120 - cumulative windows: 177110
train: processed trips 90/120 - cumulative windows: 179100
train: processed trips 91/120 - cumulative windows: 181090
train: processed trips 92/120 - cumulative windows: 183080
train: processed trips 93/120 - cumulative windows: 185070
train: processed trips 94/120 - cumulative windows: 187060
train: processed trips 95/120 - cumulative windows: 189050
train: processed trips 96/120 - cumulative windows: 191040
train: processed trips 97/120 - cumulative windows: 193030
train: processed trips 98/120 - cumulative windows: 195020
train: processed trips 99/120 - cumulative windows: 197010
train: processed trips 100/120 - cumulative windows: 199000
train: processed trips 101/120 - cumulative windows: 200990
train: processed trips 102/120 - cumulative windows: 202980
train: processed trips 103/120 - cumulative windows: 204970
train: processed trips 104/120 - cumulative windows: 206960
train: processed trips 105/120 - cumulative windows: 208950
train: processed trips 106/120 - cumulative windows: 210940
train: processed trips 107/120 - cumulative windows: 212930
train: processed trips 108/120 - cumulative windows: 214920
train: processed trips 109/120 - cumulative windows: 216910
train: processed trips 110/120 - cumulative windows: 218900
train: processed trips 111/120 - cumulative windows: 220890
train: processed trips 112/120 - cumulative windows: 222880
train: processed trips 113/120 - cumulative windows: 224870
train: processed trips 114/120 - cumulative windows: 226860
train: processed trips 115/120 - cumulative windows: 228850
train: processed trips 116/120 - cumulative windows: 230840
train: processed trips 117/120 - cumulative windows: 232830
train: processed trips 118/120 - cumulative windows: 234820
train: processed trips 119/120 - cumulative windows: 236810
train: processed trips 120/120 - cumulative windows: 238800
val: processed trips 1/30 - cumulative windows: 1990
val: processed trips 2/30 - cumulative windows: 3980
val: processed trips 3/30 - cumulative windows: 5970
val: processed trips 4/30 - cumulative windows: 7960
val: processed trips 5/30 - cumulative windows: 9950
/Users/pranav/Projects/Professional/College/DS340W/SETCN/venv/lib/python3.10/site-packages/torch/nn/utils/weight_norm.py:28: UserWarning: torch.nn.utils.weight_norm is deprecated in favor of torch.nn.utils.parametrizations.weight_norm.
  warnings.warn("torch.nn.utils.weight_norm is deprecated in favor of torch.nn.utils.parametrizations.weight_norm.")
val: processed trips 6/30 - cumulative windows: 11940
val: processed trips 7/30 - cumulative windows: 13930
val: processed trips 8/30 - cumulative windows: 15920
val: processed trips 9/30 - cumulative windows: 17910
val: processed trips 10/30 - cumulative windows: 19900
val: processed trips 11/30 - cumulative windows: 21890
val: processed trips 12/30 - cumulative windows: 23880
val: processed trips 13/30 - cumulative windows: 25870
val: processed trips 14/30 - cumulative windows: 27860
val: processed trips 15/30 - cumulative windows: 29850
val: processed trips 16/30 - cumulative windows: 31840
val: processed trips 17/30 - cumulative windows: 33830
val: processed trips 18/30 - cumulative windows: 35820
val: processed trips 19/30 - cumulative windows: 37810
val: processed trips 20/30 - cumulative windows: 39800
val: processed trips 21/30 - cumulative windows: 41790
val: processed trips 22/30 - cumulative windows: 43780
val: processed trips 23/30 - cumulative windows: 45770
val: processed trips 24/30 - cumulative windows: 47760
val: processed trips 25/30 - cumulative windows: 49750
val: processed trips 26/30 - cumulative windows: 51740
val: processed trips 27/30 - cumulative windows: 53730
val: processed trips 28/30 - cumulative windows: 55720
val: processed trips 29/30 - cumulative windows: 57710
val: processed trips 30/30 - cumulative windows: 59700
test: processed trips 1/50 - cumulative windows: 1990
test: processed trips 2/50 - cumulative windows: 3980
test: processed trips 3/50 - cumulative windows: 5970
test: processed trips 4/50 - cumulative windows: 7960
test: processed trips 5/50 - cumulative windows: 9950
test: processed trips 6/50 - cumulative windows: 11940
test: processed trips 7/50 - cumulative windows: 13930
test: processed trips 8/50 - cumulative windows: 15920
test: processed trips 9/50 - cumulative windows: 17910
test: processed trips 10/50 - cumulative windows: 19900
test: processed trips 11/50 - cumulative windows: 21890
test: processed trips 12/50 - cumulative windows: 23880
test: processed trips 13/50 - cumulative windows: 25870
test: processed trips 14/50 - cumulative windows: 27860
test: processed trips 15/50 - cumulative windows: 29850
test: processed trips 16/50 - cumulative windows: 31840
test: processed trips 17/50 - cumulative windows: 33830
test: processed trips 18/50 - cumulative windows: 35820
test: processed trips 19/50 - cumulative windows: 37810
test: processed trips 20/50 - cumulative windows: 39800
test: processed trips 21/50 - cumulative windows: 41790
test: processed trips 22/50 - cumulative windows: 43780
test: processed trips 23/50 - cumulative windows: 45770
test: processed trips 24/50 - cumulative windows: 47760
test: processed trips 25/50 - cumulative windows: 49750
test: processed trips 26/50 - cumulative windows: 51740
test: processed trips 27/50 - cumulative windows: 53730
test: processed trips 28/50 - cumulative windows: 55720
test: processed trips 29/50 - cumulative windows: 57710
test: processed trips 30/50 - cumulative windows: 59700
test: processed trips 31/50 - cumulative windows: 61690
test: processed trips 32/50 - cumulative windows: 63680
test: processed trips 33/50 - cumulative windows: 65670
test: processed trips 34/50 - cumulative windows: 67660
test: processed trips 35/50 - cumulative windows: 69650
test: processed trips 36/50 - cumulative windows: 71640
test: processed trips 37/50 - cumulative windows: 73630
test: processed trips 38/50 - cumulative windows: 75620
test: processed trips 39/50 - cumulative windows: 77610
test: processed trips 40/50 - cumulative windows: 79600
test: processed trips 41/50 - cumulative windows: 81590
test: processed trips 42/50 - cumulative windows: 83580
test: processed trips 43/50 - cumulative windows: 85570
test: processed trips 44/50 - cumulative windows: 87560
test: processed trips 45/50 - cumulative windows: 89550
test: processed trips 46/50 - cumulative windows: 91540
test: processed trips 47/50 - cumulative windows: 93530
test: processed trips 48/50 - cumulative windows: 95520
test: processed trips 49/50 - cumulative windows: 97510
test: processed trips 50/50 - cumulative windows: 99500
Final train window count: 238800
Final val window count: 59700
Final test window count: 99500
Using date column: time_unix
  batch 500/3732 - running_train_mae: 42609.803012
  batch 1000/3732 - running_train_mae: 41783.238676
  batch 1500/3732 - running_train_mae: 41242.636335
  batch 2000/3732 - running_train_mae: 40764.288512
  batch 2500/3732 - running_train_mae: 40124.000030
  batch 3000/3732 - running_train_mae: 39401.107512
  batch 3500/3732 - running_train_mae: 38811.674200
Epoch 1/10 - train_mae: 38481.271991 - val_mae: 34167.936496
  batch 500/3732 - running_train_mae: 33093.808176
  batch 1000/3732 - running_train_mae: 32813.407168
  batch 1500/3732 - running_train_mae: 32641.488544
  batch 2000/3732 - running_train_mae: 32319.801702
  batch 2500/3732 - running_train_mae: 32158.305675
  batch 3000/3732 - running_train_mae: 31985.211107
  batch 3500/3732 - running_train_mae: 31808.414484
Epoch 2/10 - train_mae: 31693.725518 - val_mae: 30390.186492
  batch 500/3732 - running_train_mae: 30575.698680
  batch 1000/3732 - running_train_mae: 30361.892246
  batch 1500/3732 - running_train_mae: 30364.821240
  batch 2000/3732 - running_train_mae: 30120.868665
  batch 2500/3732 - running_train_mae: 30002.483804
  batch 3000/3732 - running_train_mae: 29938.450396
  batch 3500/3732 - running_train_mae: 29790.601874
Epoch 3/10 - train_mae: 29727.753866 - val_mae: 28944.079941
  batch 500/3732 - running_train_mae: 28709.978031
  batch 1000/3732 - running_train_mae: 28842.117803
  batch 1500/3732 - running_train_mae: 28763.274964
  batch 2000/3732 - running_train_mae: 28784.133045
  batch 2500/3732 - running_train_mae: 28759.124566
  batch 3000/3732 - running_train_mae: 28680.399946
  batch 3500/3732 - running_train_mae: 28620.337440
Epoch 4/10 - train_mae: 28579.556887 - val_mae: 27900.386442
  batch 500/3732 - running_train_mae: 27939.293352
  batch 1000/3732 - running_train_mae: 28177.488191
  batch 1500/3732 - running_train_mae: 28389.406520
  batch 2000/3732 - running_train_mae: 28478.801222
  batch 2500/3732 - running_train_mae: 28525.315471
  batch 3000/3732 - running_train_mae: 28506.468894
  batch 3500/3732 - running_train_mae: 28431.791413
Epoch 5/10 - train_mae: 28398.690060 - val_mae: 27648.966232
  batch 500/3732 - running_train_mae: 27691.491635
  batch 1000/3732 - running_train_mae: 27539.551356
  batch 1500/3732 - running_train_mae: 27461.596066
  batch 2000/3732 - running_train_mae: 27446.154484
  batch 2500/3732 - running_train_mae: 27410.167292
  batch 3000/3732 - running_train_mae: 27319.626002
  batch 3500/3732 - running_train_mae: 27313.692635
Epoch 6/10 - train_mae: 27273.752967 - val_mae: 27145.294633
  batch 500/3732 - running_train_mae: 26464.591461
  batch 1000/3732 - running_train_mae: 26621.386734
  batch 1500/3732 - running_train_mae: 26557.094997
  batch 2000/3732 - running_train_mae: 26520.445030
  batch 2500/3732 - running_train_mae: 26458.375107
  batch 3000/3732 - running_train_mae: 26442.286066
  batch 3500/3732 - running_train_mae: 26449.761683
Epoch 7/10 - train_mae: 26435.222345 - val_mae: 26060.453518
  batch 500/3732 - running_train_mae: 25995.206441
  batch 1000/3732 - running_train_mae: 25835.545841
  batch 1500/3732 - running_train_mae: 25933.152756
  batch 2000/3732 - running_train_mae: 25921.107324
  batch 2500/3732 - running_train_mae: 25911.687950
  batch 3000/3732 - running_train_mae: 25915.105454
  batch 3500/3732 - running_train_mae: 25932.966038
Epoch 8/10 - train_mae: 25916.705434 - val_mae: 25360.066410
  batch 500/3732 - running_train_mae: 25793.797348
  batch 1000/3732 - running_train_mae: 25688.771424
  batch 1500/3732 - running_train_mae: 25572.847273
  batch 2000/3732 - running_train_mae: 25473.417894
  batch 2500/3732 - running_train_mae: 25377.436142
  batch 3000/3732 - running_train_mae: 25385.160075
  batch 3500/3732 - running_train_mae: 25416.707603
Epoch 9/10 - train_mae: 25420.434138 - val_mae: 25414.511569
  batch 500/3732 - running_train_mae: 24690.569947
  batch 1000/3732 - running_train_mae: 24692.089398
  batch 1500/3732 - running_train_mae: 24849.819279
  batch 2000/3732 - running_train_mae: 24911.593661
  batch 2500/3732 - running_train_mae: 24993.044629
  batch 3000/3732 - running_train_mae: 25002.168984
  batch 3500/3732 - running_train_mae: 25066.488625
Epoch 10/10 - train_mae: 25099.399984 - val_mae: 24824.422957
Loaded best validation checkpoint from outputs/sparse2x_setcn_10ep/best_model.pt
Test MAE: 24645.710938
Test RMSE: 38852.679688
Test MAPE: 871.480179
Saved test predictions to outputs/sparse2x_setcn_10ep/test_predictions.csv
Saved metrics to outputs/sparse2x_setcn_10ep/metrics.json
Saved run config to outputs/sparse2x_setcn_10ep/run_config.json
Saved best checkpoint to outputs/sparse2x_setcn_10ep/best_model.pt
